#include <SysConfig.h>
#include <typedef.h>

 const uint16 C5[128] = 
{
0x0402,0x0403,0x201a,0x0453,0x201e,0x2026,0x2020,0x2021,
0x20ac,0x2030,0x0409,0x2039,0x040a,0x040c,0x040b,0x040f,
0x0452,0x2018,0x2019,0x201c,0x201d,0x2022,0x2013,0x2014,
0x0000,0x2122,0x0459,0x203a,0x045a,0x045c,0x045b,0x045f,
0x00a0,0x040e,0x045e,0x0408,0x00a4,0x0490,0x00a6,0x00a7,
0x0401,0x00a9,0x0404,0x00ab,0x00ac,0x00ad,0x00ae,0x0407,
0x00b0,0x00b1,0x0406,0x0456,0x0491,0x00b5,0x00b6,0x00b7,
0x0451,0x2116,0x0454,0x00bb,0x0458,0x0405,0x0455,0x0457,
0x0410,0x0411,0x0412,0x0413,0x0414,0x0415,0x0416,0x0417,
0x0418,0x0419,0x041a,0x041b,0x041c,0x041d,0x041e,0x041f,
0x0420,0x0421,0x0422,0x0423,0x0424,0x0425,0x0426,0x0427,
0x0428,0x0429,0x042a,0x042b,0x042c,0x042d,0x042e,0x042f,
0x0430,0x0431,0x0432,0x0433,0x0434,0x0435,0x0436,0x0437,
0x0438,0x0439,0x043a,0x043b,0x043c,0x043d,0x043e,0x043f,
0x0440,0x0441,0x0442,0x0443,0x0444,0x0445,0x0446,0x0447,
0x0448,0x0449,0x044a,0x044b,0x044c,0x044d,0x044e,0x044f,};

 const uint16 C3[128] = {
0x0000,0x0000,0x0000,0x0000,0x0000,0x0000,0x0000,0x0000,   //  0x87
0x0000,0x0000,0x0000,0x0000,0x0000,0x0000,0x0000,0x0000,   //  0x8f
0x0000,0x0000,0x0000,0x0000,0x0000,0x0000,0x0000,0x0000,   //  0x97,
0x0000,0x0000,0x0000,0x0000,0x0000,0x0000,0x0000,0x0000,   //  0x9f
0x0000,0xFF61,0xFF62,0xFF63,0xFF64,0xFF65,0xFF66,0xFF67,   //  0xa7
0xFF68,0xFF69,0xFF6A,0xFF6B,0xFF6C,0xFF6D,0xFF6E,0xFF6F,   //  0xaf
0xFF70,0xFF71,0xFF72,0xFF73,0xFF74,0xFF75,0xFF76,0xFF77,   //  0xb7
0xFF78,0xFF79,0xFF7A,0xFF7B,0xFF7C,0xFF7D,0xFF7E,0xFF7F,   //  0xbf
0xFF80,0xFF81,0xFF82,0xFF83,0xFF84,0xFF85,0xFF86,0xFF87,   //  0xc7
0xFF88,0xFF89,0xFF8A,0xFF8B,0xFF8C,0xFF8D,0xFF8E,0xFF8F,   //  0xcf
0xFF90,0xFF91,0xFF92,0xFF93,0xFF94,0xFF95,0xFF96,0xFF97,   //  0xd7
0xFF98,0xFF99,0xFF9A,0xFF9B,0xFF9C,0xFF9D,0xFF9E,0xFF9F,   //  0xdf
0x0000,0x0000,0x0000,0x0000,0x0000,0x0000,0x0000,0x0000,   //  0xe7
0x0000,0x0000,0x0000,0x0000,0x0000,0x0000,0x0000,0x0000,   //  0xef
0x0000,0x0000,0x0000,0x0000,0x0000,0x0000,0x0000,0x0000,   //  0xf7
0x0000,0x0000,0x0000,0x0000,0x0000,0x0000,0x0000,0x0000};  //  0xff

 const uint16 C21[]= { 
0x3000,0x3001,0x3002,//	33090 [8142] 
0xff0c,0xff0e,0x30fb,0xff1a,0xff1b,0xff1f,0xff01,0x309b,0x309c,0x00b4,//	33100 [814c] 
0xff40,0x00a8,0xff3e,0xffe3,0xff3f,0x30fd,0x30fe,0x309d,0x309e,0x3003,//	33110 [8156] 
0x4edd,0x3005,0x3006,0x3007,0x30fc,0x2015,0x2010,0xff0f,0xff3c,0xff5e,//	33120 [8160] 
0x2225,0xff5c,0x2026,0x2025,0x2018,0x2019,0x201c,0x201d,0xff08,0xff09,//	33130 [816a] 
0x3014,0x3015,0xff3b,0xff3d,0xff5b,0xff5d,0x3008,0x3009,0x300a,0x300b,//	33140 [8174] 
0x300c,0x300d,0x300e,0x300f,0x3010,0x3011,0xff0b,0xff0d,0x00b1,0x00d7,//	33150 [817e] 
0x0000,0x00f7,0xff1d,0x2260,0xff1c,0xff1e,0x2266,0x2267,0x221e,0x2234,//	33160 [8188] 
0x2642,0x2640,0x00b0,0x2032,0x2033,0x2103,0xffe5,0xff04,0xffe0,0xffe1,//	33170 [8192] 
0xff05,0xff03,0xff06,0xff0a,0xff20,0x00a7,0x2606,0x2605,0x25cb,0x25cf,//	33180 [819c] 
0x25ce,0x25c7,0x25c6,0x25a1,0x25a0,0x25b3,0x25b2,0x25bd,0x25bc,0x203b,//	33190 [81a6] 
0x3012,0x2192,0x2190,0x2191,0x2193,0x3013,0x0000,0x0000,0x0000,0x0000,//	33200 [81b0] 
0x0000,0x0000,0x0000,0x0000,0x0000,0x0000,0x0000,0x2208,0x220b,0x2286,//	33210 [81ba] 
0x2287,0x2282,0x2283,0x0000,0x0000,0x0000,0x0000,0x0000,0x0000,0x0000,//	33220 [81c4] 
0x0000,0x0000,0x0000,0x2227,0x2228,0xffe2,0x21d2,0x21d4,0x2200,0x2203,//	33230 [81ce] 
0x0000,0x0000,0x0000,0x0000,0x0000,0x0000,0x0000,0x0000,0x0000,0x0000,//	33240 [81d8] 
0x0000,0x0000,0x0000,0x2312,0x2202,0x2207,0x0000,0x0000,0x226a,0x226b,//	33250 [81e2] 
0x0000,0x223d,0x221d,0x0000,0x0000,0x222c,0x0000,0x0000,0x0000,0x0000,//	33260 [81ec] 
0x0000,0x0000,0x0000,0x212b,0x2030,0x266f,0x266d,0x266a,0x2020,0x2021,//	33270 [81f6] 
0x00b6,0x0000,0x0000,0x0000,0x0000,0x25ef,0x0000,0x0000,0x0000,0x0000,//	33280 [8200] 
0x0000,0x0000,0x0000,0x0000,0x0000,0x0000,0x0000,0x0000,0x0000,0x0000,//	33290 [820a] 
0x0000,0x0000,0x0000,0x0000,0x0000,0x0000,0x0000,0x0000,0x0000,0x0000,//	33300 [8214] 
0x0000,0x0000,0x0000,0x0000,0x0000,0x0000,0x0000,0x0000,0x0000,0x0000,//	33310 [821e] 
0x0000,0x0000,0x0000,0x0000,0x0000,0x0000,0x0000,0x0000,0x0000,0x0000,//	33320 [8228] 
0x0000,0x0000,0x0000,0x0000,0x0000,0x0000,0x0000,0x0000,0x0000,0x0000,//	33330 [8232] 
0x0000,0x0000,0x0000,0x0000,0x0000,0x0000,0x0000,0x0000,0x0000,0x0000,//	33340 [823c] 
0x0000,0x0000,0x0000,0x0000,0x0000,0x0000,0x0000,0x0000,0x0000,0x0000,//	33350 [8246] 
0x0000,0x0000,0x0000,0x0000,0x0000,0x0000,0x0000,0x0000,0xff10,0xff11,//	33360 [8250] 
0xff12,0xff13,0xff14,0xff15,0xff16,0xff17,0xff18,0xff19,0x0000,0x0000,//	33370 [825a] 
0x0000,0x0000,0x0000,0x0000,0x0000,0xff21,0xff22,0xff23,0xff24,0xff25,//	33380 [8264] 
0xff26,0xff27,0xff28,0xff29,0xff2a,0xff2b,0xff2c,0xff2d,0xff2e,0xff2f,//	33390 [826e] 
0xff30,0xff31,0xff32,0xff33,0xff34,0xff35,0xff36,0xff37,0xff38,0xff39,//	33400 [8278] 
0xff3a,0x0000,0x0000,0x0000,0x0000,0x0000,0x0000,0x0000,0xff41,0xff42,//	33410 [8282] 
0xff43,0xff44,0xff45,0xff46,0xff47,0xff48,0xff49,0xff4a,0xff4b,0xff4c,//	33420 [828c] 
0xff4d,0xff4e,0xff4f,0xff50,0xff51,0xff52,0xff53,0xff54,0xff55,0xff56,//	33430 [8296] 
0xff57,0xff58,0xff59,0xff5a,0x0000,0x0000,0x0000,0x0000,0x3041,0x3042,//	33440 [82a0] 
0x3043,0x3044,0x3045,0x3046,0x3047,0x3048,0x3049,0x304a,0x304b,0x304c,//	33450 [82aa] 
0x304d,0x304e,0x304f,0x3050,0x3051,0x3052,0x3053,0x3054,0x3055,0x3056,//	33460 [82b4] 
0x3057,0x3058,0x3059,0x305a,0x305b,0x305c,0x305d,0x305e,0x305f,0x3060,//	33470 [82be] 
0x3061,0x3062,0x3063,0x3064,0x3065,0x3066,0x3067,0x3068,0x3069,0x306a,//	33480 [82c8] 
0x306b,0x306c,0x306d,0x306e,0x306f,0x3070,0x3071,0x3072,0x3073,0x3074,//	33490 [82d2] 
0x3075,0x3076,0x3077,0x3078,0x3079,0x307a,0x307b,0x307c,0x307d,0x307e,//	33500 [82dc] 
0x307f,0x3080,0x3081,0x3082,0x3083,0x3084,0x3085,0x3086,0x3087,0x3088,//	33510 [82e6] 
0x3089,0x308a,0x308b,0x308c,0x308d,0x308e,0x308f,0x3090,0x3091,0x3092,//	33520 [82f0] 
0x3093,0x0000,0x0000,0x0000,0x0000,0x0000,0x0000,0x0000,0x0000,0x0000,//	33530 [82fa] 
0x0000,0x0000,0x0000,0x0000,0x0000,0x0000,0x0000,0x0000,0x0000,0x0000,//	33540 [8304] 
0x0000,0x0000,0x0000,0x0000,0x0000,0x0000,0x0000,0x0000,0x0000,0x0000,//	33550 [830e] 
0x0000,0x0000,0x0000,0x0000,0x0000,0x0000,0x0000,0x0000,0x0000,0x0000,//	33560 [8318] 
0x0000,0x0000,0x0000,0x0000,0x0000,0x0000,0x0000,0x0000,0x0000,0x0000,//	33570 [8322] 
0x0000,0x0000,0x0000,0x0000,0x0000,0x0000,0x0000,0x0000,0x0000,0x0000,//	33580 [832c] 
0x0000,0x0000,0x0000,0x0000,0x0000,0x0000,0x0000,0x0000,0x0000,0x0000,//	33590 [8336] 
0x0000,0x0000,0x0000,0x0000,0x0000,0x0000,0x0000,0x0000,0x0000,0x30a1,//	33600 [8340] 
0x30a2,0x30a3,0x30a4,0x30a5,0x30a6,0x30a7,0x30a8,0x30a9,0x30aa,0x30ab,//	33610 [834a] 
0x30ac,0x30ad,0x30ae,0x30af,0x30b0,0x30b1,0x30b2,0x30b3,0x30b4,0x30b5,//	33620 [8354] 
0x30b6,0x30b7,0x30b8,0x30b9,0x30ba,0x30bb,0x30bc,0x30bd,0x30be,0x30bf,//	33630 [835e] 
0x30c0,0x30c1,0x30c2,0x30c3,0x30c4,0x30c5,0x30c6,0x30c7,0x30c8,0x30c9,//	33640 [8368] 
0x30ca,0x30cb,0x30cc,0x30cd,0x30ce,0x30cf,0x30d0,0x30d1,0x30d2,0x30d3,//	33650 [8372] 
0x30d4,0x30d5,0x30d6,0x30d7,0x30d8,0x30d9,0x30da,0x30db,0x30dc,0x30dd,//	33660 [837c] 
0x30de,0x30df,0x0000,0x30e0,0x30e1,0x30e2,0x30e3,0x30e4,0x30e5,0x30e6,//	33670 [8386] 
0x30e7,0x30e8,0x30e9,0x30ea,0x30eb,0x30ec,0x30ed,0x30ee,0x30ef,0x30f0,//	33680 [8390] 
0x30f1,0x30f2,0x30f3,0x30f4,0x30f5,0x30f6,0x0000,0x0000,0x0000,0x0000,//	33690 [839a] 
0x0000,0x0000,0x0000,0x0000,0x0391,0x0392,0x0393,0x0394,0x0395,0x0396,//	33700 [83a4] 
0x0397,0x0398,0x0399,0x039a,0x039b,0x039c,0x039d,0x039e,0x039f,0x03a0,//	33710 [83ae] 
0x03a1,0x03a3,0x03a4,0x03a5,0x03a6,0x03a7,0x03a8,0x03a9,0x0000,0x0000,//	33720 [83b8] 
0x0000,0x0000,0x0000,0x0000,0x0000,0x0000,0x03b1,0x03b2,0x03b3,0x03b4,//	33730 [83c2] 
0x03b5,0x03b6,0x03b7,0x03b8,0x03b9,0x03ba,0x03bb,0x03bc,0x03bd,0x03be,//	33740 [83cc] 
0x03bf,0x03c0,0x03c1,0x03c3,0x03c4,0x03c5,0x03c6,0x03c7,0x03c8,0x03c9,//	33750 [83d6] 
0x0000,0x0000,0x0000,0x0000,0x0000,0x0000,0x0000,0x0000,0x0000,0x0000,//	33760 [83e0] 
0x0000,0x0000,0x0000,0x0000,0x0000,0x0000,0x0000,0x0000,0x0000,0x0000,//	33770 [83ea] 
0x0000,0x0000,0x0000,0x0000,0x0000,0x0000,0x0000,0x0000,0x0000,0x0000,//	33780 [83f4] 
0x0000,0x0000,0x0000,0x0000,0x0000,0x0000,0x0000,0x0000,0x0000,0x0000,//	33790 [83fe] 
0x0000,0x0000,0x0000,0x0000,0x0000,0x0000,0x0000,0x0000,0x0000,0x0000,//	33800 [8408] 
0x0000,0x0000,0x0000,0x0000,0x0000,0x0000,0x0000,0x0000,0x0000,0x0000,//	33810 [8412] 
0x0000,0x0000,0x0000,0x0000,0x0000,0x0000,0x0000,0x0000,0x0000,0x0000,//	33820 [841c] 
0x0000,0x0000,0x0000,0x0000,0x0000,0x0000,0x0000,0x0000,0x0000,0x0000,//	33830 [8426] 
0x0000,0x0000,0x0000,0x0000,0x0000,0x0000,0x0000,0x0000,0x0000,0x0000,//	33840 [8430] 
0x0000,0x0000,0x0000,0x0000,0x0000,0x0000,0x0000,0x0000,0x0000,0x0000,//	33850 [843a] 
0x0000,0x0000,0x0000,0x0000,0x0000,0x0410,0x0411,0x0412,0x0413,0x0414,//	33860 [8444] 
0x0415,0x0401,0x0416,0x0417,0x0418,0x0419,0x041a,0x041b,0x041c,0x041d,//	33870 [844e] 
0x041e,0x041f,0x0420,0x0421,0x0422,0x0423,0x0424,0x0425,0x0426,0x0427,//	33880 [8458] 
0x0428,0x0429,0x042a,0x042b,0x042c,0x042d,0x042e,0x042f,0x0000,0x0000,//	33890 [8462] 
0x0000,0x0000,0x0000,0x0000,0x0000,0x0000,0x0000,0x0000,0x0000,0x0000,//	33900 [846c] 
0x0000,0x0000,0x0000,0x0430,0x0431,0x0432,0x0433,0x0434,0x0435,0x0451,//	33910 [8476] 
0x0436,0x0437,0x0438,0x0439,0x043a,0x043b,0x043c,0x043d,0x0000,0x043e,//	33920 [8480] 
0x043f,0x0440,0x0441,0x0442,0x0443,0x0444,0x0445,0x0446,0x0447,0x0448,//	33930 [848a] 
0x0449,0x044a,0x044b,0x044c,0x044d,0x044e,0x044f,0x0000,0x0000,0x0000,//	33940 [8494] 
0x0000,0x0000,0x0000,0x0000,0x0000,0x0000,0x0000,0x0000,0x0000,0x0000,//	33950 [849e] 
0x2500,0x2502,0x250c,0x2510,0x2518,0x2514,0x251c,0x252c,0x2524,0x2534,//	33960 [84a8] 
0x253c,0x2501,0x2503,0x250f,0x2513,0x251b,0x2517,0x2523,0x2533,0x252b,//	33970 [84b2] 
0x253b,0x254b,0x2520,0x252f,0x2528,0x2537,0x253f,0x251d,0x2530,0x2525,//	33980 [84bc] 
0x2538,0x2542,0x0000,0x0000,0x0000,0x0000,0x0000,0x0000,0x0000,0x0000,//	33990 [84c6] 
0x0000,0x0000,0x0000,0x0000,0x0000,0x0000,0x0000,0x0000,0x0000,0x0000,//	34000 [84d0] 
0x0000,0x0000,0x0000,0x0000,0x0000,0x0000,0x0000,0x0000,0x0000,0x0000,//	34010 [84da] 
0x0000,0x0000,0x0000,0x0000,0x0000,0x0000,0x0000,0x0000,0x0000,0x0000,//	34020 [84e4] 
0x0000,0x0000,0x0000,0x0000,0x0000,0x0000,0x0000,0x0000,0x0000,0x0000,//	34030 [84ee] 
0x0000,0x0000,0x0000,0x0000,0x0000,0x0000,0x0000,0x0000,0x0000,0x0000,//	34040 [84f8] 
0x0000,0x0000,0x0000,0x0000,0x0000,0x0000,0x0000,0x0000,0x0000,0x0000,//	34050 [8502] 
0x0000,0x0000,0x0000,0x0000,0x0000,0x0000,0x0000,0x0000,0x0000,0x0000,//	34060 [850c] 
0x0000,0x0000,0x0000,0x0000,0x0000,0x0000,0x0000,0x0000,0x0000,0x0000,//	34070 [8516] 
0x0000,0x0000,0x0000,0x0000,0x0000,0x0000,0x0000,0x0000,0x0000,0x0000,//	34080 [8520] 
0x0000,0x0000,0x0000,0x0000,0x0000,0x0000,0x0000,0x0000,0x0000,0x0000,//	34090 [852a] 
0x0000,0x0000,0x0000,0x0000,0x0000,0x0000,0x0000,0x0000,0x0000,0x0000,//	34100 [8534] 
0x0000,0x0000,0x0000,0x0000,0x0000,0x0000,0x0000,0x0000,0x0000,0x0000,//	34110 [853e] 
0x0000,0x0000,0x0000,0x0000,0x0000,0x0000,0x0000,0x0000,0x0000,0x0000,//	34120 [8548] 
0x0000,0x0000,0x0000,0x0000,0x0000,0x0000,0x0000,0x0000,0x0000,0x0000,//	34130 [8552] 
0x0000,0x0000,0x0000,0x0000,0x0000,0x0000,0x0000,0x0000,0x0000,0x0000,//	34140 [855c] 
0x0000,0x0000,0x0000,0x0000,0x0000,0x0000,0x0000,0x0000,0x0000,0x0000,//	34150 [8566] 
0x0000,0x0000,0x0000,0x0000,0x0000,0x0000,0x0000,0x0000,0x0000,0x0000,//	34160 [8570] 
0x0000,0x0000,0x0000,0x0000,0x0000,0x0000,0x0000,0x0000,0x0000,0x0000,//	34170 [857a] 
0x0000,0x0000,0x0000,0x0000,0x0000,0x0000,0x0000,0x0000,0x0000,0x0000,//	34180 [8584] 
0x0000,0x0000,0x0000,0x0000,0x0000,0x0000,0x0000,0x0000,0x0000,0x0000,//	34190 [858e] 
0x0000,0x0000,0x0000,0x0000,0x0000,0x0000,0x0000,0x0000,0x0000,0x0000,//	34200 [8598] 
0x0000,0x0000,0x0000,0x0000,0x0000,0x0000,0x0000,0x0000,0x0000,0x0000,//	34210 [85a2] 
0x0000,0x0000,0x0000,0x0000,0x0000,0x0000,0x0000,0x0000,0x0000,0x0000,//	34220 [85ac] 
0x0000,0x0000,0x0000,0x0000,0x0000,0x0000,0x0000,0x0000,0x0000,0x0000,//	34230 [85b6] 
0x0000,0x0000,0x0000,0x0000,0x0000,0x0000,0x0000,0x0000,0x0000,0x0000,//	34240 [85c0] 
0x0000,0x0000,0x0000,0x0000,0x0000,0x0000,0x0000,0x0000,0x0000,0x0000,//	34250 [85ca] 
0x0000,0x0000,0x0000,0x0000,0x0000,0x0000,0x0000,0x0000,0x0000,0x0000,//	34260 [85d4] 
0x0000,0x0000,0x0000,0x0000,0x0000,0x0000,0x0000,0x0000,0x0000,0x0000,//	34270 [85de] 
0x0000,0x0000,0x0000,0x0000,0x0000,0x0000,0x0000,0x0000,0x0000,0x0000,//	34280 [85e8] 
0x0000,0x0000,0x0000,0x0000,0x0000,0x0000,0x0000,0x0000,0x0000,0x0000,//	34290 [85f2] 
0x0000,0x0000,0x0000,0x0000,0x0000,0x0000,0x0000,0x0000,0x0000,0x0000,//	34300 [85fc] 
0x0000,0x0000,0x0000,0x0000,0x0000,0x0000,0x0000,0x0000,0x0000,0x0000,//	34310 [8606] 
0x0000,0x0000,0x0000,0x0000,0x0000,0x0000,0x0000,0x0000,0x0000,0x0000,//	34320 [8610] 
0x0000,0x0000,0x0000,0x0000,0x0000,0x0000,0x0000,0x0000,0x0000,0x0000,//	34330 [861a] 
0x0000,0x0000,0x0000,0x0000,0x0000,0x0000,0x0000,0x0000,0x0000,0x0000,//	34340 [8624] 
0x0000,0x0000,0x0000,0x0000,0x0000,0x0000,0x0000,0x0000,0x0000,0x0000,//	34350 [862e] 
0x0000,0x0000,0x0000,0x0000,0x0000,0x0000,0x0000,0x0000,0x0000,0x0000,//	34360 [8638] 
0x0000,0x0000,0x0000,0x0000,0x0000,0x0000,0x0000,0x0000,0x0000,0x0000,//	34370 [8642] 
0x0000,0x0000,0x0000,0x0000,0x0000,0x0000,0x0000,0x0000,0x0000,0x0000,//	34380 [864c] 
0x0000,0x0000,0x0000,0x0000,0x0000,0x0000,0x0000,0x0000,0x0000,0x0000,//	34390 [8656] 
0x0000,0x0000,0x0000,0x0000,0x0000,0x0000,0x0000,0x0000,0x0000,0x0000,//	34400 [8660] 
0x0000,0x0000,0x0000,0x0000,0x0000,0x0000,0x0000,0x0000,0x0000,0x0000,//	34410 [866a] 
0x0000,0x0000,0x0000,0x0000,0x0000,0x0000,0x0000,0x0000,0x0000,0x0000,//	34420 [8674] 
0x0000,0x0000,0x0000,0x0000,0x0000,0x0000,0x0000,0x0000,0x0000,0x0000,//	34430 [867e] 
0x0000,0x0000,0x0000,0x0000,0x0000,0x0000,0x0000,0x0000,0x0000,0x0000,//	34440 [8688] 
0x0000,0x0000,0x0000,0x0000,0x0000,0x0000,0x0000,0x0000,0x0000,0x0000,//	34450 [8692] 
0x0000,0x0000,0x0000,0x0000,0x0000,0x0000,0x0000,0x0000,0x0000,0x0000,//	34460 [869c] 
0x0000,0x0000,0x0000,0x0000,0x0000,0x0000,0x0000,0x0000,0x0000,0x0000,//	34470 [86a6] 
0x0000,0x0000,0x0000,0x0000,0x0000,0x0000,0x0000,0x0000,0x0000,0x0000,//	34480 [86b0] 
0x0000,0x0000,0x0000,0x0000,0x0000,0x0000,0x0000,0x0000,0x0000,0x0000,//	34490 [86ba] 
0x0000,0x0000,0x0000,0x0000,0x0000,0x0000,0x0000,0x0000,0x0000,0x0000,//	34500 [86c4] 
0x0000,0x0000,0x0000,0x0000,0x0000,0x0000,0x0000,0x0000,0x0000,0x0000,//	34510 [86ce] 
0x0000,0x0000,0x0000,0x0000,0x0000,0x0000,0x0000,0x0000,0x0000,0x0000,//	34520 [86d8] 
0x0000,0x0000,0x0000,0x0000,0x0000,0x0000,0x0000,0x0000,0x0000,0x0000,//	34530 [86e2] 
0x0000,0x0000,0x0000,0x0000,0x0000,0x0000,0x0000,0x0000,0x0000,0x0000,//	34540 [86ec] 
0x0000,0x0000,0x0000,0x0000,0x0000,0x0000,0x0000,0x0000,0x0000,0x0000,//	34550 [86f6] 
0x0000,0x0000,0x0000,0x0000,0x0000,0x0000,0x0000,0x0000,0x0000,0x0000,//	34560 [8700] 
0x0000,0x0000,0x0000,0x0000,0x0000,0x0000,0x0000,0x0000,0x0000,0x0000,//	34570 [870a] 
0x0000,0x0000,0x0000,0x0000,0x0000,0x0000,0x0000,0x0000,0x0000,0x0000,//	34580 [8714] 
0x0000,0x0000,0x0000,0x0000,0x0000,0x0000,0x0000,0x0000,0x0000,0x0000,//	34590 [871e] 
0x0000,0x0000,0x0000,0x0000,0x0000,0x0000,0x0000,0x0000,0x0000,0x0000,//	34600 [8728] 
0x0000,0x0000,0x0000,0x0000,0x0000,0x0000,0x0000,0x0000,0x0000,0x0000,//	34610 [8732] 
0x0000,0x0000,0x0000,0x0000,0x0000,0x0000,0x0000,0x0000,0x0000,0x0000,//	34620 [873c] 
0x0000,0x0000,0x0000,0x2460,0x2461,0x2462,0x2463,0x2464,0x2465,0x2466,//	34630 [8746] 
0x2467,0x2468,0x2469,0x246a,0x246b,0x246c,0x246d,0x246e,0x246f,0x2470,//	34640 [8750] 
0x2471,0x2472,0x2473,0x2160,0x2161,0x2162,0x2163,0x2164,0x2165,0x2166,//	34650 [875a] 
0x2167,0x2168,0x2169,0x0000,0x3349,0x3314,0x3322,0x334d,0x3318,0x3327,//	34660 [8764] 
0x3303,0x3336,0x3351,0x3357,0x330d,0x3326,0x3323,0x332b,0x334a,0x333b,//	34670 [876e] 
0x339c,0x339d,0x339e,0x338e,0x338f,0x33c4,0x33a1,0x0000,0x0000,0x0000,//	34680 [8778] 
0x0000,0x0000,0x0000,0x0000,0x0000,0x337b,0x0000,0x301d,0x301f,0x2116,//	34690 [8782] 
0x33cd,0x2121,0x32a4,0x32a5,0x32a6,0x32a7,0x32a8,0x3231,0x3232,0x3239,//	34700 [878c] 
0x337e,0x337d,0x337c,0x2252,0x2261,0x222b,0x222e,0x2211,0x221a,0x22a5,//	34710 [8796] 
0x2220,0x221f,0x22bf,0x2235,0x2229,0x222a,0x0000,0x0000,0x0000,0x0000,//	34720 [87a0] 
0x0000,0x0000,0x0000,0x0000,0x0000,0x0000,0x0000,0x0000,0x0000,0x0000,//	34730 [87aa] 
0x0000,0x0000,0x0000,0x0000,0x0000,0x0000,0x0000,0x0000,0x0000,0x0000,//	34740 [87b4] 
0x0000,0x0000,0x0000,0x0000,0x0000,0x0000,0x0000,0x0000,0x0000,0x0000,//	34750 [87be] 
0x0000,0x0000,0x0000,0x0000,0x0000,0x0000,0x0000,0x0000,0x0000,0x0000,//	34760 [87c8] 
0x0000,0x0000,0x0000,0x0000,0x0000,0x0000,0x0000,0x0000,0x0000,0x0000,//	34770 [87d2] 
0x0000,0x0000,0x0000,0x0000,0x0000,0x0000,0x0000,0x0000,0x0000,0x0000,//	34780 [87dc] 
0x0000,0x0000,0x0000,0x0000,0x0000,0x0000,0x0000,0x0000,0x0000,0x0000,//	34790 [87e6] 
0x0000,0x0000,0x0000,0x0000,0x0000,0x0000,0x0000,0x0000,0x0000,0x0000,//	34800 [87f0] 
0x0000,0x0000,0x0000,0x0000,0x0000,0x0000,0x0000,0x0000,0x0000,0x0000,//	34810 [87fa] 
0x0000,0x0000,0x0000,0x0000,0x0000,0x0000,0x0000,0x0000,0x0000,0x0000,//	34820 [8804] 
0x0000,0x0000,0x0000,0x0000,0x0000,0x0000,0x0000,0x0000,0x0000,0x0000,//	34830 [880e] 
0x0000,0x0000,0x0000,0x0000,0x0000,0x0000,0x0000,0x0000,0x0000,0x0000,//	34840 [8818] 
0x0000,0x0000,0x0000,0x0000,0x0000,0x0000,0x0000,0x0000,0x0000,0x0000,//	34850 [8822] 
0x0000,0x0000,0x0000,0x0000,0x0000,0x0000,0x0000,0x0000,0x0000,0x0000,//	34860 [882c] 
0x0000,0x0000,0x0000,0x0000,0x0000,0x0000,0x0000,0x0000,0x0000,0x0000,//	34870 [8836] 
0x0000,0x0000,0x0000,0x0000,0x0000,0x0000,0x0000,0x0000,0x0000,0x0000,//	34880 [8840] 
0x0000,0x0000,0x0000,0x0000,0x0000,0x0000,0x0000,0x0000,0x0000,0x0000,//	34890 [884a] 
0x0000,0x0000,0x0000,0x0000,0x0000,0x0000,0x0000,0x0000,0x0000,0x0000,//	34900 [8854] 
0x0000,0x0000,0x0000,0x0000,0x0000,0x0000,0x0000,0x0000,0x0000,0x0000,//	34910 [885e] 
0x0000,0x0000,0x0000,0x0000,0x0000,0x0000,0x0000,0x0000,0x0000,0x0000,//	34920 [8868] 
0x0000,0x0000,0x0000,0x0000,0x0000,0x0000,0x0000,0x0000,0x0000,0x0000,//	34930 [8872] 
0x0000,0x0000,0x0000,0x0000,0x0000,0x0000,0x0000,0x0000,0x0000,0x0000,//	34940 [887c] 
0x0000,0x0000,0x0000,0x0000,0x0000,0x0000,0x0000,0x0000,0x0000,0x0000,//	34950 [8886] 
0x0000,0x0000,0x0000,0x0000,0x0000,0x0000,0x0000,0x0000,0x0000,0x0000,//	34960 [8890] 
0x0000,0x0000,0x0000,0x0000,0x0000,0x0000,0x0000,0x0000,0x0000,0x0000,//	34970 [889a] 
0x0000,0x0000,0x0000,0x0000,0x4e9c,0x5516,0x5a03,0x963f,0x54c0,0x611b,//	34980 [88a4] 
0x6328,0x59f6,0x9022,0x8475,0x831c,0x7a50,0x60aa,0x63e1,0x6e25,0x65ed,//	34990 [88ae] 
0x8466,0x82a6,0x9bf5,0x6893,0x5727,0x65a1,0x6271,0x5b9b,0x59d0,0x867b,//	35000 [88b8] 
0x98f4,0x7d62,0x7dbe,0x9b8e,0x6216,0x7c9f,0x88b7,0x5b89,0x5eb5,0x6309,//	35010 [88c2] 
0x6697,0x6848,0x95c7,0x978d,0x674f,0x4ee5,0x4f0a,0x4f4d,0x4f9d,0x5049,//	35020 [88cc] 
0x56f2,0x5937,0x59d4,0x5a01,0x5c09,0x60df,0x610f,0x6170,0x6613,0x6905,//	35030 [88d6] 
0x70ba,0x754f,0x7570,0x79fb,0x7dad,0x7def,0x80c3,0x840e,0x8863,0x8b02,//	35040 [88e0] 
0x9055,0x907a,0x533b,0x4e95,0x4ea5,0x57df,0x80b2,0x90c1,0x78ef,0x4e00,//	35050 [88ea] 
0x58f1,0x6ea2,0x9038,0x7a32,0x8328,0x828b,0x9c2f,0x5141,0x5370,0x54bd,//	35060 [88f4] 
0x54e1,0x56e0,0x59fb,0x5f15,0x98f2,0x6deb,0x80e4,0x852d,0x0000,0x0000,//	35070 [88fe] 
0x0000,0x0000,0x0000,0x0000,0x0000,0x0000,0x0000,0x0000,0x0000,0x0000,//	35080 [8908] 
0x0000,0x0000,0x0000,0x0000,0x0000,0x0000,0x0000,0x0000,0x0000,0x0000,//	35090 [8912] 
0x0000,0x0000,0x0000,0x0000,0x0000,0x0000,0x0000,0x0000,0x0000,0x0000,//	35100 [891c] 
0x0000,0x0000,0x0000,0x0000,0x0000,0x0000,0x0000,0x0000,0x0000,0x0000,//	35110 [8926] 
0x0000,0x0000,0x0000,0x0000,0x0000,0x0000,0x0000,0x0000,0x0000,0x0000,//	35120 [8930] 
0x0000,0x0000,0x0000,0x0000,0x0000,0x0000,0x0000,0x0000,0x0000,0x0000,//	35130 [893a] 
0x0000,0x0000,0x0000,0x0000,0x0000,0x9662,0x9670,0x96a0,0x97fb,0x540b,//	35140 [8944] 
0x53f3,0x5b87,0x70cf,0x7fbd,0x8fc2,0x96e8,0x536f,0x9d5c,0x7aba,0x4e11,//	35150 [894e] 
0x7893,0x81fc,0x6e26,0x5618,0x5504,0x6b1d,0x851a,0x9c3b,0x59e5,0x53a9,//	35160 [8958] 
0x6d66,0x74dc,0x958f,0x5642,0x4e91,0x904b,0x96f2,0x834f,0x990c,0x53e1,//	35170 [8962] 
0x55b6,0x5b30,0x5f71,0x6620,0x66f3,0x6804,0x6c38,0x6cf3,0x6d29,0x745b,//	35180 [896c] 
0x76c8,0x7a4e,0x9834,0x82f1,0x885b,0x8a60,0x92ed,0x6db2,0x75ab,0x76ca,//	35190 [8976] 
0x99c5,0x60a6,0x8b01,0x8d8a,0x95b2,0x698e,0x53ad,0x5186,0x0000,0x5712,//	35200 [8980] 
0x5830,0x5944,0x5bb4,0x5ef6,0x6028,0x63a9,0x63f4,0x6cbf,0x6f14,0x708e,//	35210 [898a] 
0x7114,0x7159,0x71d5,0x733f,0x7e01,0x8276,0x82d1,0x8597,0x9060,0x925b,//	35220 [8994] 
0x9d1b,0x5869,0x65bc,0x6c5a,0x7525,0x51f9,0x592e,0x5965,0x5f80,0x5fdc,//	35230 [899e] 
0x62bc,0x65fa,0x6a2a,0x6b27,0x6bb4,0x738b,0x7fc1,0x8956,0x9d2c,0x9d0e,//	35240 [89a8] 
0x9ec4,0x5ca1,0x6c96,0x837b,0x5104,0x5c4b,0x61b6,0x81c6,0x6876,0x7261,//	35250 [89b2] 
0x4e59,0x4ffa,0x5378,0x6069,0x6e29,0x7a4f,0x97f3,0x4e0b,0x5316,0x4eee,//	35260 [89bc] 
0x4f55,0x4f3d,0x4fa1,0x4f73,0x52a0,0x53ef,0x5609,0x590f,0x5ac1,0x5bb6,//	35270 [89c6] 
0x5be1,0x79d1,0x6687,0x679c,0x67b6,0x6b4c,0x6cb3,0x706b,0x73c2,0x798d,//	35280 [89d0] 
0x79be,0x7a3c,0x7b87,0x82b1,0x82db,0x8304,0x8377,0x83ef,0x83d3,0x8766,//	35290 [89da] 
0x8ab2,0x5629,0x8ca8,0x8fe6,0x904e,0x971e,0x868a,0x4fc4,0x5ce8,0x6211,//	35300 [89e4] 
0x7259,0x753b,0x81e5,0x82bd,0x86fe,0x8cc0,0x96c5,0x9913,0x99d5,0x4ecb,//	35310 [89ee] 
0x4f1a,0x89e3,0x56de,0x584a,0x58ca,0x5efb,0x5feb,0x602a,0x6094,0x6062,//	35320 [89f8] 
0x61d0,0x6212,0x62d0,0x6539,0x0000,0x0000,0x0000,0x0000,0x0000,0x0000,//	35330 [8a02] 
0x0000,0x0000,0x0000,0x0000,0x0000,0x0000,0x0000,0x0000,0x0000,0x0000,//	35340 [8a0c] 
0x0000,0x0000,0x0000,0x0000,0x0000,0x0000,0x0000,0x0000,0x0000,0x0000,//	35350 [8a16] 
0x0000,0x0000,0x0000,0x0000,0x0000,0x0000,0x0000,0x0000,0x0000,0x0000,//	35360 [8a20] 
0x0000,0x0000,0x0000,0x0000,0x0000,0x0000,0x0000,0x0000,0x0000,0x0000,//	35370 [8a2a] 
0x0000,0x0000,0x0000,0x0000,0x0000,0x0000,0x0000,0x0000,0x0000,0x0000,//	35380 [8a34] 
0x0000,0x0000,0x0000,0x0000,0x0000,0x0000,0x0000,0x0000,0x0000,0x0000,//	35390 [8a3e] 
0x0000,0x9b41,0x6666,0x68b0,0x6d77,0x7070,0x754c,0x7686,0x7d75,0x82a5,//	35400 [8a48] 
0x87f9,0x958b,0x968e,0x8c9d,0x51f1,0x52be,0x5916,0x54b3,0x5bb3,0x5d16,//	35410 [8a52] 
0x6168,0x6982,0x6daf,0x788d,0x84cb,0x8857,0x8a72,0x93a7,0x9ab8,0x6d6c,//	35420 [8a5c] 
0x99a8,0x86d9,0x57a3,0x67ff,0x86ce,0x920e,0x5283,0x5687,0x5404,0x5ed3,//	35430 [8a66] 
0x62e1,0x64b9,0x683c,0x6838,0x6bbb,0x7372,0x78ba,0x7a6b,0x899a,0x89d2,//	35440 [8a70] 
0x8d6b,0x8f03,0x90ed,0x95a3,0x9694,0x9769,0x5b66,0x5cb3,0x697d,0x984d,//	35450 [8a7a] 
0x984e,0x639b,0x7b20,0x6a2b,0x0000,0x6a7f,0x68b6,0x9c0d,0x6f5f,0x5272,//	35460 [8a84] 
0x559d,0x6070,0x62ec,0x6d3b,0x6e07,0x6ed1,0x845b,0x8910,0x8f44,0x4e14,//	35470 [8a8e] 
0x9c39,0x53f6,0x691b,0x6a3a,0x9784,0x682a,0x515c,0x7ac3,0x84b2,0x91dc,//	35480 [8a98] 
0x938c,0x565b,0x9d28,0x6822,0x8305,0x8431,0x7ca5,0x5208,0x82c5,0x74e6,//	35490 [8aa2] 
0x4e7e,0x4f83,0x51a0,0x5bd2,0x520a,0x52d8,0x52e7,0x5dfb,0x559a,0x582a,//	35500 [8aac] 
0x59e6,0x5b8c,0x5b98,0x5bdb,0x5e72,0x5e79,0x60a3,0x611f,0x6163,0x61be,//	35510 [8ab6] 
0x63db,0x6562,0x67d1,0x6853,0x68fa,0x6b3e,0x6b53,0x6c57,0x6f22,0x6f97,//	35520 [8ac0] 
0x6f45,0x74b0,0x7518,0x76e3,0x770b,0x7aff,0x7ba1,0x7c21,0x7de9,0x7f36,//	35530 [8aca] 
0x7ff0,0x809d,0x8266,0x839e,0x89b3,0x8acc,0x8cab,0x9084,0x9451,0x9593,//	35540 [8ad4] 
0x9591,0x95a2,0x9665,0x97d3,0x9928,0x8218,0x4e38,0x542b,0x5cb8,0x5dcc,//	35550 [8ade] 
0x73a9,0x764c,0x773c,0x5ca9,0x7feb,0x8d0b,0x96c1,0x9811,0x9854,0x9858,//	35560 [8ae8] 
0x4f01,0x4f0e,0x5371,0x559c,0x5668,0x57fa,0x5947,0x5b09,0x5bc4,0x5c90,//	35570 [8af2] 
0x5e0c,0x5e7e,0x5fcc,0x63ee,0x673a,0x65d7,0x65e2,0x671f,0x68cb,0x68c4,//	35580 [8afc] 
0x0000,0x0000,0x0000,0x0000,0x0000,0x0000,0x0000,0x0000,0x0000,0x0000,//	35590 [8b06] 
0x0000,0x0000,0x0000,0x0000,0x0000,0x0000,0x0000,0x0000,0x0000,0x0000,//	35600 [8b10] 
0x0000,0x0000,0x0000,0x0000,0x0000,0x0000,0x0000,0x0000,0x0000,0x0000,//	35610 [8b1a] 
0x0000,0x0000,0x0000,0x0000,0x0000,0x0000,0x0000,0x0000,0x0000,0x0000,//	35620 [8b24] 
0x0000,0x0000,0x0000,0x0000,0x0000,0x0000,0x0000,0x0000,0x0000,0x0000,//	35630 [8b2e] 
0x0000,0x0000,0x0000,0x0000,0x0000,0x0000,0x0000,0x0000,0x0000,0x0000,//	35640 [8b38] 
0x0000,0x0000,0x0000,0x0000,0x0000,0x0000,0x0000,0x6a5f,0x5e30,0x6bc5,//	35650 [8b42] 
0x6c17,0x6c7d,0x757f,0x7948,0x5b63,0x7a00,0x7d00,0x5fbd,0x898f,0x8a18,//	35660 [8b4c] 
0x8cb4,0x8d77,0x8ecc,0x8f1d,0x98e2,0x9a0e,0x9b3c,0x4e80,0x507d,0x5100,//	35670 [8b56] 
0x5993,0x5b9c,0x622f,0x6280,0x64ec,0x6b3a,0x72a0,0x7591,0x7947,0x7fa9,//	35680 [8b60] 
0x87fb,0x8abc,0x8b70,0x63ac,0x83ca,0x97a0,0x5409,0x5403,0x55ab,0x6854,//	35690 [8b6a] 
0x6a58,0x8a70,0x7827,0x6775,0x9ecd,0x5374,0x5ba2,0x811a,0x8650,0x9006,//	35700 [8b74] 
0x4e18,0x4e45,0x4ec7,0x4f11,0x53ca,0x5438,0x5bae,0x5f13,0x6025,0x6551,//	35710 [8b7e] 
0x0000,0x673d,0x6c42,0x6c72,0x6ce3,0x7078,0x7403,0x7a76,0x7aae,0x7b08,//	35720 [8b88] 
0x7d1a,0x7cfe,0x7d66,0x65e7,0x725b,0x53bb,0x5c45,0x5de8,0x62d2,0x62e0,//	35730 [8b92] 
0x6319,0x6e20,0x865a,0x8a31,0x8ddd,0x92f8,0x6f01,0x79a6,0x9b5a,0x4ea8,//	35740 [8b9c] 
0x4eab,0x4eac,0x4f9b,0x4fa0,0x50d1,0x5147,0x7af6,0x5171,0x51f6,0x5354,//	35750 [8ba6] 
0x5321,0x537f,0x53eb,0x55ac,0x5883,0x5ce1,0x5f37,0x5f4a,0x602f,0x6050,//	35760 [8bb0] 
0x606d,0x631f,0x6559,0x6a4b,0x6cc1,0x72c2,0x72ed,0x77ef,0x80f8,0x8105,//	35770 [8bba] 
0x8208,0x854e,0x90f7,0x93e1,0x97ff,0x9957,0x9a5a,0x4ef0,0x51dd,0x5c2d,//	35780 [8bc4] 
0x6681,0x696d,0x5c40,0x66f2,0x6975,0x7389,0x6850,0x7c81,0x50c5,0x52e4,//	35790 [8bce] 
0x5747,0x5dfe,0x9326,0x65a4,0x6b23,0x6b3d,0x7434,0x7981,0x79bd,0x7b4b,//	35800 [8bd8] 
0x7dca,0x82b9,0x83cc,0x887f,0x895f,0x8b39,0x8fd1,0x91d1,0x541f,0x9280,//	35810 [8be2] 
0x4e5d,0x5036,0x53e5,0x533a,0x72d7,0x7396,0x77e9,0x82e6,0x8eaf,0x99c6,//	35820 [8bec] 
0x99c8,0x99d2,0x5177,0x611a,0x865e,0x55b0,0x7a7a,0x5076,0x5bd3,0x9047,//	35830 [8bf6] 
0x9685,0x4e32,0x6adb,0x91e7,0x5c51,0x5c48,0x0000,0x0000,0x0000,0x0000,//	35840 [8c00] 
0x0000,0x0000,0x0000,0x0000,0x0000,0x0000,0x0000,0x0000,0x0000,0x0000,//	35850 [8c0a] 
0x0000,0x0000,0x0000,0x0000,0x0000,0x0000,0x0000,0x0000,0x0000,0x0000,//	35860 [8c14] 
0x0000,0x0000,0x0000,0x0000,0x0000,0x0000,0x0000,0x0000,0x0000,0x0000,//	35870 [8c1e] 
0x0000,0x0000,0x0000,0x0000,0x0000,0x0000,0x0000,0x0000,0x0000,0x0000,//	35880 [8c28] 
0x0000,0x0000,0x0000,0x0000,0x0000,0x0000,0x0000,0x0000,0x0000,0x0000,//	35890 [8c32] 
0x0000,0x0000,0x0000,0x0000,0x0000,0x0000,0x0000,0x0000,0x0000,0x0000,//	35900 [8c3c] 
0x0000,0x0000,0x0000,0x6398,0x7a9f,0x6c93,0x9774,0x8f61,0x7aaa,0x718a,//	35910 [8c46] 
0x9688,0x7c82,0x6817,0x7e70,0x6851,0x936c,0x52f2,0x541b,0x85ab,0x8a13,//	35920 [8c50] 
0x7fa4,0x8ecd,0x90e1,0x5366,0x8888,0x7941,0x4fc2,0x50be,0x5211,0x5144,//	35930 [8c5a] 
0x5553,0x572d,0x73ea,0x578b,0x5951,0x5f62,0x5f84,0x6075,0x6176,0x6167,//	35940 [8c64] 
0x61a9,0x63b2,0x643a,0x656c,0x666f,0x6842,0x6e13,0x7566,0x7a3d,0x7cfb,//	35950 [8c6e] 
0x7d4c,0x7d99,0x7e4b,0x7f6b,0x830e,0x834a,0x86cd,0x8a08,0x8a63,0x8b66,//	35960 [8c78] 
0x8efd,0x981a,0x9d8f,0x82b8,0x8fce,0x9be8,0x0000,0x5287,0x621f,0x6483,//	35970 [8c82] 
0x6fc0,0x9699,0x6841,0x5091,0x6b20,0x6c7a,0x6f54,0x7a74,0x7d50,0x8840,//	35980 [8c8c] 
0x8a23,0x6708,0x4ef6,0x5039,0x5026,0x5065,0x517c,0x5238,0x5263,0x55a7,//	35990 [8c96] 
0x570f,0x5805,0x5acc,0x5efa,0x61b2,0x61f8,0x62f3,0x6372,0x691c,0x6a29,//	36000 [8ca0] 
0x727d,0x72ac,0x732e,0x7814,0x786f,0x7d79,0x770c,0x80a9,0x898b,0x8b19,//	36010 [8caa] 
0x8ce2,0x8ed2,0x9063,0x9375,0x967a,0x9855,0x9a13,0x9e78,0x5143,0x539f,//	36020 [8cb4] 
0x53b3,0x5e7b,0x5f26,0x6e1b,0x6e90,0x7384,0x73fe,0x7d43,0x8237,0x8a00,//	36030 [8cbe] 
0x8afa,0x9650,0x4e4e,0x500b,0x53e4,0x547c,0x56fa,0x59d1,0x5b64,0x5df1,//	36040 [8cc8] 
0x5eab,0x5f27,0x6238,0x6545,0x67af,0x6e56,0x72d0,0x7cca,0x88b4,0x80a1,//	36050 [8cd2] 
0x80e1,0x83f0,0x864e,0x8a87,0x8de8,0x9237,0x96c7,0x9867,0x9f13,0x4e94,//	36060 [8cdc] 
0x4e92,0x4f0d,0x5348,0x5449,0x543e,0x5a2f,0x5f8c,0x5fa1,0x609f,0x68a7,//	36070 [8ce6] 
0x6a8e,0x745a,0x7881,0x8a9e,0x8aa4,0x8b77,0x9190,0x4e5e,0x9bc9,0x4ea4,//	36080 [8cf0] 
0x4f7c,0x4faf,0x5019,0x5016,0x5149,0x516c,0x529f,0x52b9,0x52fe,0x539a,//	36090 [8cfa] 
0x53e3,0x5411,0x0000,0x0000,0x0000,0x0000,0x0000,0x0000,0x0000,0x0000,//	36100 [8d04] 
0x0000,0x0000,0x0000,0x0000,0x0000,0x0000,0x0000,0x0000,0x0000,0x0000,//	36110 [8d0e] 
0x0000,0x0000,0x0000,0x0000,0x0000,0x0000,0x0000,0x0000,0x0000,0x0000,//	36120 [8d18] 
0x0000,0x0000,0x0000,0x0000,0x0000,0x0000,0x0000,0x0000,0x0000,0x0000,//	36130 [8d22] 
0x0000,0x0000,0x0000,0x0000,0x0000,0x0000,0x0000,0x0000,0x0000,0x0000,//	36140 [8d2c] 
0x0000,0x0000,0x0000,0x0000,0x0000,0x0000,0x0000,0x0000,0x0000,0x0000,//	36150 [8d36] 
0x0000,0x0000,0x0000,0x0000,0x0000,0x0000,0x0000,0x0000,0x0000,0x540e,//	36160 [8d40] 
0x5589,0x5751,0x57a2,0x597d,0x5b54,0x5b5d,0x5b8f,0x5de5,0x5de7,0x5df7,//	36170 [8d4a] 
0x5e78,0x5e83,0x5e9a,0x5eb7,0x5f18,0x6052,0x614c,0x6297,0x62d8,0x63a7,//	36180 [8d54] 
0x653b,0x6602,0x6643,0x66f4,0x676d,0x6821,0x6897,0x69cb,0x6c5f,0x6d2a,//	36190 [8d5e] 
0x6d69,0x6e2f,0x6e9d,0x7532,0x7687,0x786c,0x7a3f,0x7ce0,0x7d05,0x7d18,//	36200 [8d68] 
0x7d5e,0x7db1,0x8015,0x8003,0x80af,0x80b1,0x8154,0x818f,0x822a,0x8352,//	36210 [8d72] 
0x884c,0x8861,0x8b1b,0x8ca2,0x8cfc,0x90ca,0x9175,0x9271,0x783f,0x92fc,//	36220 [8d7c] 
0x95a4,0x964d,0x0000,0x9805,0x9999,0x9ad8,0x9d3b,0x525b,0x52ab,0x53f7,//	36230 [8d86] 
0x5408,0x58d5,0x62f7,0x6fe0,0x8c6a,0x8f5f,0x9eb9,0x514b,0x523b,0x544a,//	36240 [8d90] 
0x56fd,0x7a40,0x9177,0x9d60,0x9ed2,0x7344,0x6f09,0x8170,0x7511,0x5ffd,//	36250 [8d9a] 
0x60da,0x9aa8,0x72db,0x8fbc,0x6b64,0x9803,0x4eca,0x56f0,0x5764,0x58be,//	36260 [8da4] 
0x5a5a,0x6068,0x61c7,0x660f,0x6606,0x6839,0x68b1,0x6df7,0x75d5,0x7d3a,//	36270 [8dae] 
0x826e,0x9b42,0x4e9b,0x4f50,0x53c9,0x5506,0x5d6f,0x5de6,0x5dee,0x67fb,//	36280 [8db8] 
0x6c99,0x7473,0x7802,0x8a50,0x9396,0x88df,0x5750,0x5ea7,0x632b,0x50b5,//	36290 [8dc2] 
0x50ac,0x518d,0x6700,0x54c9,0x585e,0x59bb,0x5bb0,0x5f69,0x624d,0x63a1,//	36300 [8dcc] 
0x683d,0x6b73,0x6e08,0x707d,0x91c7,0x7280,0x7815,0x7826,0x796d,0x658e,//	36310 [8dd6] 
0x7d30,0x83dc,0x88c1,0x8f09,0x969b,0x5264,0x5728,0x6750,0x7f6a,0x8ca1,//	36320 [8de0] 
0x51b4,0x5742,0x962a,0x583a,0x698a,0x80b4,0x54b2,0x5d0e,0x57fc,0x7895,//	36330 [8dea] 
0x9dfa,0x4f5c,0x524a,0x548b,0x643e,0x6628,0x6714,0x67f5,0x7a84,0x7b56,//	36340 [8df4] 
0x7d22,0x932f,0x685c,0x9bad,0x7b39,0x5319,0x518a,0x5237,0x0000,0x0000,//	36350 [8dfe] 
0x0000,0x0000,0x0000,0x0000,0x0000,0x0000,0x0000,0x0000,0x0000,0x0000,//	36360 [8e08] 
0x0000,0x0000,0x0000,0x0000,0x0000,0x0000,0x0000,0x0000,0x0000,0x0000,//	36370 [8e12] 
0x0000,0x0000,0x0000,0x0000,0x0000,0x0000,0x0000,0x0000,0x0000,0x0000,//	36380 [8e1c] 
0x0000,0x0000,0x0000,0x0000,0x0000,0x0000,0x0000,0x0000,0x0000,0x0000,//	36390 [8e26] 
0x0000,0x0000,0x0000,0x0000,0x0000,0x0000,0x0000,0x0000,0x0000,0x0000,//	36400 [8e30] 
0x0000,0x0000,0x0000,0x0000,0x0000,0x0000,0x0000,0x0000,0x0000,0x0000,//	36410 [8e3a] 
0x0000,0x0000,0x0000,0x0000,0x0000,0x5bdf,0x62f6,0x64ae,0x64e6,0x672d,//	36420 [8e44] 
0x6bba,0x85a9,0x96d1,0x7690,0x9bd6,0x634c,0x9306,0x9bab,0x76bf,0x6652,//	36430 [8e4e] 
0x4e09,0x5098,0x53c2,0x5c71,0x60e8,0x6492,0x6563,0x685f,0x71e6,0x73ca,//	36440 [8e58] 
0x7523,0x7b97,0x7e82,0x8695,0x8b83,0x8cdb,0x9178,0x9910,0x65ac,0x66ab,//	36450 [8e62] 
0x6b8b,0x4ed5,0x4ed4,0x4f3a,0x4f7f,0x523a,0x53f8,0x53f2,0x55e3,0x56db,//	36460 [8e6c] 
0x58eb,0x59cb,0x59c9,0x59ff,0x5b50,0x5c4d,0x5e02,0x5e2b,0x5fd7,0x601d,//	36470 [8e76] 
0x6307,0x652f,0x5b5c,0x65af,0x65bd,0x65e8,0x679d,0x6b62,0x0000,0x6b7b,//	36480 [8e80] 
0x6c0f,0x7345,0x7949,0x79c1,0x7cf8,0x7d19,0x7d2b,0x80a2,0x8102,0x81f3,//	36490 [8e8a] 
0x8996,0x8a5e,0x8a69,0x8a66,0x8a8c,0x8aee,0x8cc7,0x8cdc,0x96cc,0x98fc,//	36500 [8e94] 
0x6b6f,0x4e8b,0x4f3c,0x4f8d,0x5150,0x5b57,0x5bfa,0x6148,0x6301,0x6642,//	36510 [8e9e] 
0x6b21,0x6ecb,0x6cbb,0x723e,0x74bd,0x75d4,0x78c1,0x793a,0x800c,0x8033,//	36520 [8ea8] 
0x81ea,0x8494,0x8f9e,0x6c50,0x9e7f,0x5f0f,0x8b58,0x9d2b,0x7afa,0x8ef8,//	36530 [8eb2] 
0x5b8d,0x96eb,0x4e03,0x53f1,0x57f7,0x5931,0x5ac9,0x5ba4,0x6089,0x6e7f,//	36540 [8ebc] 
0x6f06,0x75be,0x8cea,0x5b9f,0x8500,0x7be0,0x5072,0x67f4,0x829d,0x5c61,//	36550 [8ec6] 
0x854a,0x7e1e,0x820e,0x5199,0x5c04,0x6368,0x8d66,0x659c,0x716e,0x793e,//	36560 [8ed0] 
0x7d17,0x8005,0x8b1d,0x8eca,0x906e,0x86c7,0x90aa,0x501f,0x52fa,0x5c3a,//	36570 [8eda] 
0x6753,0x707c,0x7235,0x914c,0x91c8,0x932b,0x82e5,0x5bc2,0x5f31,0x60f9,//	36580 [8ee4] 
0x4e3b,0x53d6,0x5b88,0x624b,0x6731,0x6b8a,0x72e9,0x73e0,0x7a2e,0x816b,//	36590 [8eee] 
0x8da3,0x9152,0x9996,0x5112,0x53d7,0x546a,0x5bff,0x6388,0x6a39,0x7dac,//	36600 [8ef8] 
0x9700,0x56da,0x53ce,0x5468,0x0000,0x0000,0x0000,0x0000,0x0000,0x0000,//	36610 [8f02] 
0x0000,0x0000,0x0000,0x0000,0x0000,0x0000,0x0000,0x0000,0x0000,0x0000,//	36620 [8f0c] 
0x0000,0x0000,0x0000,0x0000,0x0000,0x0000,0x0000,0x0000,0x0000,0x0000,//	36630 [8f16] 
0x0000,0x0000,0x0000,0x0000,0x0000,0x0000,0x0000,0x0000,0x0000,0x0000,//	36640 [8f20] 
0x0000,0x0000,0x0000,0x0000,0x0000,0x0000,0x0000,0x0000,0x0000,0x0000,//	36650 [8f2a] 
0x0000,0x0000,0x0000,0x0000,0x0000,0x0000,0x0000,0x0000,0x0000,0x0000,//	36660 [8f34] 
0x0000,0x0000,0x0000,0x0000,0x0000,0x0000,0x0000,0x0000,0x0000,0x0000,//	36670 [8f3e] 
0x0000,0x5b97,0x5c31,0x5dde,0x4fee,0x6101,0x62fe,0x6d32,0x79c0,0x79cb,//	36680 [8f48] 
0x7d42,0x7e4d,0x7fd2,0x81ed,0x821f,0x8490,0x8846,0x8972,0x8b90,0x8e74,//	36690 [8f52] 
0x8f2f,0x9031,0x914b,0x916c,0x96c6,0x919c,0x4ec0,0x4f4f,0x5145,0x5341,//	36700 [8f5c] 
0x5f93,0x620e,0x67d4,0x6c41,0x6e0b,0x7363,0x7e26,0x91cd,0x9283,0x53d4,//	36710 [8f66] 
0x5919,0x5bbf,0x6dd1,0x795d,0x7e2e,0x7c9b,0x587e,0x719f,0x51fa,0x8853,//	36720 [8f70] 
0x8ff0,0x4fca,0x5cfb,0x6625,0x77ac,0x7ae3,0x821c,0x99ff,0x51c6,0x5faa,//	36730 [8f7a] 
0x65ec,0x696f,0x6b89,0x6df3,0x0000,0x6e96,0x6f64,0x76fe,0x7d14,0x5de1,//	36740 [8f84] 
0x9075,0x9187,0x9806,0x51e6,0x521d,0x6240,0x6691,0x66d9,0x6e1a,0x5eb6,//	36750 [8f8e] 
0x7dd2,0x7f72,0x66f8,0x85af,0x85f7,0x8af8,0x52a9,0x53d9,0x5973,0x5e8f,//	36760 [8f98] 
0x5f90,0x6055,0x92e4,0x9664,0x50b7,0x511f,0x52dd,0x5320,0x5347,0x53ec,//	36770 [8fa2] 
0x54e8,0x5546,0x5531,0x5617,0x5968,0x59be,0x5a3c,0x5bb5,0x5c06,0x5c0f,//	36780 [8fac] 
0x5c11,0x5c1a,0x5e84,0x5e8a,0x5ee0,0x5f70,0x627f,0x6284,0x62db,0x638c,//	36790 [8fb6] 
0x6377,0x6607,0x660c,0x662d,0x6676,0x677e,0x68a2,0x6a1f,0x6a35,0x6cbc,//	36800 [8fc0] 
0x6d88,0x6e09,0x6e58,0x713c,0x7126,0x7167,0x75c7,0x7701,0x785d,0x7901,//	36810 [8fca] 
0x7965,0x79f0,0x7ae0,0x7b11,0x7ca7,0x7d39,0x8096,0x83d6,0x848b,0x8549,//	36820 [8fd4] 
0x885d,0x88f3,0x8a1f,0x8a3c,0x8a54,0x8a73,0x8c61,0x8cde,0x91a4,0x9266,//	36830 [8fde] 
0x937e,0x9418,0x969c,0x9798,0x4e0a,0x4e08,0x4e1e,0x4e57,0x5197,0x5270,//	36840 [8fe8] 
0x57ce,0x5834,0x58cc,0x5b22,0x5e38,0x60c5,0x64fe,0x6761,0x6756,0x6d44,//	36850 [8ff2] 
0x72b6,0x7573,0x7a63,0x84b8,0x8b72,0x91b8,0x9320,0x5631,0x57f4,0x98fe,//	36860 [8ffc] 
0x0000,0x0000,0x0000,0x0000,0x0000,0x0000,0x0000,0x0000,0x0000,0x0000,//	36870 [9006] 
0x0000,0x0000,0x0000,0x0000,0x0000,0x0000,0x0000,0x0000,0x0000,0x0000,//	36880 [9010] 
0x0000,0x0000,0x0000,0x0000,0x0000,0x0000,0x0000,0x0000,0x0000,0x0000,//	36890 [901a] 
0x0000,0x0000,0x0000,0x0000,0x0000,0x0000,0x0000,0x0000,0x0000,0x0000,//	36900 [9024] 
0x0000,0x0000,0x0000,0x0000,0x0000,0x0000,0x0000,0x0000,0x0000,0x0000,//	36910 [902e] 
0x0000,0x0000,0x0000,0x0000,0x0000,0x0000,0x0000,0x0000,0x0000,0x0000,//	36920 [9038] 
0x0000,0x0000,0x0000,0x0000,0x0000,0x0000,0x0000,0x62ed,0x690d,0x6b96,//	36930 [9042] 
0x71ed,0x7e54,0x8077,0x8272,0x89e6,0x98df,0x8755,0x8fb1,0x5c3b,0x4f38,//	36940 [904c] 
0x4fe1,0x4fb5,0x5507,0x5a20,0x5bdd,0x5be9,0x5fc3,0x614e,0x632f,0x65b0,//	36950 [9056] 
0x664b,0x68ee,0x699b,0x6d78,0x6df1,0x7533,0x75b9,0x771f,0x795e,0x79e6,//	36960 [9060] 
0x7d33,0x81e3,0x82af,0x85aa,0x89aa,0x8a3a,0x8eab,0x8f9b,0x9032,0x91dd,//	36970 [906a] 
0x9707,0x4eba,0x4ec1,0x5203,0x5875,0x58ec,0x5c0b,0x751a,0x5c3d,0x814e,//	36980 [9074] 
0x8a0a,0x8fc5,0x9663,0x976d,0x7b25,0x8acf,0x9808,0x9162,0x56f3,0x53a8,//	36990 [907e] 
0x0000,0x9017,0x5439,0x5782,0x5e25,0x63a8,0x6c34,0x708a,0x7761,0x7c8b,//	37000 [9088] 
0x7fe0,0x8870,0x9042,0x9154,0x9310,0x9318,0x968f,0x745e,0x9ac4,0x5d07,//	37010 [9092] 
0x5d69,0x6570,0x67a2,0x8da8,0x96db,0x636e,0x6749,0x6919,0x83c5,0x9817,//	37020 [909c] 
0x96c0,0x88fe,0x6f84,0x647a,0x5bf8,0x4e16,0x702c,0x755d,0x662f,0x51c4,//	37030 [90a6] 
0x5236,0x52e2,0x59d3,0x5f81,0x6027,0x6210,0x653f,0x6574,0x661f,0x6674,//	37040 [90b0] 
0x68f2,0x6816,0x6b63,0x6e05,0x7272,0x751f,0x76db,0x7cbe,0x8056,0x58f0,//	37050 [90ba] 
0x88fd,0x897f,0x8aa0,0x8a93,0x8acb,0x901d,0x9192,0x9752,0x9759,0x6589,//	37060 [90c4] 
0x7a0e,0x8106,0x96bb,0x5e2d,0x60dc,0x621a,0x65a5,0x6614,0x6790,0x77f3,//	37070 [90ce] 
0x7a4d,0x7c4d,0x7e3e,0x810a,0x8cac,0x8d64,0x8de1,0x8e5f,0x78a9,0x5207,//	37080 [90d8] 
0x62d9,0x63a5,0x6442,0x6298,0x8a2d,0x7a83,0x7bc0,0x8aac,0x96ea,0x7d76,//	37090 [90e2] 
0x820c,0x8749,0x4ed9,0x5148,0x5343,0x5360,0x5ba3,0x5c02,0x5c16,0x5ddd,//	37100 [90ec] 
0x6226,0x6247,0x64b0,0x6813,0x6834,0x6cc9,0x6d45,0x6d17,0x67d3,0x6f5c,//	37110 [90f6] 
0x714e,0x717d,0x65cb,0x7a7f,0x7bad,0x7dda,0x0000,0x0000,0x0000,0x0000,//	37120 [9100] 
0x0000,0x0000,0x0000,0x0000,0x0000,0x0000,0x0000,0x0000,0x0000,0x0000,//	37130 [910a] 
0x0000,0x0000,0x0000,0x0000,0x0000,0x0000,0x0000,0x0000,0x0000,0x0000,//	37140 [9114] 
0x0000,0x0000,0x0000,0x0000,0x0000,0x0000,0x0000,0x0000,0x0000,0x0000,//	37150 [911e] 
0x0000,0x0000,0x0000,0x0000,0x0000,0x0000,0x0000,0x0000,0x0000,0x0000,//	37160 [9128] 
0x0000,0x0000,0x0000,0x0000,0x0000,0x0000,0x0000,0x0000,0x0000,0x0000,//	37170 [9132] 
0x0000,0x0000,0x0000,0x0000,0x0000,0x0000,0x0000,0x0000,0x0000,0x0000,//	37180 [913c] 
0x0000,0x0000,0x0000,0x7e4a,0x7fa8,0x817a,0x821b,0x8239,0x85a6,0x8a6e,//	37190 [9146] 
0x8cce,0x8df5,0x9078,0x9077,0x92ad,0x9291,0x9583,0x9bae,0x524d,0x5584,//	37200 [9150] 
0x6f38,0x7136,0x5168,0x7985,0x7e55,0x81b3,0x7cce,0x564c,0x5851,0x5ca8,//	37210 [915a] 
0x63aa,0x66fe,0x66fd,0x695a,0x72d9,0x758f,0x758e,0x790e,0x7956,0x79df,//	37220 [9164] 
0x7c97,0x7d20,0x7d44,0x8607,0x8a34,0x963b,0x9061,0x9f20,0x50e7,0x5275,//	37230 [916e] 
0x53cc,0x53e2,0x5009,0x55aa,0x58ee,0x594f,0x723d,0x5b8b,0x5c64,0x531d,//	37240 [9178] 
0x60e3,0x60f3,0x635c,0x6383,0x633f,0x63bb,0x0000,0x64cd,0x65e9,0x66f9,//	37250 [9182] 
0x5de3,0x69cd,0x69fd,0x6f15,0x71e5,0x4e89,0x75e9,0x76f8,0x7a93,0x7cdf,//	37260 [918c] 
0x7dcf,0x7d9c,0x8061,0x8349,0x8358,0x846c,0x84bc,0x85fb,0x88c5,0x8d70,//	37270 [9196] 
0x9001,0x906d,0x9397,0x971c,0x9a12,0x50cf,0x5897,0x618e,0x81d3,0x8535,//	37280 [91a0] 
0x8d08,0x9020,0x4fc3,0x5074,0x5247,0x5373,0x606f,0x6349,0x675f,0x6e2c,//	37290 [91aa] 
0x8db3,0x901f,0x4fd7,0x5c5e,0x8cca,0x65cf,0x7d9a,0x5352,0x8896,0x5176,//	37300 [91b4] 
0x63c3,0x5b58,0x5b6b,0x5c0a,0x640d,0x6751,0x905c,0x4ed6,0x591a,0x592a,//	37310 [91be] 
0x6c70,0x8a51,0x553e,0x5815,0x59a5,0x60f0,0x6253,0x67c1,0x8235,0x6955,//	37320 [91c8] 
0x9640,0x99c4,0x9a28,0x4f53,0x5806,0x5bfe,0x8010,0x5cb1,0x5e2f,0x5f85,//	37330 [91d2] 
0x6020,0x614b,0x6234,0x66ff,0x6cf0,0x6ede,0x80ce,0x817f,0x82d4,0x888b,//	37340 [91dc] 
0x8cb8,0x9000,0x902e,0x968a,0x9edb,0x9bdb,0x4ee3,0x53f0,0x5927,0x7b2c,//	37350 [91e6] 
0x918d,0x984c,0x9df9,0x6edd,0x7027,0x5353,0x5544,0x5b85,0x6258,0x629e,//	37360 [91f0] 
0x62d3,0x6ca2,0x6fef,0x7422,0x8a17,0x9438,0x6fc1,0x8afe,0x8338,0x51e7,//	37370 [91fa] 
0x86f8,0x53ea,0x0000,0x0000,0x0000,0x0000,0x0000,0x0000,0x0000,0x0000,//	37380 [9204] 
0x0000,0x0000,0x0000,0x0000,0x0000,0x0000,0x0000,0x0000,0x0000,0x0000,//	37390 [920e] 
0x0000,0x0000,0x0000,0x0000,0x0000,0x0000,0x0000,0x0000,0x0000,0x0000,//	37400 [9218] 
0x0000,0x0000,0x0000,0x0000,0x0000,0x0000,0x0000,0x0000,0x0000,0x0000,//	37410 [9222] 
0x0000,0x0000,0x0000,0x0000,0x0000,0x0000,0x0000,0x0000,0x0000,0x0000,//	37420 [922c] 
0x0000,0x0000,0x0000,0x0000,0x0000,0x0000,0x0000,0x0000,0x0000,0x0000,//	37430 [9236] 
0x0000,0x0000,0x0000,0x0000,0x0000,0x0000,0x0000,0x0000,0x0000,0x53e9,//	37440 [9240] 
0x4f46,0x9054,0x8fb0,0x596a,0x8131,0x5dfd,0x7aea,0x8fbf,0x68da,0x8c37,//	37450 [924a] 
0x72f8,0x9c48,0x6a3d,0x8ab0,0x4e39,0x5358,0x5606,0x5766,0x62c5,0x63a2,//	37460 [9254] 
0x65e6,0x6b4e,0x6de1,0x6e5b,0x70ad,0x77ed,0x7aef,0x7baa,0x7dbb,0x803d,//	37470 [925e] 
0x80c6,0x86cb,0x8a95,0x935b,0x56e3,0x58c7,0x5f3e,0x65ad,0x6696,0x6a80,//	37480 [9268] 
0x6bb5,0x7537,0x8ac7,0x5024,0x77e5,0x5730,0x5f1b,0x6065,0x667a,0x6c60,//	37490 [9272] 
0x75f4,0x7a1a,0x7f6e,0x81f4,0x8718,0x9045,0x99b3,0x7bc9,0x755c,0x7af9,//	37500 [927c] 
0x7b51,0x84c4,0x0000,0x9010,0x79e9,0x7a92,0x8336,0x5ae1,0x7740,0x4e2d,//	37510 [9286] 
0x4ef2,0x5b99,0x5fe0,0x62bd,0x663c,0x67f1,0x6ce8,0x866b,0x8877,0x8a3b,//	37520 [9290] 
0x914e,0x92f3,0x99d0,0x6a17,0x7026,0x732a,0x82e7,0x8457,0x8caf,0x4e01,//	37530 [929a] 
0x5146,0x51cb,0x558b,0x5bf5,0x5e16,0x5e33,0x5e81,0x5f14,0x5f35,0x5f6b,//	37540 [92a4] 
0x5fb4,0x61f2,0x6311,0x66a2,0x671d,0x6f6e,0x7252,0x753a,0x773a,0x8074,//	37550 [92ae] 
0x8139,0x8178,0x8776,0x8abf,0x8adc,0x8d85,0x8df3,0x929a,0x9577,0x9802,//	37560 [92b8] 
0x9ce5,0x52c5,0x6357,0x76f4,0x6715,0x6c88,0x73cd,0x8cc3,0x93ae,0x9673,//	37570 [92c2] 
0x6d25,0x589c,0x690e,0x69cc,0x8ffd,0x939a,0x75db,0x901a,0x585a,0x6802,//	37580 [92cc] 
0x63b4,0x69fb,0x4f43,0x6f2c,0x67d8,0x8fbb,0x8526,0x7db4,0x9354,0x693f,//	37590 [92d6] 
0x6f70,0x576a,0x58f7,0x5b2c,0x7d2c,0x722a,0x540a,0x91e3,0x9db4,0x4ead,//	37600 [92e0] 
0x4f4e,0x505c,0x5075,0x5243,0x8c9e,0x5448,0x5824,0x5b9a,0x5e1d,0x5e95,//	37610 [92ea] 
0x5ead,0x5ef7,0x5f1f,0x608c,0x62b5,0x633a,0x63d0,0x68af,0x6c40,0x7887,//	37620 [92f4] 
0x798e,0x7a0b,0x7de0,0x8247,0x8a02,0x8ae6,0x8e44,0x9013,0x0000,0x0000,//	37630 [92fe] 
0x0000,0x0000,0x0000,0x0000,0x0000,0x0000,0x0000,0x0000,0x0000,0x0000,//	37640 [9308] 
0x0000,0x0000,0x0000,0x0000,0x0000,0x0000,0x0000,0x0000,0x0000,0x0000,//	37650 [9312] 
0x0000,0x0000,0x0000,0x0000,0x0000,0x0000,0x0000,0x0000,0x0000,0x0000,//	37660 [931c] 
0x0000,0x0000,0x0000,0x0000,0x0000,0x0000,0x0000,0x0000,0x0000,0x0000,//	37670 [9326] 
0x0000,0x0000,0x0000,0x0000,0x0000,0x0000,0x0000,0x0000,0x0000,0x0000,//	37680 [9330] 
0x0000,0x0000,0x0000,0x0000,0x0000,0x0000,0x0000,0x0000,0x0000,0x0000,//	37690 [933a] 
0x0000,0x0000,0x0000,0x0000,0x0000,0x90b8,0x912d,0x91d8,0x9f0e,0x6ce5,//	37700 [9344] 
0x6458,0x64e2,0x6575,0x6ef4,0x7684,0x7b1b,0x9069,0x93d1,0x6eba,0x54f2,//	37710 [934e] 
0x5fb9,0x64a4,0x8f4d,0x8fed,0x9244,0x5178,0x586b,0x5929,0x5c55,0x5e97,//	37720 [9358] 
0x6dfb,0x7e8f,0x751c,0x8cbc,0x8ee2,0x985b,0x70b9,0x4f1d,0x6bbf,0x6fb1,//	37730 [9362] 
0x7530,0x96fb,0x514e,0x5410,0x5835,0x5857,0x59ac,0x5c60,0x5f92,0x6597,//	37740 [936c] 
0x675c,0x6e21,0x767b,0x83df,0x8ced,0x9014,0x90fd,0x934d,0x7825,0x783a,//	37750 [9376] 
0x52aa,0x5ea6,0x571f,0x5974,0x6012,0x5012,0x515a,0x51ac,0x0000,0x51cd,//	37760 [9380] 
0x5200,0x5510,0x5854,0x5858,0x5957,0x5b95,0x5cf6,0x5d8b,0x60bc,0x6295,//	37770 [938a] 
0x642d,0x6771,0x6843,0x68bc,0x68df,0x76d7,0x6dd8,0x6e6f,0x6d9b,0x706f,//	37780 [9394] 
0x71c8,0x5f53,0x75d8,0x7977,0x7b49,0x7b54,0x7b52,0x7cd6,0x7d71,0x5230,//	37790 [939e] 
0x8463,0x8569,0x85e4,0x8a0e,0x8b04,0x8c46,0x8e0f,0x9003,0x900f,0x9419,//	37800 [93a8] 
0x9676,0x982d,0x9a30,0x95d8,0x50cd,0x52d5,0x540c,0x5802,0x5c0e,0x61a7,//	37810 [93b2] 
0x649e,0x6d1e,0x77b3,0x7ae5,0x80f4,0x8404,0x9053,0x9285,0x5ce0,0x9d07,//	37820 [93bc] 
0x533f,0x5f97,0x5fb3,0x6d9c,0x7279,0x7763,0x79bf,0x7be4,0x6bd2,0x72ec,//	37830 [93c6] 
0x8aad,0x6803,0x6a61,0x51f8,0x7a81,0x6934,0x5c4a,0x9cf6,0x82eb,0x5bc5,//	37840 [93d0] 
0x9149,0x701e,0x5678,0x5c6f,0x60c7,0x6566,0x6c8c,0x8c5a,0x9041,0x9813,//	37850 [93da] 
0x5451,0x66c7,0x920d,0x5948,0x90a3,0x5185,0x4e4d,0x51ea,0x8599,0x8b0e,//	37860 [93e4] 
0x7058,0x637a,0x934b,0x6962,0x99b4,0x7e04,0x7577,0x5357,0x6960,0x8edf,//	37870 [93ee] 
0x96e3,0x6c5d,0x4e8c,0x5c3c,0x5f10,0x8fe9,0x5302,0x8cd1,0x8089,0x8679,//	37880 [93f8] 
0x5eff,0x65e5,0x4e73,0x5165,0x0000,0x0000,0x0000,0x0000,0x0000,0x0000,//	37890 [9402] 
0x0000,0x0000,0x0000,0x0000,0x0000,0x0000,0x0000,0x0000,0x0000,0x0000,//	37900 [940c] 
0x0000,0x0000,0x0000,0x0000,0x0000,0x0000,0x0000,0x0000,0x0000,0x0000,//	37910 [9416] 
0x0000,0x0000,0x0000,0x0000,0x0000,0x0000,0x0000,0x0000,0x0000,0x0000,//	37920 [9420] 
0x0000,0x0000,0x0000,0x0000,0x0000,0x0000,0x0000,0x0000,0x0000,0x0000,//	37930 [942a] 
0x0000,0x0000,0x0000,0x0000,0x0000,0x0000,0x0000,0x0000,0x0000,0x0000,//	37940 [9434] 
0x0000,0x0000,0x0000,0x0000,0x0000,0x0000,0x0000,0x0000,0x0000,0x0000,//	37950 [943e] 
0x0000,0x5982,0x5c3f,0x97ee,0x4efb,0x598a,0x5fcd,0x8a8d,0x6fe1,0x79b0,//	37960 [9448] 
0x7962,0x5be7,0x8471,0x732b,0x71b1,0x5e74,0x5ff5,0x637b,0x649a,0x71c3,//	37970 [9452] 
0x7c98,0x4e43,0x5efc,0x4e4b,0x57dc,0x56a2,0x60a9,0x6fc3,0x7d0d,0x80fd,//	37980 [945c] 
0x8133,0x81bf,0x8fb2,0x8997,0x86a4,0x5df4,0x628a,0x64ad,0x8987,0x6777,//	37990 [9466] 
0x6ce2,0x6d3e,0x7436,0x7834,0x5a46,0x7f75,0x82ad,0x99ac,0x4ff3,0x5ec3,//	38000 [9470] 
0x62dd,0x6392,0x6557,0x676f,0x76c3,0x724c,0x80cc,0x80ba,0x8f29,0x914d,//	38010 [947a] 
0x500d,0x57f9,0x5a92,0x6885,0x0000,0x6973,0x7164,0x72fd,0x8cb7,0x58f2,//	38020 [9484] 
0x8ce0,0x966a,0x9019,0x877f,0x79e4,0x77e7,0x8429,0x4f2f,0x5265,0x535a,//	38030 [948e] 
0x62cd,0x67cf,0x6cca,0x767d,0x7b94,0x7c95,0x8236,0x8584,0x8feb,0x66dd,//	38040 [9498] 
0x6f20,0x7206,0x7e1b,0x83ab,0x99c1,0x9ea6,0x51fd,0x7bb1,0x7872,0x7bb8,//	38050 [94a2] 
0x8087,0x7b48,0x6ae8,0x5e61,0x808c,0x7551,0x7560,0x516b,0x9262,0x6e8c,//	38060 [94ac] 
0x767a,0x9197,0x9aea,0x4f10,0x7f70,0x629c,0x7b4f,0x95a5,0x9ce9,0x567a,//	38070 [94b6] 
0x5859,0x86e4,0x96bc,0x4f34,0x5224,0x534a,0x53cd,0x53db,0x5e06,0x642c,//	38080 [94c0] 
0x6591,0x677f,0x6c3e,0x6c4e,0x7248,0x72af,0x73ed,0x7554,0x7e41,0x822c,//	38090 [94ca] 
0x85e9,0x8ca9,0x7bc4,0x91c6,0x7169,0x9812,0x98ef,0x633d,0x6669,0x756a,//	38100 [94d4] 
0x76e4,0x78d0,0x8543,0x86ee,0x532a,0x5351,0x5426,0x5983,0x5e87,0x5f7c,//	38110 [94de] 
0x60b2,0x6249,0x6279,0x62ab,0x6590,0x6bd4,0x6ccc,0x75b2,0x76ae,0x7891,//	38120 [94e8] 
0x79d8,0x7dcb,0x7f77,0x80a5,0x88ab,0x8ab9,0x8cbb,0x907f,0x975e,0x98db,//	38130 [94f2] 
0x6a0b,0x7c38,0x5099,0x5c3e,0x5fae,0x6787,0x6bd8,0x7435,0x7709,0x7f8e,//	38140 [94fc] 
0x0000,0x0000,0x0000,0x0000,0x0000,0x0000,0x0000,0x0000,0x0000,0x0000,//	38150 [9506] 
0x0000,0x0000,0x0000,0x0000,0x0000,0x0000,0x0000,0x0000,0x0000,0x0000,//	38160 [9510] 
0x0000,0x0000,0x0000,0x0000,0x0000,0x0000,0x0000,0x0000,0x0000,0x0000,//	38170 [951a] 
0x0000,0x0000,0x0000,0x0000,0x0000,0x0000,0x0000,0x0000,0x0000,0x0000,//	38180 [9524] 
0x0000,0x0000,0x0000,0x0000,0x0000,0x0000,0x0000,0x0000,0x0000,0x0000,//	38190 [952e] 
0x0000,0x0000,0x0000,0x0000,0x0000,0x0000,0x0000,0x0000,0x0000,0x0000,//	38200 [9538] 
0x0000,0x0000,0x0000,0x0000,0x0000,0x0000,0x0000,0x9f3b,0x67ca,0x7a17,//	38210 [9542] 
0x5339,0x758b,0x9aed,0x5f66,0x819d,0x83f1,0x8098,0x5f3c,0x5fc5,0x7562,//	38220 [954c] 
0x7b46,0x903c,0x6867,0x59eb,0x5a9b,0x7d10,0x767e,0x8b2c,0x4ff5,0x5f6a,//	38230 [9556] 
0x6a19,0x6c37,0x6f02,0x74e2,0x7968,0x8868,0x8a55,0x8c79,0x5edf,0x63cf,//	38240 [9560] 
0x75c5,0x79d2,0x82d7,0x9328,0x92f2,0x849c,0x86ed,0x9c2d,0x54c1,0x5f6c,//	38250 [956a] 
0x658c,0x6d5c,0x7015,0x8ca7,0x8cd3,0x983b,0x654f,0x74f6,0x4e0d,0x4ed8,//	38260 [9574] 
0x57e0,0x592b,0x5a66,0x5bcc,0x51a8,0x5e03,0x5e9c,0x6016,0x6276,0x6577,//	38270 [957e] 
0x0000,0x65a7,0x666e,0x6d6e,0x7236,0x7b26,0x8150,0x819a,0x8299,0x8b5c,//	38280 [9588] 
0x8ca0,0x8ce6,0x8d74,0x961c,0x9644,0x4fae,0x64ab,0x6b66,0x821e,0x8461,//	38290 [9592] 
0x856a,0x90e8,0x5c01,0x6953,0x98a8,0x847a,0x8557,0x4f0f,0x526f,0x5fa9,//	38300 [959c] 
0x5e45,0x670d,0x798f,0x8179,0x8907,0x8986,0x6df5,0x5f17,0x6255,0x6cb8,//	38310 [95a6] 
0x4ecf,0x7269,0x9b92,0x5206,0x543b,0x5674,0x58b3,0x61a4,0x626e,0x711a,//	38320 [95b0] 
0x596e,0x7c89,0x7cde,0x7d1b,0x96f0,0x6587,0x805e,0x4e19,0x4f75,0x5175,//	38330 [95ba] 
0x5840,0x5e63,0x5e73,0x5f0a,0x67c4,0x4e26,0x853d,0x9589,0x965b,0x7c73,//	38340 [95c4] 
0x9801,0x50fb,0x58c1,0x7656,0x78a7,0x5225,0x77a5,0x8511,0x7b86,0x504f,//	38350 [95ce] 
0x5909,0x7247,0x7bc7,0x7de8,0x8fba,0x8fd4,0x904d,0x4fbf,0x52c9,0x5a29,//	38360 [95d8] 
0x5f01,0x97ad,0x4fdd,0x8217,0x92ea,0x5703,0x6355,0x6b69,0x752b,0x88dc,//	38370 [95e2] 
0x8f14,0x7a42,0x52df,0x5893,0x6155,0x620a,0x66ae,0x6bcd,0x7c3f,0x83e9,//	38380 [95ec] 
0x5023,0x4ff8,0x5305,0x5446,0x5831,0x5949,0x5b9d,0x5cf0,0x5cef,0x5d29,//	38390 [95f6] 
0x5e96,0x62b1,0x6367,0x653e,0x65b9,0x670b,0x0000,0x0000,0x0000,0x0000,//	38400 [9600] 
0x0000,0x0000,0x0000,0x0000,0x0000,0x0000,0x0000,0x0000,0x0000,0x0000,//	38410 [960a] 
0x0000,0x0000,0x0000,0x0000,0x0000,0x0000,0x0000,0x0000,0x0000,0x0000,//	38420 [9614] 
0x0000,0x0000,0x0000,0x0000,0x0000,0x0000,0x0000,0x0000,0x0000,0x0000,//	38430 [961e] 
0x0000,0x0000,0x0000,0x0000,0x0000,0x0000,0x0000,0x0000,0x0000,0x0000,//	38440 [9628] 
0x0000,0x0000,0x0000,0x0000,0x0000,0x0000,0x0000,0x0000,0x0000,0x0000,//	38450 [9632] 
0x0000,0x0000,0x0000,0x0000,0x0000,0x0000,0x0000,0x0000,0x0000,0x0000,//	38460 [963c] 
0x0000,0x0000,0x0000,0x6cd5,0x6ce1,0x70f9,0x7832,0x7e2b,0x80de,0x82b3,//	38470 [9646] 
0x840c,0x84ec,0x8702,0x8912,0x8a2a,0x8c4a,0x90a6,0x92d2,0x98fd,0x9cf3,//	38480 [9650] 
0x9d6c,0x4e4f,0x4ea1,0x508d,0x5256,0x574a,0x59a8,0x5e3d,0x5fd8,0x5fd9,//	38490 [965a] 
0x623f,0x66b4,0x671b,0x67d0,0x68d2,0x5192,0x7d21,0x80aa,0x81a8,0x8b00,//	38500 [9664] 
0x8c8c,0x8cbf,0x927e,0x9632,0x5420,0x982c,0x5317,0x50d5,0x535c,0x58a8,//	38510 [966e] 
0x64b2,0x6734,0x7267,0x7766,0x7a46,0x91e6,0x52c3,0x6ca1,0x6b86,0x5800,//	38520 [9678] 
0x5e4c,0x5954,0x672c,0x7ffb,0x51e1,0x76c6,0x0000,0x6469,0x78e8,0x9b54,//	38530 [9682] 
0x9ebb,0x57cb,0x59b9,0x6627,0x679a,0x6bce,0x54e9,0x69d9,0x5e55,0x819c,//	38540 [968c] 
0x6795,0x9baa,0x67fe,0x9c52,0x685d,0x4ea6,0x4fe3,0x53c8,0x62b9,0x672b,//	38550 [9696] 
0x6cab,0x8fc4,0x4fad,0x7e6d,0x9ebf,0x4e07,0x6162,0x6e80,0x6f2b,0x8513,//	38560 [96a0] 
0x5473,0x672a,0x9b45,0x5df3,0x7b95,0x5cac,0x5bc6,0x871c,0x6e4a,0x84d1,//	38570 [96aa] 
0x7a14,0x8108,0x5999,0x7c8d,0x6c11,0x7720,0x52d9,0x5922,0x7121,0x725f,//	38580 [96b4] 
0x77db,0x9727,0x9d61,0x690b,0x5a7f,0x5a18,0x51a5,0x540d,0x547d,0x660e,//	38590 [96be] 
0x76df,0x8ff7,0x9298,0x9cf4,0x59ea,0x725d,0x6ec5,0x514d,0x68c9,0x7dbf,//	38600 [96c8] 
0x7dec,0x9762,0x9eba,0x6478,0x6a21,0x8302,0x5984,0x5b5f,0x6bdb,0x731b,//	38610 [96d2] 
0x76f2,0x7db2,0x8017,0x8499,0x5132,0x6728,0x9ed9,0x76ee,0x6762,0x52ff,//	38620 [96dc] 
0x9905,0x5c24,0x623b,0x7c7e,0x8cb0,0x554f,0x60b6,0x7d0b,0x9580,0x5301,//	38630 [96e6] 
0x4e5f,0x51b6,0x591c,0x723a,0x8036,0x91ce,0x5f25,0x77e2,0x5384,0x5f79,//	38640 [96f0] 
0x7d04,0x85ac,0x8a33,0x8e8d,0x9756,0x67f3,0x85ae,0x9453,0x6109,0x6108,//	38650 [96fa] 
0x6cb9,0x7652,0x0000,0x0000,0x0000,0x0000,0x0000,0x0000,0x0000,0x0000,//	38660 [9704] 
0x0000,0x0000,0x0000,0x0000,0x0000,0x0000,0x0000,0x0000,0x0000,0x0000,//	38670 [970e] 
0x0000,0x0000,0x0000,0x0000,0x0000,0x0000,0x0000,0x0000,0x0000,0x0000,//	38680 [9718] 
0x0000,0x0000,0x0000,0x0000,0x0000,0x0000,0x0000,0x0000,0x0000,0x0000,//	38690 [9722] 
0x0000,0x0000,0x0000,0x0000,0x0000,0x0000,0x0000,0x0000,0x0000,0x0000,//	38700 [972c] 
0x0000,0x0000,0x0000,0x0000,0x0000,0x0000,0x0000,0x0000,0x0000,0x0000,//	38710 [9736] 
0x0000,0x0000,0x0000,0x0000,0x0000,0x0000,0x0000,0x0000,0x0000,0x8aed,//	38720 [9740] 
0x8f38,0x552f,0x4f51,0x512a,0x52c7,0x53cb,0x5ba5,0x5e7d,0x60a0,0x6182,//	38730 [974a] 
0x63d6,0x6709,0x67da,0x6e67,0x6d8c,0x7336,0x7337,0x7531,0x7950,0x88d5,//	38740 [9754] 
0x8a98,0x904a,0x9091,0x90f5,0x96c4,0x878d,0x5915,0x4e88,0x4f59,0x4e0e,//	38750 [975e] 
0x8a89,0x8f3f,0x9810,0x50ad,0x5e7c,0x5996,0x5bb9,0x5eb8,0x63da,0x63fa,//	38760 [9768] 
0x64c1,0x66dc,0x694a,0x69d8,0x6d0b,0x6eb6,0x7194,0x7528,0x7aaf,0x7f8a,//	38770 [9772] 
0x8000,0x8449,0x84c9,0x8981,0x8b21,0x8e0a,0x9065,0x967d,0x990a,0x617e,//	38780 [977c] 
0x6291,0x6b32,0x0000,0x6c83,0x6d74,0x7fcc,0x7ffc,0x6dc0,0x7f85,0x87ba,//	38790 [9786] 
0x88f8,0x6765,0x83b1,0x983c,0x96f7,0x6d1b,0x7d61,0x843d,0x916a,0x4e71,//	38800 [9790] 
0x5375,0x5d50,0x6b04,0x6feb,0x85cd,0x862d,0x89a7,0x5229,0x540f,0x5c65,//	38810 [979a] 
0x674e,0x68a8,0x7406,0x7483,0x75e2,0x88cf,0x88e1,0x91cc,0x96e2,0x9678,//	38820 [97a4] 
0x5f8b,0x7387,0x7acb,0x844e,0x63a0,0x7565,0x5289,0x6d41,0x6e9c,0x7409,//	38830 [97ae] 
0x7559,0x786b,0x7c92,0x9686,0x7adc,0x9f8d,0x4fb6,0x616e,0x65c5,0x865c,//	38840 [97b8] 
0x4e86,0x4eae,0x50da,0x4e21,0x51cc,0x5bee,0x6599,0x6881,0x6dbc,0x731f,//	38850 [97c2] 
0x7642,0x77ad,0x7a1c,0x7ce7,0x826f,0x8ad2,0x907c,0x91cf,0x9675,0x9818,//	38860 [97cc] 
0x529b,0x7dd1,0x502b,0x5398,0x6797,0x6dcb,0x71d0,0x7433,0x81e8,0x8f2a,//	38870 [97d6] 
0x96a3,0x9c57,0x9e9f,0x7460,0x5841,0x6d99,0x7d2f,0x985e,0x4ee4,0x4f36,//	38880 [97e0] 
0x4f8b,0x51b7,0x52b1,0x5dba,0x601c,0x73b2,0x793c,0x82d3,0x9234,0x96b7,//	38890 [97ea] 
0x96f6,0x970a,0x9e97,0x9f62,0x66a6,0x6b74,0x5217,0x52a3,0x70c8,0x88c2,//	38900 [97f4] 
0x5ec9,0x604b,0x6190,0x6f23,0x7149,0x7c3e,0x7df4,0x806f,0x0000,0x0000,//	38910 [97fe] 
0x0000,0x0000,0x0000,0x0000,0x0000,0x0000,0x0000,0x0000,0x0000,0x0000,//	38920 [9808] 
0x0000,0x0000,0x0000,0x0000,0x0000,0x0000,0x0000,0x0000,0x0000,0x0000,//	38930 [9812] 
0x0000,0x0000,0x0000,0x0000,0x0000,0x0000,0x0000,0x0000,0x0000,0x0000,//	38940 [981c] 
0x0000,0x0000,0x0000,0x0000,0x0000,0x0000,0x0000,0x0000,0x0000,0x0000,//	38950 [9826] 
0x0000,0x0000,0x0000,0x0000,0x0000,0x0000,0x0000,0x0000,0x0000,0x0000,//	38960 [9830] 
0x0000,0x0000,0x0000,0x0000,0x0000,0x0000,0x0000,0x0000,0x0000,0x0000,//	38970 [983a] 
0x0000,0x0000,0x0000,0x0000,0x0000,0x84ee,0x9023,0x932c,0x5442,0x9b6f,//	38980 [9844] 
0x6ad3,0x7089,0x8cc2,0x8def,0x9732,0x52b4,0x5a41,0x5eca,0x5f04,0x6717,//	38990 [984e] 
0x697c,0x6994,0x6d6a,0x6f0f,0x7262,0x72fc,0x7bed,0x8001,0x807e,0x874b,//	39000 [9858] 
0x90ce,0x516d,0x9e93,0x7984,0x808b,0x9332,0x8ad6,0x502d,0x548c,0x8a71,//	39010 [9862] 
0x6b6a,0x8cc4,0x8107,0x60d1,0x67a0,0x9df2,0x4e99,0x4e98,0x9c10,0x8a6b,//	39020 [986c] 
0x85c1,0x8568,0x6900,0x6e7e,0x7897,0x8155,0x0000,0x0000,0x0000,0x0000,//	39030 [9876] 
0x0000,0x0000,0x0000,0x0000,0x0000,0x0000,0x0000,0x0000,0x0000,0x0000,//	39040 [9880] 
0x0000,0x0000,0x0000,0x0000,0x0000,0x0000,0x0000,0x0000,0x0000,0x0000,//	39050 [988a] 
0x0000,0x0000,0x0000,0x0000,0x0000,0x0000,0x0000,0x0000,0x0000,0x0000,//	39060 [9894] 
0x0000,0x0000,0x0000,0x0000,0x0000,0x0000,0x0000,0x0000,0x0000,0x0000,//	39070 [989e] 
0x5f0c,0x4e10,0x4e15,0x4e2a,0x4e31,0x4e36,0x4e3c,0x4e3f,0x4e42,0x4e56,//	39080 [98a8] 
0x4e58,0x4e82,0x4e85,0x8c6b,0x4e8a,0x8212,0x5f0d,0x4e8e,0x4e9e,0x4e9f,//	39090 [98b2] 
0x4ea0,0x4ea2,0x4eb0,0x4eb3,0x4eb6,0x4ece,0x4ecd,0x4ec4,0x4ec6,0x4ec2,//	39100 [98bc] 
0x4ed7,0x4ede,0x4eed,0x4edf,0x4ef7,0x4f09,0x4f5a,0x4f30,0x4f5b,0x4f5d,//	39110 [98c6] 
0x4f57,0x4f47,0x4f76,0x4f88,0x4f8f,0x4f98,0x4f7b,0x4f69,0x4f70,0x4f91,//	39120 [98d0] 
0x4f6f,0x4f86,0x4f96,0x5118,0x4fd4,0x4fdf,0x4fce,0x4fd8,0x4fdb,0x4fd1,//	39130 [98da] 
0x4fda,0x4fd0,0x4fe4,0x4fe5,0x501a,0x5028,0x5014,0x502a,0x5025,0x5005,//	39140 [98e4] 
0x4f1c,0x4ff6,0x5021,0x5029,0x502c,0x4ffe,0x4fef,0x5011,0x5006,0x5043,//	39150 [98ee] 
0x5047,0x6703,0x5055,0x5050,0x5048,0x505a,0x5056,0x506c,0x5078,0x5080,//	39160 [98f8] 
0x509a,0x5085,0x50b4,0x50b2,0x0000,0x0000,0x0000,0x0000,0x0000,0x0000,//	39170 [9902] 
0x0000,0x0000,0x0000,0x0000,0x0000,0x0000,0x0000,0x0000,0x0000,0x0000,//	39180 [990c] 
0x0000,0x0000,0x0000,0x0000,0x0000,0x0000,0x0000,0x0000,0x0000,0x0000,//	39190 [9916] 
0x0000,0x0000,0x0000,0x0000,0x0000,0x0000,0x0000,0x0000,0x0000,0x0000,//	39200 [9920] 
0x0000,0x0000,0x0000,0x0000,0x0000,0x0000,0x0000,0x0000,0x0000,0x0000,//	39210 [992a] 
0x0000,0x0000,0x0000,0x0000,0x0000,0x0000,0x0000,0x0000,0x0000,0x0000,//	39220 [9934] 
0x0000,0x0000,0x0000,0x0000,0x0000,0x0000,0x0000,0x0000,0x0000,0x0000,//	39230 [993e] 
0x0000,0x50c9,0x50ca,0x50b3,0x50c2,0x50d6,0x50de,0x50e5,0x50ed,0x50e3,//	39240 [9948] 
0x50ee,0x50f9,0x50f5,0x5109,0x5101,0x5102,0x5116,0x5115,0x5114,0x511a,//	39250 [9952] 
0x5121,0x513a,0x5137,0x513c,0x513b,0x513f,0x5140,0x5152,0x514c,0x5154,//	39260 [995c] 
0x5162,0x7af8,0x5169,0x516a,0x516e,0x5180,0x5182,0x56d8,0x518c,0x5189,//	39270 [9966] 
0x518f,0x5191,0x5193,0x5195,0x5196,0x51a4,0x51a6,0x51a2,0x51a9,0x51aa,//	39280 [9970] 
0x51ab,0x51b3,0x51b1,0x51b2,0x51b0,0x51b5,0x51bd,0x51c5,0x51c9,0x51db,//	39290 [997a] 
0x51e0,0x8655,0x51e9,0x51ed,0x0000,0x51f0,0x51f5,0x51fe,0x5204,0x520b,//	39300 [9984] 
0x5214,0x520e,0x5227,0x522a,0x522e,0x5233,0x5239,0x524f,0x5244,0x524b,//	39310 [998e] 
0x524c,0x525e,0x5254,0x526a,0x5274,0x5269,0x5273,0x527f,0x527d,0x528d,//	39320 [9998] 
0x5294,0x5292,0x5271,0x5288,0x5291,0x8fa8,0x8fa7,0x52ac,0x52ad,0x52bc,//	39330 [99a2] 
0x52b5,0x52c1,0x52cd,0x52d7,0x52de,0x52e3,0x52e6,0x98ed,0x52e0,0x52f3,//	39340 [99ac] 
0x52f5,0x52f8,0x52f9,0x5306,0x5308,0x7538,0x530d,0x5310,0x530f,0x5315,//	39350 [99b6] 
0x531a,0x5323,0x532f,0x5331,0x5333,0x5338,0x5340,0x5346,0x5345,0x4e17,//	39360 [99c0] 
0x5349,0x534d,0x51d6,0x535e,0x5369,0x536e,0x5918,0x537b,0x5377,0x5382,//	39370 [99ca] 
0x5396,0x53a0,0x53a6,0x53a5,0x53ae,0x53b0,0x53b6,0x53c3,0x7c12,0x96d9,//	39380 [99d4] 
0x53df,0x66fc,0x71ee,0x53ee,0x53e8,0x53ed,0x53fa,0x5401,0x543d,0x5440,//	39390 [99de] 
0x542c,0x542d,0x543c,0x542e,0x5436,0x5429,0x541d,0x544e,0x548f,0x5475,//	39400 [99e8] 
0x548e,0x545f,0x5471,0x5477,0x5470,0x5492,0x547b,0x5480,0x5476,0x5484,//	39410 [99f2] 
0x5490,0x5486,0x54c7,0x54a2,0x54b8,0x54a5,0x54ac,0x54c4,0x54c8,0x54a8,//	39420 [99fc] 
0x0000,0x0000,0x0000,0x0000,0x0000,0x0000,0x0000,0x0000,0x0000,0x0000,//	39430 [9a06] 
0x0000,0x0000,0x0000,0x0000,0x0000,0x0000,0x0000,0x0000,0x0000,0x0000,//	39440 [9a10] 
0x0000,0x0000,0x0000,0x0000,0x0000,0x0000,0x0000,0x0000,0x0000,0x0000,//	39450 [9a1a] 
0x0000,0x0000,0x0000,0x0000,0x0000,0x0000,0x0000,0x0000,0x0000,0x0000,//	39460 [9a24] 
0x0000,0x0000,0x0000,0x0000,0x0000,0x0000,0x0000,0x0000,0x0000,0x0000,//	39470 [9a2e] 
0x0000,0x0000,0x0000,0x0000,0x0000,0x0000,0x0000,0x0000,0x0000,0x0000,//	39480 [9a38] 
0x0000,0x0000,0x0000,0x0000,0x0000,0x0000,0x0000,0x54ab,0x54c2,0x54a4,//	39490 [9a42] 
0x54be,0x54bc,0x54d8,0x54e5,0x54e6,0x550f,0x5514,0x54fd,0x54ee,0x54ed,//	39500 [9a4c] 
0x54fa,0x54e2,0x5539,0x5540,0x5563,0x554c,0x552e,0x555c,0x5545,0x5556,//	39510 [9a56] 
0x5557,0x5538,0x5533,0x555d,0x5599,0x5580,0x54af,0x558a,0x559f,0x557b,//	39520 [9a60] 
0x557e,0x5598,0x559e,0x55ae,0x557c,0x5583,0x55a9,0x5587,0x55a8,0x55da,//	39530 [9a6a] 
0x55c5,0x55df,0x55c4,0x55dc,0x55e4,0x55d4,0x5614,0x55f7,0x5616,0x55fe,//	39540 [9a74] 
0x55fd,0x561b,0x55f9,0x564e,0x5650,0x71df,0x5634,0x5636,0x5632,0x5638,//	39550 [9a7e] 
0x0000,0x566b,0x5664,0x562f,0x566c,0x566a,0x5686,0x5680,0x568a,0x56a0,//	39560 [9a88] 
0x5694,0x568f,0x56a5,0x56ae,0x56b6,0x56b4,0x56c2,0x56bc,0x56c1,0x56c3,//	39570 [9a92] 
0x56c0,0x56c8,0x56ce,0x56d1,0x56d3,0x56d7,0x56ee,0x56f9,0x5700,0x56ff,//	39580 [9a9c] 
0x5704,0x5709,0x5708,0x570b,0x570d,0x5713,0x5718,0x5716,0x55c7,0x571c,//	39590 [9aa6] 
0x5726,0x5737,0x5738,0x574e,0x573b,0x5740,0x574f,0x5769,0x57c0,0x5788,//	39600 [9ab0] 
0x5761,0x577f,0x5789,0x5793,0x57a0,0x57b3,0x57a4,0x57aa,0x57b0,0x57c3,//	39610 [9aba] 
0x57c6,0x57d4,0x57d2,0x57d3,0x580a,0x57d6,0x57e3,0x580b,0x5819,0x581d,//	39620 [9ac4] 
0x5872,0x5821,0x5862,0x584b,0x5870,0x6bc0,0x5852,0x583d,0x5879,0x5885,//	39630 [9ace] 
0x58b9,0x589f,0x58ab,0x58ba,0x58de,0x58bb,0x58b8,0x58ae,0x58c5,0x58d3,//	39640 [9ad8] 
0x58d1,0x58d7,0x58d9,0x58d8,0x58e5,0x58dc,0x58e4,0x58df,0x58ef,0x58fa,//	39650 [9ae2] 
0x58f9,0x58fb,0x58fc,0x58fd,0x5902,0x590a,0x5910,0x591b,0x68a6,0x5925,//	39660 [9aec] 
0x592c,0x592d,0x5932,0x5938,0x593e,0x7ad2,0x5955,0x5950,0x594e,0x595a,//	39670 [9af6] 
0x5958,0x5962,0x5960,0x5967,0x596c,0x5969,0x0000,0x0000,0x0000,0x0000,//	39680 [9b00] 
0x0000,0x0000,0x0000,0x0000,0x0000,0x0000,0x0000,0x0000,0x0000,0x0000,//	39690 [9b0a] 
0x0000,0x0000,0x0000,0x0000,0x0000,0x0000,0x0000,0x0000,0x0000,0x0000,//	39700 [9b14] 
0x0000,0x0000,0x0000,0x0000,0x0000,0x0000,0x0000,0x0000,0x0000,0x0000,//	39710 [9b1e] 
0x0000,0x0000,0x0000,0x0000,0x0000,0x0000,0x0000,0x0000,0x0000,0x0000,//	39720 [9b28] 
0x0000,0x0000,0x0000,0x0000,0x0000,0x0000,0x0000,0x0000,0x0000,0x0000,//	39730 [9b32] 
0x0000,0x0000,0x0000,0x0000,0x0000,0x0000,0x0000,0x0000,0x0000,0x0000,//	39740 [9b3c] 
0x0000,0x0000,0x0000,0x5978,0x5981,0x599d,0x4f5e,0x4fab,0x59a3,0x59b2,//	39750 [9b46] 
0x59c6,0x59e8,0x59dc,0x598d,0x59d9,0x59da,0x5a25,0x5a1f,0x5a11,0x5a1c,//	39760 [9b50] 
0x5a09,0x5a1a,0x5a40,0x5a6c,0x5a49,0x5a35,0x5a36,0x5a62,0x5a6a,0x5a9a,//	39770 [9b5a] 
0x5abc,0x5abe,0x5acb,0x5ac2,0x5abd,0x5ae3,0x5ad7,0x5ae6,0x5ae9,0x5ad6,//	39780 [9b64] 
0x5afa,0x5afb,0x5b0c,0x5b0b,0x5b16,0x5b32,0x5ad0,0x5b2a,0x5b36,0x5b3e,//	39790 [9b6e] 
0x5b43,0x5b45,0x5b40,0x5b51,0x5b55,0x5b5a,0x5b5b,0x5b65,0x5b69,0x5b70,//	39800 [9b78] 
0x5b73,0x5b75,0x5b78,0x6588,0x5b7a,0x5b80,0x0000,0x5b83,0x5ba6,0x5bb8,//	39810 [9b82] 
0x5bc3,0x5bc7,0x5bc9,0x5bd4,0x5bd0,0x5be4,0x5be6,0x5be2,0x5bde,0x5be5,//	39820 [9b8c] 
0x5beb,0x5bf0,0x5bf6,0x5bf3,0x5c05,0x5c07,0x5c08,0x5c0d,0x5c13,0x5c20,//	39830 [9b96] 
0x5c22,0x5c28,0x5c38,0x5c39,0x5c41,0x5c46,0x5c4e,0x5c53,0x5c50,0x5c4f,//	39840 [9ba0] 
0x5b71,0x5c6c,0x5c6e,0x4e62,0x5c76,0x5c79,0x5c8c,0x5c91,0x5c94,0x599b,//	39850 [9baa] 
0x5cab,0x5cbb,0x5cb6,0x5cbc,0x5cb7,0x5cc5,0x5cbe,0x5cc7,0x5cd9,0x5ce9,//	39860 [9bb4] 
0x5cfd,0x5cfa,0x5ced,0x5d8c,0x5cea,0x5d0b,0x5d15,0x5d17,0x5d5c,0x5d1f,//	39870 [9bbe] 
0x5d1b,0x5d11,0x5d14,0x5d22,0x5d1a,0x5d19,0x5d18,0x5d4c,0x5d52,0x5d4e,//	39880 [9bc8] 
0x5d4b,0x5d6c,0x5d73,0x5d76,0x5d87,0x5d84,0x5d82,0x5da2,0x5d9d,0x5dac,//	39890 [9bd2] 
0x5dae,0x5dbd,0x5d90,0x5db7,0x5dbc,0x5dc9,0x5dcd,0x5dd3,0x5dd2,0x5dd6,//	39900 [9bdc] 
0x5ddb,0x5deb,0x5df2,0x5df5,0x5e0b,0x5e1a,0x5e19,0x5e11,0x5e1b,0x5e36,//	39910 [9be6] 
0x5e37,0x5e44,0x5e43,0x5e40,0x5e4e,0x5e57,0x5e54,0x5e5f,0x5e62,0x5e64,//	39920 [9bf0] 
0x5e47,0x5e75,0x5e76,0x5e7a,0x9ebc,0x5e7f,0x5ea0,0x5ec1,0x5ec2,0x5ec8,//	39930 [9bfa] 
0x5ed0,0x5ecf,0x0000,0x0000,0x0000,0x0000,0x0000,0x0000,0x0000,0x0000,//	39940 [9c04] 
0x0000,0x0000,0x0000,0x0000,0x0000,0x0000,0x0000,0x0000,0x0000,0x0000,//	39950 [9c0e] 
0x0000,0x0000,0x0000,0x0000,0x0000,0x0000,0x0000,0x0000,0x0000,0x0000,//	39960 [9c18] 
0x0000,0x0000,0x0000,0x0000,0x0000,0x0000,0x0000,0x0000,0x0000,0x0000,//	39970 [9c22] 
0x0000,0x0000,0x0000,0x0000,0x0000,0x0000,0x0000,0x0000,0x0000,0x0000,//	39980 [9c2c] 
0x0000,0x0000,0x0000,0x0000,0x0000,0x0000,0x0000,0x0000,0x0000,0x0000,//	39990 [9c36] 
0x0000,0x0000,0x0000,0x0000,0x0000,0x0000,0x0000,0x0000,0x0000,0x5ed6,//	40000 [9c40] 
0x5ee3,0x5edd,0x5eda,0x5edb,0x5ee2,0x5ee1,0x5ee8,0x5ee9,0x5eec,0x5ef1,//	40010 [9c4a] 
0x5ef3,0x5ef0,0x5ef4,0x5ef8,0x5efe,0x5f03,0x5f09,0x5f5d,0x5f5c,0x5f0b,//	40020 [9c54] 
0x5f11,0x5f16,0x5f29,0x5f2d,0x5f38,0x5f41,0x5f48,0x5f4c,0x5f4e,0x5f2f,//	40030 [9c5e] 
0x5f51,0x5f56,0x5f57,0x5f59,0x5f61,0x5f6d,0x5f73,0x5f77,0x5f83,0x5f82,//	40040 [9c68] 
0x5f7f,0x5f8a,0x5f88,0x5f91,0x5f87,0x5f9e,0x5f99,0x5f98,0x5fa0,0x5fa8,//	40050 [9c72] 
0x5fad,0x5fbc,0x5fd6,0x5ffb,0x5fe4,0x5ff8,0x5ff1,0x5fdd,0x60b3,0x5fff,//	40060 [9c7c] 
0x6021,0x6060,0x0000,0x6019,0x6010,0x6029,0x600e,0x6031,0x601b,0x6015,//	40070 [9c86] 
0x602b,0x6026,0x600f,0x603a,0x605a,0x6041,0x606a,0x6077,0x605f,0x604a,//	40080 [9c90] 
0x6046,0x604d,0x6063,0x6043,0x6064,0x6042,0x606c,0x606b,0x6059,0x6081,//	40090 [9c9a] 
0x608d,0x60e7,0x6083,0x609a,0x6084,0x609b,0x6096,0x6097,0x6092,0x60a7,//	40100 [9ca4] 
0x608b,0x60e1,0x60b8,0x60e0,0x60d3,0x60b4,0x5ff0,0x60bd,0x60c6,0x60b5,//	40110 [9cae] 
0x60d8,0x614d,0x6115,0x6106,0x60f6,0x60f7,0x6100,0x60f4,0x60fa,0x6103,//	40120 [9cb8] 
0x6121,0x60fb,0x60f1,0x610d,0x610e,0x6147,0x613e,0x6128,0x6127,0x614a,//	40130 [9cc2] 
0x613f,0x613c,0x612c,0x6134,0x613d,0x6142,0x6144,0x6173,0x6177,0x6158,//	40140 [9ccc] 
0x6159,0x615a,0x616b,0x6174,0x616f,0x6165,0x6171,0x615f,0x615d,0x6153,//	40150 [9cd6] 
0x6175,0x6199,0x6196,0x6187,0x61ac,0x6194,0x619a,0x618a,0x6191,0x61ab,//	40160 [9ce0] 
0x61ae,0x61cc,0x61ca,0x61c9,0x61f7,0x61c8,0x61c3,0x61c6,0x61ba,0x61cb,//	40170 [9cea] 
0x7f79,0x61cd,0x61e6,0x61e3,0x61f6,0x61fa,0x61f4,0x61ff,0x61fd,0x61fc,//	40180 [9cf4] 
0x61fe,0x6200,0x6208,0x6209,0x620d,0x620c,0x6214,0x621b,0x0000,0x0000,//	40190 [9cfe] 
0x0000,0x0000,0x0000,0x0000,0x0000,0x0000,0x0000,0x0000,0x0000,0x0000,//	40200 [9d08] 
0x0000,0x0000,0x0000,0x0000,0x0000,0x0000,0x0000,0x0000,0x0000,0x0000,//	40210 [9d12] 
0x0000,0x0000,0x0000,0x0000,0x0000,0x0000,0x0000,0x0000,0x0000,0x0000,//	40220 [9d1c] 
0x0000,0x0000,0x0000,0x0000,0x0000,0x0000,0x0000,0x0000,0x0000,0x0000,//	40230 [9d26] 
0x0000,0x0000,0x0000,0x0000,0x0000,0x0000,0x0000,0x0000,0x0000,0x0000,//	40240 [9d30] 
0x0000,0x0000,0x0000,0x0000,0x0000,0x0000,0x0000,0x0000,0x0000,0x0000,//	40250 [9d3a] 
0x0000,0x0000,0x0000,0x0000,0x0000,0x621e,0x6221,0x622a,0x622e,0x6230,//	40260 [9d44] 
0x6232,0x6233,0x6241,0x624e,0x625e,0x6263,0x625b,0x6260,0x6268,0x627c,//	40270 [9d4e] 
0x6282,0x6289,0x627e,0x6292,0x6293,0x6296,0x62d4,0x6283,0x6294,0x62d7,//	40280 [9d58] 
0x62d1,0x62bb,0x62cf,0x62ff,0x62c6,0x64d4,0x62c8,0x62dc,0x62cc,0x62ca,//	40290 [9d62] 
0x62c2,0x62c7,0x629b,0x62c9,0x630c,0x62ee,0x62f1,0x6327,0x6302,0x6308,//	40300 [9d6c] 
0x62ef,0x62f5,0x6350,0x633e,0x634d,0x641c,0x634f,0x6396,0x638e,0x6380,//	40310 [9d76] 
0x63ab,0x6376,0x63a3,0x638f,0x6389,0x639f,0x63b5,0x636b,0x0000,0x6369,//	40320 [9d80] 
0x63be,0x63e9,0x63c0,0x63c6,0x63e3,0x63c9,0x63d2,0x63f6,0x63c4,0x6416,//	40330 [9d8a] 
0x6434,0x6406,0x6413,0x6426,0x6436,0x651d,0x6417,0x6428,0x640f,0x6467,//	40340 [9d94] 
0x646f,0x6476,0x644e,0x652a,0x6495,0x6493,0x64a5,0x64a9,0x6488,0x64bc,//	40350 [9d9e] 
0x64da,0x64d2,0x64c5,0x64c7,0x64bb,0x64d8,0x64c2,0x64f1,0x64e7,0x8209,//	40360 [9da8] 
0x64e0,0x64e1,0x62ac,0x64e3,0x64ef,0x652c,0x64f6,0x64f4,0x64f2,0x64fa,//	40370 [9db2] 
0x6500,0x64fd,0x6518,0x651c,0x6505,0x6524,0x6523,0x652b,0x6534,0x6535,//	40380 [9dbc] 
0x6537,0x6536,0x6538,0x754b,0x6548,0x6556,0x6555,0x654d,0x6558,0x655e,//	40390 [9dc6] 
0x655d,0x6572,0x6578,0x6582,0x6583,0x8b8a,0x659b,0x659f,0x65ab,0x65b7,//	40400 [9dd0] 
0x65c3,0x65c6,0x65c1,0x65c4,0x65cc,0x65d2,0x65db,0x65d9,0x65e0,0x65e1,//	40410 [9dda] 
0x65f1,0x6772,0x660a,0x6603,0x65fb,0x6773,0x6635,0x6636,0x6634,0x661c,//	40420 [9de4] 
0x664f,0x6644,0x6649,0x6641,0x665e,0x665d,0x6664,0x6667,0x6668,0x665f,//	40430 [9dee] 
0x6662,0x6670,0x6683,0x6688,0x668e,0x6689,0x6684,0x6698,0x669d,0x66c1,//	40440 [9df8] 
0x66b9,0x66c9,0x66be,0x66bc,0x0000,0x0000,0x0000,0x0000,0x0000,0x0000,//	40450 [9e02] 
0x0000,0x0000,0x0000,0x0000,0x0000,0x0000,0x0000,0x0000,0x0000,0x0000,//	40460 [9e0c] 
0x0000,0x0000,0x0000,0x0000,0x0000,0x0000,0x0000,0x0000,0x0000,0x0000,//	40470 [9e16] 
0x0000,0x0000,0x0000,0x0000,0x0000,0x0000,0x0000,0x0000,0x0000,0x0000,//	40480 [9e20] 
0x0000,0x0000,0x0000,0x0000,0x0000,0x0000,0x0000,0x0000,0x0000,0x0000,//	40490 [9e2a] 
0x0000,0x0000,0x0000,0x0000,0x0000,0x0000,0x0000,0x0000,0x0000,0x0000,//	40500 [9e34] 
0x0000,0x0000,0x0000,0x0000,0x0000,0x0000,0x0000,0x0000,0x0000,0x0000,//	40510 [9e3e] 
0x0000,0x66c4,0x66b8,0x66d6,0x66da,0x66e0,0x663f,0x66e6,0x66e9,0x66f0,//	40520 [9e48] 
0x66f5,0x66f7,0x670f,0x6716,0x671e,0x6726,0x6727,0x9738,0x672e,0x673f,//	40530 [9e52] 
0x6736,0x6741,0x6738,0x6737,0x6746,0x675e,0x6760,0x6759,0x6763,0x6764,//	40540 [9e5c] 
0x6789,0x6770,0x67a9,0x677c,0x676a,0x678c,0x678b,0x67a6,0x67a1,0x6785,//	40550 [9e66] 
0x67b7,0x67ef,0x67b4,0x67ec,0x67b3,0x67e9,0x67b8,0x67e4,0x67de,0x67dd,//	40560 [9e70] 
0x67e2,0x67ee,0x67b9,0x67ce,0x67c6,0x67e7,0x6a9c,0x681e,0x6846,0x6829,//	40570 [9e7a] 
0x6840,0x684d,0x6832,0x684e,0x0000,0x68b3,0x682b,0x6859,0x6863,0x6877,//	40580 [9e84] 
0x687f,0x689f,0x688f,0x68ad,0x6894,0x689d,0x689b,0x6883,0x6aae,0x68b9,//	40590 [9e8e] 
0x6874,0x68b5,0x68a0,0x68ba,0x690f,0x688d,0x687e,0x6901,0x68ca,0x6908,//	40600 [9e98] 
0x68d8,0x6922,0x6926,0x68e1,0x690c,0x68cd,0x68d4,0x68e7,0x68d5,0x6936,//	40610 [9ea2] 
0x6912,0x6904,0x68d7,0x68e3,0x6925,0x68f9,0x68e0,0x68ef,0x6928,0x692a,//	40620 [9eac] 
0x691a,0x6923,0x6921,0x68c6,0x6979,0x6977,0x695c,0x6978,0x696b,0x6954,//	40630 [9eb6] 
0x697e,0x696e,0x6939,0x6974,0x693d,0x6959,0x6930,0x6961,0x695e,0x695d,//	40640 [9ec0] 
0x6981,0x696a,0x69b2,0x69ae,0x69d0,0x69bf,0x69c1,0x69d3,0x69be,0x69ce,//	40650 [9eca] 
0x5be8,0x69ca,0x69dd,0x69bb,0x69c3,0x69a7,0x6a2e,0x6991,0x69a0,0x699c,//	40660 [9ed4] 
0x6995,0x69b4,0x69de,0x69e8,0x6a02,0x6a1b,0x69ff,0x6b0a,0x69f9,0x69f2,//	40670 [9ede] 
0x69e7,0x6a05,0x69b1,0x6a1e,0x69ed,0x6a14,0x69eb,0x6a0a,0x6a12,0x6ac1,//	40680 [9ee8] 
0x6a23,0x6a13,0x6a44,0x6a0c,0x6a72,0x6a36,0x6a78,0x6a47,0x6a62,0x6a59,//	40690 [9ef2] 
0x6a66,0x6a48,0x6a38,0x6a22,0x6a90,0x6a8d,0x6aa0,0x6a84,0x6aa2,0x6aa3,//	40700 [9efc] 
0x0000,0x0000,0x0000,0x0000,0x0000,0x0000,0x0000,0x0000,0x0000,0x0000,//	40710 [9f06] 
0x0000,0x0000,0x0000,0x0000,0x0000,0x0000,0x0000,0x0000,0x0000,0x0000,//	40720 [9f10] 
0x0000,0x0000,0x0000,0x0000,0x0000,0x0000,0x0000,0x0000,0x0000,0x0000,//	40730 [9f1a] 
0x0000,0x0000,0x0000,0x0000,0x0000,0x0000,0x0000,0x0000,0x0000,0x0000,//	40740 [9f24] 
0x0000,0x0000,0x0000,0x0000,0x0000,0x0000,0x0000,0x0000,0x0000,0x0000,//	40750 [9f2e] 
0x0000,0x0000,0x0000,0x0000,0x0000,0x0000,0x0000,0x0000,0x0000,0x0000,//	40760 [9f38] 
0x0000,0x0000,0x0000,0x0000,0x0000,0x0000,0x0000,0x6a97,0x8617,0x6abb,//	40770 [9f42] 
0x6ac3,0x6ac2,0x6ab8,0x6ab3,0x6aac,0x6ade,0x6ad1,0x6adf,0x6aaa,0x6ada,//	40780 [9f4c] 
0x6aea,0x6afb,0x6b05,0x8616,0x6afa,0x6b12,0x6b16,0x9b31,0x6b1f,0x6b38,//	40790 [9f56] 
0x6b37,0x76dc,0x6b39,0x98ee,0x6b47,0x6b43,0x6b49,0x6b50,0x6b59,0x6b54,//	40800 [9f60] 
0x6b5b,0x6b5f,0x6b61,0x6b78,0x6b79,0x6b7f,0x6b80,0x6b84,0x6b83,0x6b8d,//	40810 [9f6a] 
0x6b98,0x6b95,0x6b9e,0x6ba4,0x6baa,0x6bab,0x6baf,0x6bb2,0x6bb1,0x6bb3,//	40820 [9f74] 
0x6bb7,0x6bbc,0x6bc6,0x6bcb,0x6bd3,0x6bdf,0x6bec,0x6beb,0x6bf3,0x6bef,//	40830 [9f7e] 
0x0000,0x9ebe,0x6c08,0x6c13,0x6c14,0x6c1b,0x6c24,0x6c23,0x6c5e,0x6c55,//	40840 [9f88] 
0x6c62,0x6c6a,0x6c82,0x6c8d,0x6c9a,0x6c81,0x6c9b,0x6c7e,0x6c68,0x6c73,//	40850 [9f92] 
0x6c92,0x6c90,0x6cc4,0x6cf1,0x6cd3,0x6cbd,0x6cd7,0x6cc5,0x6cdd,0x6cae,//	40860 [9f9c] 
0x6cb1,0x6cbe,0x6cba,0x6cdb,0x6cef,0x6cd9,0x6cea,0x6d1f,0x884d,0x6d36,//	40870 [9fa6] 
0x6d2b,0x6d3d,0x6d38,0x6d19,0x6d35,0x6d33,0x6d12,0x6d0c,0x6d63,0x6d93,//	40880 [9fb0] 
0x6d64,0x6d5a,0x6d79,0x6d59,0x6d8e,0x6d95,0x6fe4,0x6d85,0x6df9,0x6e15,//	40890 [9fba] 
0x6e0a,0x6db5,0x6dc7,0x6de6,0x6db8,0x6dc6,0x6dec,0x6dde,0x6dcc,0x6de8,//	40900 [9fc4] 
0x6dd2,0x6dc5,0x6dfa,0x6dd9,0x6de4,0x6dd5,0x6dea,0x6dee,0x6e2d,0x6e6e,//	40910 [9fce] 
0x6e2e,0x6e19,0x6e72,0x6e5f,0x6e3e,0x6e23,0x6e6b,0x6e2b,0x6e76,0x6e4d,//	40920 [9fd8] 
0x6e1f,0x6e43,0x6e3a,0x6e4e,0x6e24,0x6eff,0x6e1d,0x6e38,0x6e82,0x6eaa,//	40930 [9fe2] 
0x6e98,0x6ec9,0x6eb7,0x6ed3,0x6ebd,0x6eaf,0x6ec4,0x6eb2,0x6ed4,0x6ed5,//	40940 [9fec] 
0x6e8f,0x6ea5,0x6ec2,0x6e9f,0x6f41,0x6f11,0x704c,0x6eec,0x6ef8,0x6efe,//	40950 [9ff6] 
0x6f3f,0x6ef2,0x6f31,0x6eef,0x6f32,0x6ecc,0x0000,0x0000,0x0000,0x0000,//	40960 [a000] 
0x0000,0x0000,0x0000,0x0000,0x0000,0x0000,0x0000,0x0000,0x0000,0x0000,//	40970 [a00a] 
0x0000,0x0000,0x0000,0x0000,0x0000,0x0000,0x0000,0x0000,0x0000,0x0000,//	40980 [a014] 
0x0000,0x0000,0x0000,0x0000,0x0000,0x0000,0x0000,0x0000,0x0000,0x0000,//	40990 [a01e] 
0x0000,0x0000,0x0000,0x0000,0x0000,0x0000,0x0000,0x0000,0x0000,0x0000,//	41000 [a028] 
0x0000,0x0000,0x0000,0x0000,0x0000,0x0000,0x0000,0x0000,0x0000,0x0000,//	41010 [a032] 
0x0000,0x0000,0x0000,0x0000,0x0000,0x0000,0x0000,0x0000,0x0000,0x0000,//	41020 [a03c] 
0x0000,0x0000,0x0000,0x0000,0x0000,0x0000,0x0000,0x0000,0x0000,0x0000,//	41030 [a046] 
0x0000,0x0000,0x0000,0x0000,0x0000,0x0000,0x0000,0x0000,0x0000,0x0000,//	41040 [a050] 
0x0000,0x0000,0x0000,0x0000,0x0000,0x0000,0x0000,0x0000,0x0000,0x0000,//	41050 [a05a] 
0x0000,0x0000,0x0000,0x0000,0x0000,0x0000,0x0000,0x0000,0x0000,0x0000,//	41060 [a064] 
0x0000,0x0000,0x0000,0x0000,0x0000,0x0000,0x0000,0x0000,0x0000,0x0000,//	41070 [a06e] 
0x0000,0x0000,0x0000,0x0000,0x0000,0x0000,0x0000,0x0000,0x0000,0x0000,//	41080 [a078] 
0x0000,0x0000,0x0000,0x0000,0x0000,0x0000,0x0000,0x0000,0x0000,0x0000,//	41090 [a082] 
0x0000,0x0000,0x0000,0x0000,0x0000,0x0000,0x0000,0x0000,0x0000,0x0000,//	41100 [a08c] 
0x0000,0x0000,0x0000,0x0000,0x0000,0x0000,0x0000,0x0000,0x0000,0x0000,//	41110 [a096] 
0x0000,0x0000,0x0000,0x0000,0x0000,0x0000,0x0000,0x0000,0x0000,0x0000,//	41120 [a0a0] 
0x0000,0x0000,0x0000,0x0000,0x0000,0x0000,0x0000,0x0000,0x0000,0x0000,//	41130 [a0aa] 
0x0000,0x0000,0x0000,0x0000,0x0000,0x0000,0x0000,0x0000,0x0000,0x0000,//	41140 [a0b4] 
0x0000,0x0000,0x0000,0x0000,0x0000,0x0000,0x0000,0x0000,0x0000,0x0000,//	41150 [a0be] 
0x0000,0x0000,0x0000,0x0000,0x0000,0x0000,0x0000,0x0000,0x0000,0x0000,//	41160 [a0c8] 
0x0000,0x0000,0x0000,0x0000,0x0000,0x0000,0x0000,0x0000,0x0000,0x0000,//	41170 [a0d2] 
0x0000,0x0000,0x0000,0x0000,0x0000,0x0000,0x0000,0x0000,0x0000,0x0000,//	41180 [a0dc] 
0x0000,0x0000,0x0000,0x0000,0x0000,0x0000,0x0000,0x0000,0x0000,0x0000,//	41190 [a0e6] 
0x0000,0x0000,0x0000,0x0000,0x0000,0x0000,0x0000,0x0000,0x0000,0x0000,//	41200 [a0f0] 
0x0000,0x0000,0x0000,0x0000,0x0000,0x0000,0x0000,0x0000,0x0000,0x0000,//	41210 [a0fa] 
0x0000,0x0000,0x0000,0x0000,0x0000,0x0000,0x0000,0x0000,0x0000,0x0000,//	41220 [a104] 
0x0000,0x0000,0x0000,0x0000,0x0000,0x0000,0x0000,0x0000,0x0000,0x0000,//	41230 [a10e] 
0x0000,0x0000,0x0000,0x0000,0x0000,0x0000,0x0000,0x0000,0x0000,0x0000,//	41240 [a118] 
0x0000,0x0000,0x0000,0x0000,0x0000,0x0000,0x0000,0x0000,0x0000,0x0000,//	41250 [a122] 
0x0000,0x0000,0x0000,0x0000,0x0000,0x0000,0x0000,0x0000,0x0000,0x0000,//	41260 [a12c] 
0x0000,0x0000,0x0000,0x0000,0x0000,0x0000,0x0000,0x0000,0x0000,0x0000,//	41270 [a136] 
0x0000,0x0000,0x0000,0x0000,0x0000,0x0000,0x0000,0x0000,0x0000,0x0000,//	41280 [a140] 
0x0000,0x0000,0x0000,0x0000,0x0000,0x0000,0x0000,0x0000,0x0000,0x0000,//	41290 [a14a] 
0x0000,0x0000,0x0000,0x0000,0x0000,0x0000,0x0000,0x0000,0x0000,0x0000,//	41300 [a154] 
0x0000,0x0000,0x0000,0x0000,0x0000,0x0000,0x0000,0x0000,0x0000,0x0000,//	41310 [a15e] 
0x0000,0x0000,0x0000,0x0000,0x0000,0x0000,0x0000,0x0000,0x0000,0x0000,//	41320 [a168] 
0x0000,0x0000,0x0000,0x0000,0x0000,0x0000,0x0000,0x0000,0x0000,0x0000,//	41330 [a172] 
0x0000,0x0000,0x0000,0x0000,0x0000,0x0000,0x0000,0x0000,0x0000,0x0000,//	41340 [a17c] 
0x0000,0x0000,0x0000,0x0000,0x0000,0x0000,0x0000,0x0000,0x0000,0x0000,//	41350 [a186] 
0x0000,0x0000,0x0000,0x0000,0x0000,0x0000,0x0000,0x0000,0x0000,0x0000,//	41360 [a190] 
0x0000,0x0000,0x0000,0x0000,0x0000,0x0000,0x0000,0x0000,0x0000,0x0000,//	41370 [a19a] 
0x0000,0x0000,0x0000,0x0000,0x0000,0x0000,0x0000,0x0000,0x0000,0x0000,//	41380 [a1a4] 
0x0000,0x0000,0x0000,0x0000,0x0000,0x0000,0x0000,0x0000,0x0000,0x0000,//	41390 [a1ae] 
0x0000,0x0000,0x0000,0x0000,0x0000,0x0000,0x0000,0x0000,0x0000,0x0000,//	41400 [a1b8] 
0x0000,0x0000,0x0000,0x0000,0x0000,0x0000,0x0000,0x0000,0x0000,0x0000,//	41410 [a1c2] 
0x0000,0x0000,0x0000,0x0000,0x0000,0x0000,0x0000,0x0000,0x0000,0x0000,//	41420 [a1cc] 
0x0000,0x0000,0x0000,0x0000,0x0000,0x0000,0x0000,0x0000,0x0000,0x0000,//	41430 [a1d6] 
0x0000,0x0000,0x0000,0x0000,0x0000,0x0000,0x0000,0x0000,0x0000,0x0000,//	41440 [a1e0] 
0x0000,0x0000,0x0000,0x0000,0x0000,0x0000,0x0000,0x0000,0x0000,0x0000,//	41450 [a1ea] 
0x0000,0x0000,0x0000,0x0000,0x0000,0x0000,0x0000,0x0000,0x0000,0x0000,//	41460 [a1f4] 
0x0000,0x0000,0x0000,0x0000,0x0000,0x0000,0x0000,0x0000,0x0000,0x0000,//	41470 [a1fe] 
0x0000,0x0000,0x0000,0x0000,0x0000,0x0000,0x0000,0x0000,0x0000,0x0000,//	41480 [a208] 
0x0000,0x0000,0x0000,0x0000,0x0000,0x0000,0x0000,0x0000,0x0000,0x0000,//	41490 [a212] 
0x0000,0x0000,0x0000,0x0000,0x0000,0x0000,0x0000,0x0000,0x0000,0x0000,//	41500 [a21c] 
0x0000,0x0000,0x0000,0x0000,0x0000,0x0000,0x0000,0x0000,0x0000,0x0000,//	41510 [a226] 
0x0000,0x0000,0x0000,0x0000,0x0000,0x0000,0x0000,0x0000,0x0000,0x0000,//	41520 [a230] 
0x0000,0x0000,0x0000,0x0000,0x0000,0x0000,0x0000,0x0000,0x0000,0x0000,//	41530 [a23a] 
0x0000,0x0000,0x0000,0x0000,0x0000,0x0000,0x0000,0x0000,0x0000,0x0000,//	41540 [a244] 
0x0000,0x0000,0x0000,0x0000,0x0000,0x0000,0x0000,0x0000,0x0000,0x0000,//	41550 [a24e] 
0x0000,0x0000,0x0000,0x0000,0x0000,0x0000,0x0000,0x0000,0x0000,0x0000,//	41560 [a258] 
0x0000,0x0000,0x0000,0x0000,0x0000,0x0000,0x0000,0x0000,0x0000,0x0000,//	41570 [a262] 
0x0000,0x0000,0x0000,0x0000,0x0000,0x0000,0x0000,0x0000,0x0000,0x0000,//	41580 [a26c] 
0x0000,0x0000,0x0000,0x0000,0x0000,0x0000,0x0000,0x0000,0x0000,0x0000,//	41590 [a276] 
0x0000,0x0000,0x0000,0x0000,0x0000,0x0000,0x0000,0x0000,0x0000,0x0000,//	41600 [a280] 
0x0000,0x0000,0x0000,0x0000,0x0000,0x0000,0x0000,0x0000,0x0000,0x0000,//	41610 [a28a] 
0x0000,0x0000,0x0000,0x0000,0x0000,0x0000,0x0000,0x0000,0x0000,0x0000,//	41620 [a294] 
0x0000,0x0000,0x0000,0x0000,0x0000,0x0000,0x0000,0x0000,0x0000,0x0000,//	41630 [a29e] 
0x0000,0x0000,0x0000,0x0000,0x0000,0x0000,0x0000,0x0000,0x0000,0x0000,//	41640 [a2a8] 
0x0000,0x0000,0x0000,0x0000,0x0000,0x0000,0x0000,0x0000,0x0000,0x0000,//	41650 [a2b2] 
0x0000,0x0000,0x0000,0x0000,0x0000,0x0000,0x0000,0x0000,0x0000,0x0000,//	41660 [a2bc] 
0x0000,0x0000,0x0000,0x0000,0x0000,0x0000,0x0000,0x0000,0x0000,0x0000,//	41670 [a2c6] 
0x0000,0x0000,0x0000,0x0000,0x0000,0x0000,0x0000,0x0000,0x0000,0x0000,//	41680 [a2d0] 
0x0000,0x0000,0x0000,0x0000,0x0000,0x0000,0x0000,0x0000,0x0000,0x0000,//	41690 [a2da] 
0x0000,0x0000,0x0000,0x0000,0x0000,0x0000,0x0000,0x0000,0x0000,0x0000,//	41700 [a2e4] 
0x0000,0x0000,0x0000,0x0000,0x0000,0x0000,0x0000,0x0000,0x0000,0x0000,//	41710 [a2ee] 
0x0000,0x0000,0x0000,0x0000,0x0000,0x0000,0x0000,0x0000,0x0000,0x0000,//	41720 [a2f8] 
0x0000,0x0000,0x0000,0x0000,0x0000,0x0000,0x0000,0x0000,0x0000,0x0000,//	41730 [a302] 
0x0000,0x0000,0x0000,0x0000,0x0000,0x0000,0x0000,0x0000,0x0000,0x0000,//	41740 [a30c] 
0x0000,0x0000,0x0000,0x0000,0x0000,0x0000,0x0000,0x0000,0x0000,0x0000,//	41750 [a316] 
0x0000,0x0000,0x0000,0x0000,0x0000,0x0000,0x0000,0x0000,0x0000,0x0000,//	41760 [a320] 
0x0000,0x0000,0x0000,0x0000,0x0000,0x0000,0x0000,0x0000,0x0000,0x0000,//	41770 [a32a] 
0x0000,0x0000,0x0000,0x0000,0x0000,0x0000,0x0000,0x0000,0x0000,0x0000,//	41780 [a334] 
0x0000,0x0000,0x0000,0x0000,0x0000,0x0000,0x0000,0x0000,0x0000,0x0000,//	41790 [a33e] 
0x0000,0x0000,0x0000,0x0000,0x0000,0x0000,0x0000,0x0000,0x0000,0x0000,//	41800 [a348] 
0x0000,0x0000,0x0000,0x0000,0x0000,0x0000,0x0000,0x0000,0x0000,0x0000,//	41810 [a352] 
0x0000,0x0000,0x0000,0x0000,0x0000,0x0000,0x0000,0x0000,0x0000,0x0000,//	41820 [a35c] 
0x0000,0x0000,0x0000,0x0000,0x0000,0x0000,0x0000,0x0000,0x0000,0x0000,//	41830 [a366] 
0x0000,0x0000,0x0000,0x0000,0x0000,0x0000,0x0000,0x0000,0x0000,0x0000,//	41840 [a370] 
0x0000,0x0000,0x0000,0x0000,0x0000,0x0000,0x0000,0x0000,0x0000,0x0000,//	41850 [a37a] 
0x0000,0x0000,0x0000,0x0000,0x0000,0x0000,0x0000,0x0000,0x0000,0x0000,//	41860 [a384] 
0x0000,0x0000,0x0000,0x0000,0x0000,0x0000,0x0000,0x0000,0x0000,0x0000,//	41870 [a38e] 
0x0000,0x0000,0x0000,0x0000,0x0000,0x0000,0x0000,0x0000,0x0000,0x0000,//	41880 [a398] 
0x0000,0x0000,0x0000,0x0000,0x0000,0x0000,0x0000,0x0000,0x0000,0x0000,//	41890 [a3a2] 
0x0000,0x0000,0x0000,0x0000,0x0000,0x0000,0x0000,0x0000,0x0000,0x0000,//	41900 [a3ac] 
0x0000,0x0000,0x0000,0x0000,0x0000,0x0000,0x0000,0x0000,0x0000,0x0000,//	41910 [a3b6] 
0x0000,0x0000,0x0000,0x0000,0x0000,0x0000,0x0000,0x0000,0x0000,0x0000,//	41920 [a3c0] 
0x0000,0x0000,0x0000,0x0000,0x0000,0x0000,0x0000,0x0000,0x0000,0x0000,//	41930 [a3ca] 
0x0000,0x0000,0x0000,0x0000,0x0000,0x0000,0x0000,0x0000,0x0000,0x0000,//	41940 [a3d4] 
0x0000,0x0000,0x0000,0x0000,0x0000,0x0000,0x0000,0x0000,0x0000,0x0000,//	41950 [a3de] 
0x0000,0x0000,0x0000,0x0000,0x0000,0x0000,0x0000,0x0000,0x0000,0x0000,//	41960 [a3e8] 
0x0000,0x0000,0x0000,0x0000,0x0000,0x0000,0x0000,0x0000,0x0000,0x0000,//	41970 [a3f2] 
0x0000,0x0000,0x0000,0x0000,0x0000,0x0000,0x0000,0x0000,0x0000,0x0000,//	41980 [a3fc] 
0x0000,0x0000,0x0000,0x0000,0x0000,0x0000,0x0000,0x0000,0x0000,0x0000,//	41990 [a406] 
0x0000,0x0000,0x0000,0x0000,0x0000,0x0000,0x0000,0x0000,0x0000,0x0000,//	42000 [a410] 
0x0000,0x0000,0x0000,0x0000,0x0000,0x0000,0x0000,0x0000,0x0000,0x0000,//	42010 [a41a] 
0x0000,0x0000,0x0000,0x0000,0x0000,0x0000,0x0000,0x0000,0x0000,0x0000,//	42020 [a424] 
0x0000,0x0000,0x0000,0x0000,0x0000,0x0000,0x0000,0x0000,0x0000,0x0000,//	42030 [a42e] 
0x0000,0x0000,0x0000,0x0000,0x0000,0x0000,0x0000,0x0000,0x0000,0x0000,//	42040 [a438] 
0x0000,0x0000,0x0000,0x0000,0x0000,0x0000,0x0000,0x0000,0x0000,0x0000,//	42050 [a442] 
0x0000,0x0000,0x0000,0x0000,0x0000,0x0000,0x0000,0x0000,0x0000,0x0000,//	42060 [a44c] 
0x0000,0x0000,0x0000,0x0000,0x0000,0x0000,0x0000,0x0000,0x0000,0x0000,//	42070 [a456] 
0x0000,0x0000,0x0000,0x0000,0x0000,0x0000,0x0000,0x0000,0x0000,0x0000,//	42080 [a460] 
0x0000,0x0000,0x0000,0x0000,0x0000,0x0000,0x0000,0x0000,0x0000,0x0000,//	42090 [a46a] 
0x0000,0x0000,0x0000,0x0000,0x0000,0x0000,0x0000,0x0000,0x0000,0x0000,//	42100 [a474] 
0x0000,0x0000,0x0000,0x0000,0x0000,0x0000,0x0000,0x0000,0x0000,0x0000,//	42110 [a47e] 
0x0000,0x0000,0x0000,0x0000,0x0000,0x0000,0x0000,0x0000,0x0000,0x0000,//	42120 [a488] 
0x0000,0x0000,0x0000,0x0000,0x0000,0x0000,0x0000,0x0000,0x0000,0x0000,//	42130 [a492] 
0x0000,0x0000,0x0000,0x0000,0x0000,0x0000,0x0000,0x0000,0x0000,0x0000,//	42140 [a49c] 
0x0000,0x0000,0x0000,0x0000,0x0000,0x0000,0x0000,0x0000,0x0000,0x0000,//	42150 [a4a6] 
0x0000,0x0000,0x0000,0x0000,0x0000,0x0000,0x0000,0x0000,0x0000,0x0000,//	42160 [a4b0] 
0x0000,0x0000,0x0000,0x0000,0x0000,0x0000,0x0000,0x0000,0x0000,0x0000,//	42170 [a4ba] 
0x0000,0x0000,0x0000,0x0000,0x0000,0x0000,0x0000,0x0000,0x0000,0x0000,//	42180 [a4c4] 
0x0000,0x0000,0x0000,0x0000,0x0000,0x0000,0x0000,0x0000,0x0000,0x0000,//	42190 [a4ce] 
0x0000,0x0000,0x0000,0x0000,0x0000,0x0000,0x0000,0x0000,0x0000,0x0000,//	42200 [a4d8] 
0x0000,0x0000,0x0000,0x0000,0x0000,0x0000,0x0000,0x0000,0x0000,0x0000,//	42210 [a4e2] 
0x0000,0x0000,0x0000,0x0000,0x0000,0x0000,0x0000,0x0000,0x0000,0x0000,//	42220 [a4ec] 
0x0000,0x0000,0x0000,0x0000,0x0000,0x0000,0x0000,0x0000,0x0000,0x0000,//	42230 [a4f6] 
0x0000,0x0000,0x0000,0x0000,0x0000,0x0000,0x0000,0x0000,0x0000,0x0000,//	42240 [a500] 
0x0000,0x0000,0x0000,0x0000,0x0000,0x0000,0x0000,0x0000,0x0000,0x0000,//	42250 [a50a] 
0x0000,0x0000,0x0000,0x0000,0x0000,0x0000,0x0000,0x0000,0x0000,0x0000,//	42260 [a514] 
0x0000,0x0000,0x0000,0x0000,0x0000,0x0000,0x0000,0x0000,0x0000,0x0000,//	42270 [a51e] 
0x0000,0x0000,0x0000,0x0000,0x0000,0x0000,0x0000,0x0000,0x0000,0x0000,//	42280 [a528] 
0x0000,0x0000,0x0000,0x0000,0x0000,0x0000,0x0000,0x0000,0x0000,0x0000,//	42290 [a532] 
0x0000,0x0000,0x0000,0x0000,0x0000,0x0000,0x0000,0x0000,0x0000,0x0000,//	42300 [a53c] 
0x0000,0x0000,0x0000,0x0000,0x0000,0x0000,0x0000,0x0000,0x0000,0x0000,//	42310 [a546] 
0x0000,0x0000,0x0000,0x0000,0x0000,0x0000,0x0000,0x0000,0x0000,0x0000,//	42320 [a550] 
0x0000,0x0000,0x0000,0x0000,0x0000,0x0000,0x0000,0x0000,0x0000,0x0000,//	42330 [a55a] 
0x0000,0x0000,0x0000,0x0000,0x0000,0x0000,0x0000,0x0000,0x0000,0x0000,//	42340 [a564] 
0x0000,0x0000,0x0000,0x0000,0x0000,0x0000,0x0000,0x0000,0x0000,0x0000,//	42350 [a56e] 
0x0000,0x0000,0x0000,0x0000,0x0000,0x0000,0x0000,0x0000,0x0000,0x0000,//	42360 [a578] 
0x0000,0x0000,0x0000,0x0000,0x0000,0x0000,0x0000,0x0000,0x0000,0x0000,//	42370 [a582] 
0x0000,0x0000,0x0000,0x0000,0x0000,0x0000,0x0000,0x0000,0x0000,0x0000,//	42380 [a58c] 
0x0000,0x0000,0x0000,0x0000,0x0000,0x0000,0x0000,0x0000,0x0000,0x0000,//	42390 [a596] 
0x0000,0x0000,0x0000,0x0000,0x0000,0x0000,0x0000,0x0000,0x0000,0x0000,//	42400 [a5a0] 
0x0000,0x0000,0x0000,0x0000,0x0000,0x0000,0x0000,0x0000,0x0000,0x0000,//	42410 [a5aa] 
0x0000,0x0000,0x0000,0x0000,0x0000,0x0000,0x0000,0x0000,0x0000,0x0000,//	42420 [a5b4] 
0x0000,0x0000,0x0000,0x0000,0x0000,0x0000,0x0000,0x0000,0x0000,0x0000,//	42430 [a5be] 
0x0000,0x0000,0x0000,0x0000,0x0000,0x0000,0x0000,0x0000,0x0000,0x0000,//	42440 [a5c8] 
0x0000,0x0000,0x0000,0x0000,0x0000,0x0000,0x0000,0x0000,0x0000,0x0000,//	42450 [a5d2] 
0x0000,0x0000,0x0000,0x0000,0x0000,0x0000,0x0000,0x0000,0x0000,0x0000,//	42460 [a5dc] 
0x0000,0x0000,0x0000,0x0000,0x0000,0x0000,0x0000,0x0000,0x0000,0x0000,//	42470 [a5e6] 
0x0000,0x0000,0x0000,0x0000,0x0000,0x0000,0x0000,0x0000,0x0000,0x0000,//	42480 [a5f0] 
0x0000,0x0000,0x0000,0x0000,0x0000,0x0000,0x0000,0x0000,0x0000,0x0000,//	42490 [a5fa] 
0x0000,0x0000,0x0000,0x0000,0x0000,0x0000,0x0000,0x0000,0x0000,0x0000,//	42500 [a604] 
0x0000,0x0000,0x0000,0x0000,0x0000,0x0000,0x0000,0x0000,0x0000,0x0000,//	42510 [a60e] 
0x0000,0x0000,0x0000,0x0000,0x0000,0x0000,0x0000,0x0000,0x0000,0x0000,//	42520 [a618] 
0x0000,0x0000,0x0000,0x0000,0x0000,0x0000,0x0000,0x0000,0x0000,0x0000,//	42530 [a622] 
0x0000,0x0000,0x0000,0x0000,0x0000,0x0000,0x0000,0x0000,0x0000,0x0000,//	42540 [a62c] 
0x0000,0x0000,0x0000,0x0000,0x0000,0x0000,0x0000,0x0000,0x0000,0x0000,//	42550 [a636] 
0x0000,0x0000,0x0000,0x0000,0x0000,0x0000,0x0000,0x0000,0x0000,0x0000,//	42560 [a640] 
0x0000,0x0000,0x0000,0x0000,0x0000,0x0000,0x0000,0x0000,0x0000,0x0000,//	42570 [a64a] 
0x0000,0x0000,0x0000,0x0000,0x0000,0x0000,0x0000,0x0000,0x0000,0x0000,//	42580 [a654] 
0x0000,0x0000,0x0000,0x0000,0x0000,0x0000,0x0000,0x0000,0x0000,0x0000,//	42590 [a65e] 
0x0000,0x0000,0x0000,0x0000,0x0000,0x0000,0x0000,0x0000,0x0000,0x0000,//	42600 [a668] 
0x0000,0x0000,0x0000,0x0000,0x0000,0x0000,0x0000,0x0000,0x0000,0x0000,//	42610 [a672] 
0x0000,0x0000,0x0000,0x0000,0x0000,0x0000,0x0000,0x0000,0x0000,0x0000,//	42620 [a67c] 
0x0000,0x0000,0x0000,0x0000,0x0000,0x0000,0x0000,0x0000,0x0000,0x0000,//	42630 [a686] 
0x0000,0x0000,0x0000,0x0000,0x0000,0x0000,0x0000,0x0000,0x0000,0x0000,//	42640 [a690] 
0x0000,0x0000,0x0000,0x0000,0x0000,0x0000,0x0000,0x0000,0x0000,0x0000,//	42650 [a69a] 
0x0000,0x0000,0x0000,0x0000,0x0000,0x0000,0x0000,0x0000,0x0000,0x0000,//	42660 [a6a4] 
0x0000,0x0000,0x0000,0x0000,0x0000,0x0000,0x0000,0x0000,0x0000,0x0000,//	42670 [a6ae] 
0x0000,0x0000,0x0000,0x0000,0x0000,0x0000,0x0000,0x0000,0x0000,0x0000,//	42680 [a6b8] 
0x0000,0x0000,0x0000,0x0000,0x0000,0x0000,0x0000,0x0000,0x0000,0x0000,//	42690 [a6c2] 
0x0000,0x0000,0x0000,0x0000,0x0000,0x0000,0x0000,0x0000,0x0000,0x0000,//	42700 [a6cc] 
0x0000,0x0000,0x0000,0x0000,0x0000,0x0000,0x0000,0x0000,0x0000,0x0000,//	42710 [a6d6] 
0x0000,0x0000,0x0000,0x0000,0x0000,0x0000,0x0000,0x0000,0x0000,0x0000,//	42720 [a6e0] 
0x0000,0x0000,0x0000,0x0000,0x0000,0x0000,0x0000,0x0000,0x0000,0x0000,//	42730 [a6ea] 
0x0000,0x0000,0x0000,0x0000,0x0000,0x0000,0x0000,0x0000,0x0000,0x0000,//	42740 [a6f4] 
0x0000,0x0000,0x0000,0x0000,0x0000,0x0000,0x0000,0x0000,0x0000,0x0000,//	42750 [a6fe] 
0x0000,0x0000,0x0000,0x0000,0x0000,0x0000,0x0000,0x0000,0x0000,0x0000,//	42760 [a708] 
0x0000,0x0000,0x0000,0x0000,0x0000,0x0000,0x0000,0x0000,0x0000,0x0000,//	42770 [a712] 
0x0000,0x0000,0x0000,0x0000,0x0000,0x0000,0x0000,0x0000,0x0000,0x0000,//	42780 [a71c] 
0x0000,0x0000,0x0000,0x0000,0x0000,0x0000,0x0000,0x0000,0x0000,0x0000,//	42790 [a726] 
0x0000,0x0000,0x0000,0x0000,0x0000,0x0000,0x0000,0x0000,0x0000,0x0000,//	42800 [a730] 
0x0000,0x0000,0x0000,0x0000,0x0000,0x0000,0x0000,0x0000,0x0000,0x0000,//	42810 [a73a] 
0x0000,0x0000,0x0000,0x0000,0x0000,0x0000,0x0000,0x0000,0x0000,0x0000,//	42820 [a744] 
0x0000,0x0000,0x0000,0x0000,0x0000,0x0000,0x0000,0x0000,0x0000,0x0000,//	42830 [a74e] 
0x0000,0x0000,0x0000,0x0000,0x0000,0x0000,0x0000,0x0000,0x0000,0x0000,//	42840 [a758] 
0x0000,0x0000,0x0000,0x0000,0x0000,0x0000,0x0000,0x0000,0x0000,0x0000,//	42850 [a762] 
0x0000,0x0000,0x0000,0x0000,0x0000,0x0000,0x0000,0x0000,0x0000,0x0000,//	42860 [a76c] 
0x0000,0x0000,0x0000,0x0000,0x0000,0x0000,0x0000,0x0000,0x0000,0x0000,//	42870 [a776] 
0x0000,0x0000,0x0000,0x0000,0x0000,0x0000,0x0000,0x0000,0x0000,0x0000,//	42880 [a780] 
0x0000,0x0000,0x0000,0x0000,0x0000,0x0000,0x0000,0x0000,0x0000,0x0000,//	42890 [a78a] 
0x0000,0x0000,0x0000,0x0000,0x0000,0x0000,0x0000,0x0000,0x0000,0x0000,//	42900 [a794] 
0x0000,0x0000,0x0000,0x0000,0x0000,0x0000,0x0000,0x0000,0x0000,0x0000,//	42910 [a79e] 
0x0000,0x0000,0x0000,0x0000,0x0000,0x0000,0x0000,0x0000,0x0000,0x0000,//	42920 [a7a8] 
0x0000,0x0000,0x0000,0x0000,0x0000,0x0000,0x0000,0x0000,0x0000,0x0000,//	42930 [a7b2] 
0x0000,0x0000,0x0000,0x0000,0x0000,0x0000,0x0000,0x0000,0x0000,0x0000,//	42940 [a7bc] 
0x0000,0x0000,0x0000,0x0000,0x0000,0x0000,0x0000,0x0000,0x0000,0x0000,//	42950 [a7c6] 
0x0000,0x0000,0x0000,0x0000,0x0000,0x0000,0x0000,0x0000,0x0000,0x0000,//	42960 [a7d0] 
0x0000,0x0000,0x0000,0x0000,0x0000,0x0000,0x0000,0x0000,0x0000,0x0000,//	42970 [a7da] 
0x0000,0x0000,0x0000,0x0000,0x0000,0x0000,0x0000,0x0000,0x0000,0x0000,//	42980 [a7e4] 
0x0000,0x0000,0x0000,0x0000,0x0000,0x0000,0x0000,0x0000,0x0000,0x0000,//	42990 [a7ee] 
0x0000,0x0000,0x0000,0x0000,0x0000,0x0000,0x0000,0x0000,0x0000,0x0000,//	43000 [a7f8] 
0x0000,0x0000,0x0000,0x0000,0x0000,0x0000,0x0000,0x0000,0x0000,0x0000,//	43010 [a802] 
0x0000,0x0000,0x0000,0x0000,0x0000,0x0000,0x0000,0x0000,0x0000,0x0000,//	43020 [a80c] 
0x0000,0x0000,0x0000,0x0000,0x0000,0x0000,0x0000,0x0000,0x0000,0x0000,//	43030 [a816] 
0x0000,0x0000,0x0000,0x0000,0x0000,0x0000,0x0000,0x0000,0x0000,0x0000,//	43040 [a820] 
0x0000,0x0000,0x0000,0x0000,0x0000,0x0000,0x0000,0x0000,0x0000,0x0000,//	43050 [a82a] 
0x0000,0x0000,0x0000,0x0000,0x0000,0x0000,0x0000,0x0000,0x0000,0x0000,//	43060 [a834] 
0x0000,0x0000,0x0000,0x0000,0x0000,0x0000,0x0000,0x0000,0x0000,0x0000,//	43070 [a83e] 
0x0000,0x0000,0x0000,0x0000,0x0000,0x0000,0x0000,0x0000,0x0000,0x0000,//	43080 [a848] 
0x0000,0x0000,0x0000,0x0000,0x0000,0x0000,0x0000,0x0000,0x0000,0x0000,//	43090 [a852] 
0x0000,0x0000,0x0000,0x0000,0x0000,0x0000,0x0000,0x0000,0x0000,0x0000,//	43100 [a85c] 
0x0000,0x0000,0x0000,0x0000,0x0000,0x0000,0x0000,0x0000,0x0000,0x0000,//	43110 [a866] 
0x0000,0x0000,0x0000,0x0000,0x0000,0x0000,0x0000,0x0000,0x0000,0x0000,//	43120 [a870] 
0x0000,0x0000,0x0000,0x0000,0x0000,0x0000,0x0000,0x0000,0x0000,0x0000,//	43130 [a87a] 
0x0000,0x0000,0x0000,0x0000,0x0000,0x0000,0x0000,0x0000,0x0000,0x0000,//	43140 [a884] 
0x0000,0x0000,0x0000,0x0000,0x0000,0x0000,0x0000,0x0000,0x0000,0x0000,//	43150 [a88e] 
0x0000,0x0000,0x0000,0x0000,0x0000,0x0000,0x0000,0x0000,0x0000,0x0000,//	43160 [a898] 
0x0000,0x0000,0x0000,0x0000,0x0000,0x0000,0x0000,0x0000,0x0000,0x0000,//	43170 [a8a2] 
0x0000,0x0000,0x0000,0x0000,0x0000,0x0000,0x0000,0x0000,0x0000,0x0000,//	43180 [a8ac] 
0x0000,0x0000,0x0000,0x0000,0x0000,0x0000,0x0000,0x0000,0x0000,0x0000,//	43190 [a8b6] 
0x0000,0x0000,0x0000,0x0000,0x0000,0x0000,0x0000,0x0000,0x0000,0x0000,//	43200 [a8c0] 
0x0000,0x0000,0x0000,0x0000,0x0000,0x0000,0x0000,0x0000,0x0000,0x0000,//	43210 [a8ca] 
0x0000,0x0000,0x0000,0x0000,0x0000,0x0000,0x0000,0x0000,0x0000,0x0000,//	43220 [a8d4] 
0x0000,0x0000,0x0000,0x0000,0x0000,0x0000,0x0000,0x0000,0x0000,0x0000,//	43230 [a8de] 
0x0000,0x0000,0x0000,0x0000,0x0000,0x0000,0x0000,0x0000,0x0000,0x0000,//	43240 [a8e8] 
0x0000,0x0000,0x0000,0x0000,0x0000,0x0000,0x0000,0x0000,0x0000,0x0000,//	43250 [a8f2] 
0x0000,0x0000,0x0000,0x0000,0x0000,0x0000,0x0000,0x0000,0x0000,0x0000,//	43260 [a8fc] 
0x0000,0x0000,0x0000,0x0000,0x0000,0x0000,0x0000,0x0000,0x0000,0x0000,//	43270 [a906] 
0x0000,0x0000,0x0000,0x0000,0x0000,0x0000,0x0000,0x0000,0x0000,0x0000,//	43280 [a910] 
0x0000,0x0000,0x0000,0x0000,0x0000,0x0000,0x0000,0x0000,0x0000,0x0000,//	43290 [a91a] 
0x0000,0x0000,0x0000,0x0000,0x0000,0x0000,0x0000,0x0000,0x0000,0x0000,//	43300 [a924] 
0x0000,0x0000,0x0000,0x0000,0x0000,0x0000,0x0000,0x0000,0x0000,0x0000,//	43310 [a92e] 
0x0000,0x0000,0x0000,0x0000,0x0000,0x0000,0x0000,0x0000,0x0000,0x0000,//	43320 [a938] 
0x0000,0x0000,0x0000,0x0000,0x0000,0x0000,0x0000,0x0000,0x0000,0x0000,//	43330 [a942] 
0x0000,0x0000,0x0000,0x0000,0x0000,0x0000,0x0000,0x0000,0x0000,0x0000,//	43340 [a94c] 
0x0000,0x0000,0x0000,0x0000,0x0000,0x0000,0x0000,0x0000,0x0000,0x0000,//	43350 [a956] 
0x0000,0x0000,0x0000,0x0000,0x0000,0x0000,0x0000,0x0000,0x0000,0x0000,//	43360 [a960] 
0x0000,0x0000,0x0000,0x0000,0x0000,0x0000,0x0000,0x0000,0x0000,0x0000,//	43370 [a96a] 
0x0000,0x0000,0x0000,0x0000,0x0000,0x0000,0x0000,0x0000,0x0000,0x0000,//	43380 [a974] 
0x0000,0x0000,0x0000,0x0000,0x0000,0x0000,0x0000,0x0000,0x0000,0x0000,//	43390 [a97e] 
0x0000,0x0000,0x0000,0x0000,0x0000,0x0000,0x0000,0x0000,0x0000,0x0000,//	43400 [a988] 
0x0000,0x0000,0x0000,0x0000,0x0000,0x0000,0x0000,0x0000,0x0000,0x0000,//	43410 [a992] 
0x0000,0x0000,0x0000,0x0000,0x0000,0x0000,0x0000,0x0000,0x0000,0x0000,//	43420 [a99c] 
0x0000,0x0000,0x0000,0x0000,0x0000,0x0000,0x0000,0x0000,0x0000,0x0000,//	43430 [a9a6] 
0x0000,0x0000,0x0000,0x0000,0x0000,0x0000,0x0000,0x0000,0x0000,0x0000,//	43440 [a9b0] 
0x0000,0x0000,0x0000,0x0000,0x0000,0x0000,0x0000,0x0000,0x0000,0x0000,//	43450 [a9ba] 
0x0000,0x0000,0x0000,0x0000,0x0000,0x0000,0x0000,0x0000,0x0000,0x0000,//	43460 [a9c4] 
0x0000,0x0000,0x0000,0x0000,0x0000,0x0000,0x0000,0x0000,0x0000,0x0000,//	43470 [a9ce] 
0x0000,0x0000,0x0000,0x0000,0x0000,0x0000,0x0000,0x0000,0x0000,0x0000,//	43480 [a9d8] 
0x0000,0x0000,0x0000,0x0000,0x0000,0x0000,0x0000,0x0000,0x0000,0x0000,//	43490 [a9e2] 
0x0000,0x0000,0x0000,0x0000,0x0000,0x0000,0x0000,0x0000,0x0000,0x0000,//	43500 [a9ec] 
0x0000,0x0000,0x0000,0x0000,0x0000,0x0000,0x0000,0x0000,0x0000,0x0000,//	43510 [a9f6] 
0x0000,0x0000,0x0000,0x0000,0x0000,0x0000,0x0000,0x0000,0x0000,0x0000,//	43520 [aa00] 
0x0000,0x0000,0x0000,0x0000,0x0000,0x0000,0x0000,0x0000,0x0000,0x0000,//	43530 [aa0a] 
0x0000,0x0000,0x0000,0x0000,0x0000,0x0000,0x0000,0x0000,0x0000,0x0000,//	43540 [aa14] 
0x0000,0x0000,0x0000,0x0000,0x0000,0x0000,0x0000,0x0000,0x0000,0x0000,//	43550 [aa1e] 
0x0000,0x0000,0x0000,0x0000,0x0000,0x0000,0x0000,0x0000,0x0000,0x0000,//	43560 [aa28] 
0x0000,0x0000,0x0000,0x0000,0x0000,0x0000,0x0000,0x0000,0x0000,0x0000,//	43570 [aa32] 
0x0000,0x0000,0x0000,0x0000,0x0000,0x0000,0x0000,0x0000,0x0000,0x0000,//	43580 [aa3c] 
0x0000,0x0000,0x0000,0x0000,0x0000,0x0000,0x0000,0x0000,0x0000,0x0000,//	43590 [aa46] 
0x0000,0x0000,0x0000,0x0000,0x0000,0x0000,0x0000,0x0000,0x0000,0x0000,//	43600 [aa50] 
0x0000,0x0000,0x0000,0x0000,0x0000,0x0000,0x0000,0x0000,0x0000,0x0000,//	43610 [aa5a] 
0x0000,0x0000,0x0000,0x0000,0x0000,0x0000,0x0000,0x0000,0x0000,0x0000,//	43620 [aa64] 
0x0000,0x0000,0x0000,0x0000,0x0000,0x0000,0x0000,0x0000,0x0000,0x0000,//	43630 [aa6e] 
0x0000,0x0000,0x0000,0x0000,0x0000,0x0000,0x0000,0x0000,0x0000,0x0000,//	43640 [aa78] 
0x0000,0x0000,0x0000,0x0000,0x0000,0x0000,0x0000,0x0000,0x0000,0x0000,//	43650 [aa82] 
0x0000,0x0000,0x0000,0x0000,0x0000,0x0000,0x0000,0x0000,0x0000,0x0000,//	43660 [aa8c] 
0x0000,0x0000,0x0000,0x0000,0x0000,0x0000,0x0000,0x0000,0x0000,0x0000,//	43670 [aa96] 
0x0000,0x0000,0x0000,0x0000,0x0000,0x0000,0x0000,0x0000,0x0000,0x0000,//	43680 [aaa0] 
0x0000,0x0000,0x0000,0x0000,0x0000,0x0000,0x0000,0x0000,0x0000,0x0000,//	43690 [aaaa] 
0x0000,0x0000,0x0000,0x0000,0x0000,0x0000,0x0000,0x0000,0x0000,0x0000,//	43700 [aab4] 
0x0000,0x0000,0x0000,0x0000,0x0000,0x0000,0x0000,0x0000,0x0000,0x0000,//	43710 [aabe] 
0x0000,0x0000,0x0000,0x0000,0x0000,0x0000,0x0000,0x0000,0x0000,0x0000,//	43720 [aac8] 
0x0000,0x0000,0x0000,0x0000,0x0000,0x0000,0x0000,0x0000,0x0000,0x0000,//	43730 [aad2] 
0x0000,0x0000,0x0000,0x0000,0x0000,0x0000,0x0000,0x0000,0x0000,0x0000,//	43740 [aadc] 
0x0000,0x0000,0x0000,0x0000,0x0000,0x0000,0x0000,0x0000,0x0000,0x0000,//	43750 [aae6] 
0x0000,0x0000,0x0000,0x0000,0x0000,0x0000,0x0000,0x0000,0x0000,0x0000,//	43760 [aaf0] 
0x0000,0x0000,0x0000,0x0000,0x0000,0x0000,0x0000,0x0000,0x0000,0x0000,//	43770 [aafa] 
0x0000,0x0000,0x0000,0x0000,0x0000,0x0000,0x0000,0x0000,0x0000,0x0000,//	43780 [ab04] 
0x0000,0x0000,0x0000,0x0000,0x0000,0x0000,0x0000,0x0000,0x0000,0x0000,//	43790 [ab0e] 
0x0000,0x0000,0x0000,0x0000,0x0000,0x0000,0x0000,0x0000,0x0000,0x0000,//	43800 [ab18] 
0x0000,0x0000,0x0000,0x0000,0x0000,0x0000,0x0000,0x0000,0x0000,0x0000,//	43810 [ab22] 
0x0000,0x0000,0x0000,0x0000,0x0000,0x0000,0x0000,0x0000,0x0000,0x0000,//	43820 [ab2c] 
0x0000,0x0000,0x0000,0x0000,0x0000,0x0000,0x0000,0x0000,0x0000,0x0000,//	43830 [ab36] 
0x0000,0x0000,0x0000,0x0000,0x0000,0x0000,0x0000,0x0000,0x0000,0x0000,//	43840 [ab40] 
0x0000,0x0000,0x0000,0x0000,0x0000,0x0000,0x0000,0x0000,0x0000,0x0000,//	43850 [ab4a] 
0x0000,0x0000,0x0000,0x0000,0x0000,0x0000,0x0000,0x0000,0x0000,0x0000,//	43860 [ab54] 
0x0000,0x0000,0x0000,0x0000,0x0000,0x0000,0x0000,0x0000,0x0000,0x0000,//	43870 [ab5e] 
0x0000,0x0000,0x0000,0x0000,0x0000,0x0000,0x0000,0x0000,0x0000,0x0000,//	43880 [ab68] 
0x0000,0x0000,0x0000,0x0000,0x0000,0x0000,0x0000,0x0000,0x0000,0x0000,//	43890 [ab72] 
0x0000,0x0000,0x0000,0x0000,0x0000,0x0000,0x0000,0x0000,0x0000,0x0000,//	43900 [ab7c] 
0x0000,0x0000,0x0000,0x0000,0x0000,0x0000,0x0000,0x0000,0x0000,0x0000,//	43910 [ab86] 
0x0000,0x0000,0x0000,0x0000,0x0000,0x0000,0x0000,0x0000,0x0000,0x0000,//	43920 [ab90] 
0x0000,0x0000,0x0000,0x0000,0x0000,0x0000,0x0000,0x0000,0x0000,0x0000,//	43930 [ab9a] 
0x0000,0x0000,0x0000,0x0000,0x0000,0x0000,0x0000,0x0000,0x0000,0x0000,//	43940 [aba4] 
0x0000,0x0000,0x0000,0x0000,0x0000,0x0000,0x0000,0x0000,0x0000,0x0000,//	43950 [abae] 
0x0000,0x0000,0x0000,0x0000,0x0000,0x0000,0x0000,0x0000,0x0000,0x0000,//	43960 [abb8] 
0x0000,0x0000,0x0000,0x0000,0x0000,0x0000,0x0000,0x0000,0x0000,0x0000,//	43970 [abc2] 
0x0000,0x0000,0x0000,0x0000,0x0000,0x0000,0x0000,0x0000,0x0000,0x0000,//	43980 [abcc] 
0x0000,0x0000,0x0000,0x0000,0x0000,0x0000,0x0000,0x0000,0x0000,0x0000,//	43990 [abd6] 
0x0000,0x0000,0x0000,0x0000,0x0000,0x0000,0x0000,0x0000,0x0000,0x0000,//	44000 [abe0] 
0x0000,0x0000,0x0000,0x0000,0x0000,0x0000,0x0000,0x0000,0x0000,0x0000,//	44010 [abea] 
0x0000,0x0000,0x0000,0x0000,0x0000,0x0000,0x0000,0x0000,0x0000,0x0000,//	44020 [abf4] 
0x0000,0x0000,0x0000,0x0000,0x0000,0x0000,0x0000,0x0000,0x0000,0x0000,//	44030 [abfe] 
0x0000,0x0000,0x0000,0x0000,0x0000,0x0000,0x0000,0x0000,0x0000,0x0000,//	44040 [ac08] 
0x0000,0x0000,0x0000,0x0000,0x0000,0x0000,0x0000,0x0000,0x0000,0x0000,//	44050 [ac12] 
0x0000,0x0000,0x0000,0x0000,0x0000,0x0000,0x0000,0x0000,0x0000,0x0000,//	44060 [ac1c] 
0x0000,0x0000,0x0000,0x0000,0x0000,0x0000,0x0000,0x0000,0x0000,0x0000,//	44070 [ac26] 
0x0000,0x0000,0x0000,0x0000,0x0000,0x0000,0x0000,0x0000,0x0000,0x0000,//	44080 [ac30] 
0x0000,0x0000,0x0000,0x0000,0x0000,0x0000,0x0000,0x0000,0x0000,0x0000,//	44090 [ac3a] 
0x0000,0x0000,0x0000,0x0000,0x0000,0x0000,0x0000,0x0000,0x0000,0x0000,//	44100 [ac44] 
0x0000,0x0000,0x0000,0x0000,0x0000,0x0000,0x0000,0x0000,0x0000,0x0000,//	44110 [ac4e] 
0x0000,0x0000,0x0000,0x0000,0x0000,0x0000,0x0000,0x0000,0x0000,0x0000,//	44120 [ac58] 
0x0000,0x0000,0x0000,0x0000,0x0000,0x0000,0x0000,0x0000,0x0000,0x0000,//	44130 [ac62] 
0x0000,0x0000,0x0000,0x0000,0x0000,0x0000,0x0000,0x0000,0x0000,0x0000,//	44140 [ac6c] 
0x0000,0x0000,0x0000,0x0000,0x0000,0x0000,0x0000,0x0000,0x0000,0x0000,//	44150 [ac76] 
0x0000,0x0000,0x0000,0x0000,0x0000,0x0000,0x0000,0x0000,0x0000,0x0000,//	44160 [ac80] 
0x0000,0x0000,0x0000,0x0000,0x0000,0x0000,0x0000,0x0000,0x0000,0x0000,//	44170 [ac8a] 
0x0000,0x0000,0x0000,0x0000,0x0000,0x0000,0x0000,0x0000,0x0000,0x0000,//	44180 [ac94] 
0x0000,0x0000,0x0000,0x0000,0x0000,0x0000,0x0000,0x0000,0x0000,0x0000,//	44190 [ac9e] 
0x0000,0x0000,0x0000,0x0000,0x0000,0x0000,0x0000,0x0000,0x0000,0x0000,//	44200 [aca8] 
0x0000,0x0000,0x0000,0x0000,0x0000,0x0000,0x0000,0x0000,0x0000,0x0000,//	44210 [acb2] 
0x0000,0x0000,0x0000,0x0000,0x0000,0x0000,0x0000,0x0000,0x0000,0x0000,//	44220 [acbc] 
0x0000,0x0000,0x0000,0x0000,0x0000,0x0000,0x0000,0x0000,0x0000,0x0000,//	44230 [acc6] 
0x0000,0x0000,0x0000,0x0000,0x0000,0x0000,0x0000,0x0000,0x0000,0x0000,//	44240 [acd0] 
0x0000,0x0000,0x0000,0x0000,0x0000,0x0000,0x0000,0x0000,0x0000,0x0000,//	44250 [acda] 
0x0000,0x0000,0x0000,0x0000,0x0000,0x0000,0x0000,0x0000,0x0000,0x0000,//	44260 [ace4] 
0x0000,0x0000,0x0000,0x0000,0x0000,0x0000,0x0000,0x0000,0x0000,0x0000,//	44270 [acee] 
0x0000,0x0000,0x0000,0x0000,0x0000,0x0000,0x0000,0x0000,0x0000,0x0000,//	44280 [acf8] 
0x0000,0x0000,0x0000,0x0000,0x0000,0x0000,0x0000,0x0000,0x0000,0x0000,//	44290 [ad02] 
0x0000,0x0000,0x0000,0x0000,0x0000,0x0000,0x0000,0x0000,0x0000,0x0000,//	44300 [ad0c] 
0x0000,0x0000,0x0000,0x0000,0x0000,0x0000,0x0000,0x0000,0x0000,0x0000,//	44310 [ad16] 
0x0000,0x0000,0x0000,0x0000,0x0000,0x0000,0x0000,0x0000,0x0000,0x0000,//	44320 [ad20] 
0x0000,0x0000,0x0000,0x0000,0x0000,0x0000,0x0000,0x0000,0x0000,0x0000,//	44330 [ad2a] 
0x0000,0x0000,0x0000,0x0000,0x0000,0x0000,0x0000,0x0000,0x0000,0x0000,//	44340 [ad34] 
0x0000,0x0000,0x0000,0x0000,0x0000,0x0000,0x0000,0x0000,0x0000,0x0000,//	44350 [ad3e] 
0x0000,0x0000,0x0000,0x0000,0x0000,0x0000,0x0000,0x0000,0x0000,0x0000,//	44360 [ad48] 
0x0000,0x0000,0x0000,0x0000,0x0000,0x0000,0x0000,0x0000,0x0000,0x0000,//	44370 [ad52] 
0x0000,0x0000,0x0000,0x0000,0x0000,0x0000,0x0000,0x0000,0x0000,0x0000,//	44380 [ad5c] 
0x0000,0x0000,0x0000,0x0000,0x0000,0x0000,0x0000,0x0000,0x0000,0x0000,//	44390 [ad66] 
0x0000,0x0000,0x0000,0x0000,0x0000,0x0000,0x0000,0x0000,0x0000,0x0000,//	44400 [ad70] 
0x0000,0x0000,0x0000,0x0000,0x0000,0x0000,0x0000,0x0000,0x0000,0x0000,//	44410 [ad7a] 
0x0000,0x0000,0x0000,0x0000,0x0000,0x0000,0x0000,0x0000,0x0000,0x0000,//	44420 [ad84] 
0x0000,0x0000,0x0000,0x0000,0x0000,0x0000,0x0000,0x0000,0x0000,0x0000,//	44430 [ad8e] 
0x0000,0x0000,0x0000,0x0000,0x0000,0x0000,0x0000,0x0000,0x0000,0x0000,//	44440 [ad98] 
0x0000,0x0000,0x0000,0x0000,0x0000,0x0000,0x0000,0x0000,0x0000,0x0000,//	44450 [ada2] 
0x0000,0x0000,0x0000,0x0000,0x0000,0x0000,0x0000,0x0000,0x0000,0x0000,//	44460 [adac] 
0x0000,0x0000,0x0000,0x0000,0x0000,0x0000,0x0000,0x0000,0x0000,0x0000,//	44470 [adb6] 
0x0000,0x0000,0x0000,0x0000,0x0000,0x0000,0x0000,0x0000,0x0000,0x0000,//	44480 [adc0] 
0x0000,0x0000,0x0000,0x0000,0x0000,0x0000,0x0000,0x0000,0x0000,0x0000,//	44490 [adca] 
0x0000,0x0000,0x0000,0x0000,0x0000,0x0000,0x0000,0x0000,0x0000,0x0000,//	44500 [add4] 
0x0000,0x0000,0x0000,0x0000,0x0000,0x0000,0x0000,0x0000,0x0000,0x0000,//	44510 [adde] 
0x0000,0x0000,0x0000,0x0000,0x0000,0x0000,0x0000,0x0000,0x0000,0x0000,//	44520 [ade8] 
0x0000,0x0000,0x0000,0x0000,0x0000,0x0000,0x0000,0x0000,0x0000,0x0000,//	44530 [adf2] 
0x0000,0x0000,0x0000,0x0000,0x0000,0x0000,0x0000,0x0000,0x0000,0x0000,//	44540 [adfc] 
0x0000,0x0000,0x0000,0x0000,0x0000,0x0000,0x0000,0x0000,0x0000,0x0000,//	44550 [ae06] 
0x0000,0x0000,0x0000,0x0000,0x0000,0x0000,0x0000,0x0000,0x0000,0x0000,//	44560 [ae10] 
0x0000,0x0000,0x0000,0x0000,0x0000,0x0000,0x0000,0x0000,0x0000,0x0000,//	44570 [ae1a] 
0x0000,0x0000,0x0000,0x0000,0x0000,0x0000,0x0000,0x0000,0x0000,0x0000,//	44580 [ae24] 
0x0000,0x0000,0x0000,0x0000,0x0000,0x0000,0x0000,0x0000,0x0000,0x0000,//	44590 [ae2e] 
0x0000,0x0000,0x0000,0x0000,0x0000,0x0000,0x0000,0x0000,0x0000,0x0000,//	44600 [ae38] 
0x0000,0x0000,0x0000,0x0000,0x0000,0x0000,0x0000,0x0000,0x0000,0x0000,//	44610 [ae42] 
0x0000,0x0000,0x0000,0x0000,0x0000,0x0000,0x0000,0x0000,0x0000,0x0000,//	44620 [ae4c] 
0x0000,0x0000,0x0000,0x0000,0x0000,0x0000,0x0000,0x0000,0x0000,0x0000,//	44630 [ae56] 
0x0000,0x0000,0x0000,0x0000,0x0000,0x0000,0x0000,0x0000,0x0000,0x0000,//	44640 [ae60] 
0x0000,0x0000,0x0000,0x0000,0x0000,0x0000,0x0000,0x0000,0x0000,0x0000,//	44650 [ae6a] 
0x0000,0x0000,0x0000,0x0000,0x0000,0x0000,0x0000,0x0000,0x0000,0x0000,//	44660 [ae74] 
0x0000,0x0000,0x0000,0x0000,0x0000,0x0000,0x0000,0x0000,0x0000,0x0000,//	44670 [ae7e] 
0x0000,0x0000,0x0000,0x0000,0x0000,0x0000,0x0000,0x0000,0x0000,0x0000,//	44680 [ae88] 
0x0000,0x0000,0x0000,0x0000,0x0000,0x0000,0x0000,0x0000,0x0000,0x0000,//	44690 [ae92] 
0x0000,0x0000,0x0000,0x0000,0x0000,0x0000,0x0000,0x0000,0x0000,0x0000,//	44700 [ae9c] 
0x0000,0x0000,0x0000,0x0000,0x0000,0x0000,0x0000,0x0000,0x0000,0x0000,//	44710 [aea6] 
0x0000,0x0000,0x0000,0x0000,0x0000,0x0000,0x0000,0x0000,0x0000,0x0000,//	44720 [aeb0] 
0x0000,0x0000,0x0000,0x0000,0x0000,0x0000,0x0000,0x0000,0x0000,0x0000,//	44730 [aeba] 
0x0000,0x0000,0x0000,0x0000,0x0000,0x0000,0x0000,0x0000,0x0000,0x0000,//	44740 [aec4] 
0x0000,0x0000,0x0000,0x0000,0x0000,0x0000,0x0000,0x0000,0x0000,0x0000,//	44750 [aece] 
0x0000,0x0000,0x0000,0x0000,0x0000,0x0000,0x0000,0x0000,0x0000,0x0000,//	44760 [aed8] 
0x0000,0x0000,0x0000,0x0000,0x0000,0x0000,0x0000,0x0000,0x0000,0x0000,//	44770 [aee2] 
0x0000,0x0000,0x0000,0x0000,0x0000,0x0000,0x0000,0x0000,0x0000,0x0000,//	44780 [aeec] 
0x0000,0x0000,0x0000,0x0000,0x0000,0x0000,0x0000,0x0000,0x0000,0x0000,//	44790 [aef6] 
0x0000,0x0000,0x0000,0x0000,0x0000,0x0000,0x0000,0x0000,0x0000,0x0000,//	44800 [af00] 
0x0000,0x0000,0x0000,0x0000,0x0000,0x0000,0x0000,0x0000,0x0000,0x0000,//	44810 [af0a] 
0x0000,0x0000,0x0000,0x0000,0x0000,0x0000,0x0000,0x0000,0x0000,0x0000,//	44820 [af14] 
0x0000,0x0000,0x0000,0x0000,0x0000,0x0000,0x0000,0x0000,0x0000,0x0000,//	44830 [af1e] 
0x0000,0x0000,0x0000,0x0000,0x0000,0x0000,0x0000,0x0000,0x0000,0x0000,//	44840 [af28] 
0x0000,0x0000,0x0000,0x0000,0x0000,0x0000,0x0000,0x0000,0x0000,0x0000,//	44850 [af32] 
0x0000,0x0000,0x0000,0x0000,0x0000,0x0000,0x0000,0x0000,0x0000,0x0000,//	44860 [af3c] 
0x0000,0x0000,0x0000,0x0000,0x0000,0x0000,0x0000,0x0000,0x0000,0x0000,//	44870 [af46] 
0x0000,0x0000,0x0000,0x0000,0x0000,0x0000,0x0000,0x0000,0x0000,0x0000,//	44880 [af50] 
0x0000,0x0000,0x0000,0x0000,0x0000,0x0000,0x0000,0x0000,0x0000,0x0000,//	44890 [af5a] 
0x0000,0x0000,0x0000,0x0000,0x0000,0x0000,0x0000,0x0000,0x0000,0x0000,//	44900 [af64] 
0x0000,0x0000,0x0000,0x0000,0x0000,0x0000,0x0000,0x0000,0x0000,0x0000,//	44910 [af6e] 
0x0000,0x0000,0x0000,0x0000,0x0000,0x0000,0x0000,0x0000,0x0000,0x0000,//	44920 [af78] 
0x0000,0x0000,0x0000,0x0000,0x0000,0x0000,0x0000,0x0000,0x0000,0x0000,//	44930 [af82] 
0x0000,0x0000,0x0000,0x0000,0x0000,0x0000,0x0000,0x0000,0x0000,0x0000,//	44940 [af8c] 
0x0000,0x0000,0x0000,0x0000,0x0000,0x0000,0x0000,0x0000,0x0000,0x0000,//	44950 [af96] 
0x0000,0x0000,0x0000,0x0000,0x0000,0x0000,0x0000,0x0000,0x0000,0x0000,//	44960 [afa0] 
0x0000,0x0000,0x0000,0x0000,0x0000,0x0000,0x0000,0x0000,0x0000,0x0000,//	44970 [afaa] 
0x0000,0x0000,0x0000,0x0000,0x0000,0x0000,0x0000,0x0000,0x0000,0x0000,//	44980 [afb4] 
0x0000,0x0000,0x0000,0x0000,0x0000,0x0000,0x0000,0x0000,0x0000,0x0000,//	44990 [afbe] 
0x0000,0x0000,0x0000,0x0000,0x0000,0x0000,0x0000,0x0000,0x0000,0x0000,//	45000 [afc8] 
0x0000,0x0000,0x0000,0x0000,0x0000,0x0000,0x0000,0x0000,0x0000,0x0000,//	45010 [afd2] 
0x0000,0x0000,0x0000,0x0000,0x0000,0x0000,0x0000,0x0000,0x0000,0x0000,//	45020 [afdc] 
0x0000,0x0000,0x0000,0x0000,0x0000,0x0000,0x0000,0x0000,0x0000,0x0000,//	45030 [afe6] 
0x0000,0x0000,0x0000,0x0000,0x0000,0x0000,0x0000,0x0000,0x0000,0x0000,//	45040 [aff0] 
0x0000,0x0000,0x0000,0x0000,0x0000,0x0000,0x0000,0x0000,0x0000,0x0000,//	45050 [affa] 
0x0000,0x0000,0x0000,0x0000,0x0000,0x0000,0x0000,0x0000,0x0000,0x0000,//	45060 [b004] 
0x0000,0x0000,0x0000,0x0000,0x0000,0x0000,0x0000,0x0000,0x0000,0x0000,//	45070 [b00e] 
0x0000,0x0000,0x0000,0x0000,0x0000,0x0000,0x0000,0x0000,0x0000,0x0000,//	45080 [b018] 
0x0000,0x0000,0x0000,0x0000,0x0000,0x0000,0x0000,0x0000,0x0000,0x0000,//	45090 [b022] 
0x0000,0x0000,0x0000,0x0000,0x0000,0x0000,0x0000,0x0000,0x0000,0x0000,//	45100 [b02c] 
0x0000,0x0000,0x0000,0x0000,0x0000,0x0000,0x0000,0x0000,0x0000,0x0000,//	45110 [b036] 
0x0000,0x0000,0x0000,0x0000,0x0000,0x0000,0x0000,0x0000,0x0000,0x0000,//	45120 [b040] 
0x0000,0x0000,0x0000,0x0000,0x0000,0x0000,0x0000,0x0000,0x0000,0x0000,//	45130 [b04a] 
0x0000,0x0000,0x0000,0x0000,0x0000,0x0000,0x0000,0x0000,0x0000,0x0000,//	45140 [b054] 
0x0000,0x0000,0x0000,0x0000,0x0000,0x0000,0x0000,0x0000,0x0000,0x0000,//	45150 [b05e] 
0x0000,0x0000,0x0000,0x0000,0x0000,0x0000,0x0000,0x0000,0x0000,0x0000,//	45160 [b068] 
0x0000,0x0000,0x0000,0x0000,0x0000,0x0000,0x0000,0x0000,0x0000,0x0000,//	45170 [b072] 
0x0000,0x0000,0x0000,0x0000,0x0000,0x0000,0x0000,0x0000,0x0000,0x0000,//	45180 [b07c] 
0x0000,0x0000,0x0000,0x0000,0x0000,0x0000,0x0000,0x0000,0x0000,0x0000,//	45190 [b086] 
0x0000,0x0000,0x0000,0x0000,0x0000,0x0000,0x0000,0x0000,0x0000,0x0000,//	45200 [b090] 
0x0000,0x0000,0x0000,0x0000,0x0000,0x0000,0x0000,0x0000,0x0000,0x0000,//	45210 [b09a] 
0x0000,0x0000,0x0000,0x0000,0x0000,0x0000,0x0000,0x0000,0x0000,0x0000,//	45220 [b0a4] 
0x0000,0x0000,0x0000,0x0000,0x0000,0x0000,0x0000,0x0000,0x0000,0x0000,//	45230 [b0ae] 
0x0000,0x0000,0x0000,0x0000,0x0000,0x0000,0x0000,0x0000,0x0000,0x0000,//	45240 [b0b8] 
0x0000,0x0000,0x0000,0x0000,0x0000,0x0000,0x0000,0x0000,0x0000,0x0000,//	45250 [b0c2] 
0x0000,0x0000,0x0000,0x0000,0x0000,0x0000,0x0000,0x0000,0x0000,0x0000,//	45260 [b0cc] 
0x0000,0x0000,0x0000,0x0000,0x0000,0x0000,0x0000,0x0000,0x0000,0x0000,//	45270 [b0d6] 
0x0000,0x0000,0x0000,0x0000,0x0000,0x0000,0x0000,0x0000,0x0000,0x0000,//	45280 [b0e0] 
0x0000,0x0000,0x0000,0x0000,0x0000,0x0000,0x0000,0x0000,0x0000,0x0000,//	45290 [b0ea] 
0x0000,0x0000,0x0000,0x0000,0x0000,0x0000,0x0000,0x0000,0x0000,0x0000,//	45300 [b0f4] 
0x0000,0x0000,0x0000,0x0000,0x0000,0x0000,0x0000,0x0000,0x0000,0x0000,//	45310 [b0fe] 
0x0000,0x0000,0x0000,0x0000,0x0000,0x0000,0x0000,0x0000,0x0000,0x0000,//	45320 [b108] 
0x0000,0x0000,0x0000,0x0000,0x0000,0x0000,0x0000,0x0000,0x0000,0x0000,//	45330 [b112] 
0x0000,0x0000,0x0000,0x0000,0x0000,0x0000,0x0000,0x0000,0x0000,0x0000,//	45340 [b11c] 
0x0000,0x0000,0x0000,0x0000,0x0000,0x0000,0x0000,0x0000,0x0000,0x0000,//	45350 [b126] 
0x0000,0x0000,0x0000,0x0000,0x0000,0x0000,0x0000,0x0000,0x0000,0x0000,//	45360 [b130] 
0x0000,0x0000,0x0000,0x0000,0x0000,0x0000,0x0000,0x0000,0x0000,0x0000,//	45370 [b13a] 
0x0000,0x0000,0x0000,0x0000,0x0000,0x0000,0x0000,0x0000,0x0000,0x0000,//	45380 [b144] 
0x0000,0x0000,0x0000,0x0000,0x0000,0x0000,0x0000,0x0000,0x0000,0x0000,//	45390 [b14e] 
0x0000,0x0000,0x0000,0x0000,0x0000,0x0000,0x0000,0x0000,0x0000,0x0000,//	45400 [b158] 
0x0000,0x0000,0x0000,0x0000,0x0000,0x0000,0x0000,0x0000,0x0000,0x0000,//	45410 [b162] 
0x0000,0x0000,0x0000,0x0000,0x0000,0x0000,0x0000,0x0000,0x0000,0x0000,//	45420 [b16c] 
0x0000,0x0000,0x0000,0x0000,0x0000,0x0000,0x0000,0x0000,0x0000,0x0000,//	45430 [b176] 
0x0000,0x0000,0x0000,0x0000,0x0000,0x0000,0x0000,0x0000,0x0000,0x0000,//	45440 [b180] 
0x0000,0x0000,0x0000,0x0000,0x0000,0x0000,0x0000,0x0000,0x0000,0x0000,//	45450 [b18a] 
0x0000,0x0000,0x0000,0x0000,0x0000,0x0000,0x0000,0x0000,0x0000,0x0000,//	45460 [b194] 
0x0000,0x0000,0x0000,0x0000,0x0000,0x0000,0x0000,0x0000,0x0000,0x0000,//	45470 [b19e] 
0x0000,0x0000,0x0000,0x0000,0x0000,0x0000,0x0000,0x0000,0x0000,0x0000,//	45480 [b1a8] 
0x0000,0x0000,0x0000,0x0000,0x0000,0x0000,0x0000,0x0000,0x0000,0x0000,//	45490 [b1b2] 
0x0000,0x0000,0x0000,0x0000,0x0000,0x0000,0x0000,0x0000,0x0000,0x0000,//	45500 [b1bc] 
0x0000,0x0000,0x0000,0x0000,0x0000,0x0000,0x0000,0x0000,0x0000,0x0000,//	45510 [b1c6] 
0x0000,0x0000,0x0000,0x0000,0x0000,0x0000,0x0000,0x0000,0x0000,0x0000,//	45520 [b1d0] 
0x0000,0x0000,0x0000,0x0000,0x0000,0x0000,0x0000,0x0000,0x0000,0x0000,//	45530 [b1da] 
0x0000,0x0000,0x0000,0x0000,0x0000,0x0000,0x0000,0x0000,0x0000,0x0000,//	45540 [b1e4] 
0x0000,0x0000,0x0000,0x0000,0x0000,0x0000,0x0000,0x0000,0x0000,0x0000,//	45550 [b1ee] 
0x0000,0x0000,0x0000,0x0000,0x0000,0x0000,0x0000,0x0000,0x0000,0x0000,//	45560 [b1f8] 
0x0000,0x0000,0x0000,0x0000,0x0000,0x0000,0x0000,0x0000,0x0000,0x0000,//	45570 [b202] 
0x0000,0x0000,0x0000,0x0000,0x0000,0x0000,0x0000,0x0000,0x0000,0x0000,//	45580 [b20c] 
0x0000,0x0000,0x0000,0x0000,0x0000,0x0000,0x0000,0x0000,0x0000,0x0000,//	45590 [b216] 
0x0000,0x0000,0x0000,0x0000,0x0000,0x0000,0x0000,0x0000,0x0000,0x0000,//	45600 [b220] 
0x0000,0x0000,0x0000,0x0000,0x0000,0x0000,0x0000,0x0000,0x0000,0x0000,//	45610 [b22a] 
0x0000,0x0000,0x0000,0x0000,0x0000,0x0000,0x0000,0x0000,0x0000,0x0000,//	45620 [b234] 
0x0000,0x0000,0x0000,0x0000,0x0000,0x0000,0x0000,0x0000,0x0000,0x0000,//	45630 [b23e] 
0x0000,0x0000,0x0000,0x0000,0x0000,0x0000,0x0000,0x0000,0x0000,0x0000,//	45640 [b248] 
0x0000,0x0000,0x0000,0x0000,0x0000,0x0000,0x0000,0x0000,0x0000,0x0000,//	45650 [b252] 
0x0000,0x0000,0x0000,0x0000,0x0000,0x0000,0x0000,0x0000,0x0000,0x0000,//	45660 [b25c] 
0x0000,0x0000,0x0000,0x0000,0x0000,0x0000,0x0000,0x0000,0x0000,0x0000,//	45670 [b266] 
0x0000,0x0000,0x0000,0x0000,0x0000,0x0000,0x0000,0x0000,0x0000,0x0000,//	45680 [b270] 
0x0000,0x0000,0x0000,0x0000,0x0000,0x0000,0x0000,0x0000,0x0000,0x0000,//	45690 [b27a] 
0x0000,0x0000,0x0000,0x0000,0x0000,0x0000,0x0000,0x0000,0x0000,0x0000,//	45700 [b284] 
0x0000,0x0000,0x0000,0x0000,0x0000,0x0000,0x0000,0x0000,0x0000,0x0000,//	45710 [b28e] 
0x0000,0x0000,0x0000,0x0000,0x0000,0x0000,0x0000,0x0000,0x0000,0x0000,//	45720 [b298] 
0x0000,0x0000,0x0000,0x0000,0x0000,0x0000,0x0000,0x0000,0x0000,0x0000,//	45730 [b2a2] 
0x0000,0x0000,0x0000,0x0000,0x0000,0x0000,0x0000,0x0000,0x0000,0x0000,//	45740 [b2ac] 
0x0000,0x0000,0x0000,0x0000,0x0000,0x0000,0x0000,0x0000,0x0000,0x0000,//	45750 [b2b6] 
0x0000,0x0000,0x0000,0x0000,0x0000,0x0000,0x0000,0x0000,0x0000,0x0000,//	45760 [b2c0] 
0x0000,0x0000,0x0000,0x0000,0x0000,0x0000,0x0000,0x0000,0x0000,0x0000,//	45770 [b2ca] 
0x0000,0x0000,0x0000,0x0000,0x0000,0x0000,0x0000,0x0000,0x0000,0x0000,//	45780 [b2d4] 
0x0000,0x0000,0x0000,0x0000,0x0000,0x0000,0x0000,0x0000,0x0000,0x0000,//	45790 [b2de] 
0x0000,0x0000,0x0000,0x0000,0x0000,0x0000,0x0000,0x0000,0x0000,0x0000,//	45800 [b2e8] 
0x0000,0x0000,0x0000,0x0000,0x0000,0x0000,0x0000,0x0000,0x0000,0x0000,//	45810 [b2f2] 
0x0000,0x0000,0x0000,0x0000,0x0000,0x0000,0x0000,0x0000,0x0000,0x0000,//	45820 [b2fc] 
0x0000,0x0000,0x0000,0x0000,0x0000,0x0000,0x0000,0x0000,0x0000,0x0000,//	45830 [b306] 
0x0000,0x0000,0x0000,0x0000,0x0000,0x0000,0x0000,0x0000,0x0000,0x0000,//	45840 [b310] 
0x0000,0x0000,0x0000,0x0000,0x0000,0x0000,0x0000,0x0000,0x0000,0x0000,//	45850 [b31a] 
0x0000,0x0000,0x0000,0x0000,0x0000,0x0000,0x0000,0x0000,0x0000,0x0000,//	45860 [b324] 
0x0000,0x0000,0x0000,0x0000,0x0000,0x0000,0x0000,0x0000,0x0000,0x0000,//	45870 [b32e] 
0x0000,0x0000,0x0000,0x0000,0x0000,0x0000,0x0000,0x0000,0x0000,0x0000,//	45880 [b338] 
0x0000,0x0000,0x0000,0x0000,0x0000,0x0000,0x0000,0x0000,0x0000,0x0000,//	45890 [b342] 
0x0000,0x0000,0x0000,0x0000,0x0000,0x0000,0x0000,0x0000,0x0000,0x0000,//	45900 [b34c] 
0x0000,0x0000,0x0000,0x0000,0x0000,0x0000,0x0000,0x0000,0x0000,0x0000,//	45910 [b356] 
0x0000,0x0000,0x0000,0x0000,0x0000,0x0000,0x0000,0x0000,0x0000,0x0000,//	45920 [b360] 
0x0000,0x0000,0x0000,0x0000,0x0000,0x0000,0x0000,0x0000,0x0000,0x0000,//	45930 [b36a] 
0x0000,0x0000,0x0000,0x0000,0x0000,0x0000,0x0000,0x0000,0x0000,0x0000,//	45940 [b374] 
0x0000,0x0000,0x0000,0x0000,0x0000,0x0000,0x0000,0x0000,0x0000,0x0000,//	45950 [b37e] 
0x0000,0x0000,0x0000,0x0000,0x0000,0x0000,0x0000,0x0000,0x0000,0x0000,//	45960 [b388] 
0x0000,0x0000,0x0000,0x0000,0x0000,0x0000,0x0000,0x0000,0x0000,0x0000,//	45970 [b392] 
0x0000,0x0000,0x0000,0x0000,0x0000,0x0000,0x0000,0x0000,0x0000,0x0000,//	45980 [b39c] 
0x0000,0x0000,0x0000,0x0000,0x0000,0x0000,0x0000,0x0000,0x0000,0x0000,//	45990 [b3a6] 
0x0000,0x0000,0x0000,0x0000,0x0000,0x0000,0x0000,0x0000,0x0000,0x0000,//	46000 [b3b0] 
0x0000,0x0000,0x0000,0x0000,0x0000,0x0000,0x0000,0x0000,0x0000,0x0000,//	46010 [b3ba] 
0x0000,0x0000,0x0000,0x0000,0x0000,0x0000,0x0000,0x0000,0x0000,0x0000,//	46020 [b3c4] 
0x0000,0x0000,0x0000,0x0000,0x0000,0x0000,0x0000,0x0000,0x0000,0x0000,//	46030 [b3ce] 
0x0000,0x0000,0x0000,0x0000,0x0000,0x0000,0x0000,0x0000,0x0000,0x0000,//	46040 [b3d8] 
0x0000,0x0000,0x0000,0x0000,0x0000,0x0000,0x0000,0x0000,0x0000,0x0000,//	46050 [b3e2] 
0x0000,0x0000,0x0000,0x0000,0x0000,0x0000,0x0000,0x0000,0x0000,0x0000,//	46060 [b3ec] 
0x0000,0x0000,0x0000,0x0000,0x0000,0x0000,0x0000,0x0000,0x0000,0x0000,//	46070 [b3f6] 
0x0000,0x0000,0x0000,0x0000,0x0000,0x0000,0x0000,0x0000,0x0000,0x0000,//	46080 [b400] 
0x0000,0x0000,0x0000,0x0000,0x0000,0x0000,0x0000,0x0000,0x0000,0x0000,//	46090 [b40a] 
0x0000,0x0000,0x0000,0x0000,0x0000,0x0000,0x0000,0x0000,0x0000,0x0000,//	46100 [b414] 
0x0000,0x0000,0x0000,0x0000,0x0000,0x0000,0x0000,0x0000,0x0000,0x0000,//	46110 [b41e] 
0x0000,0x0000,0x0000,0x0000,0x0000,0x0000,0x0000,0x0000,0x0000,0x0000,//	46120 [b428] 
0x0000,0x0000,0x0000,0x0000,0x0000,0x0000,0x0000,0x0000,0x0000,0x0000,//	46130 [b432] 
0x0000,0x0000,0x0000,0x0000,0x0000,0x0000,0x0000,0x0000,0x0000,0x0000,//	46140 [b43c] 
0x0000,0x0000,0x0000,0x0000,0x0000,0x0000,0x0000,0x0000,0x0000,0x0000,//	46150 [b446] 
0x0000,0x0000,0x0000,0x0000,0x0000,0x0000,0x0000,0x0000,0x0000,0x0000,//	46160 [b450] 
0x0000,0x0000,0x0000,0x0000,0x0000,0x0000,0x0000,0x0000,0x0000,0x0000,//	46170 [b45a] 
0x0000,0x0000,0x0000,0x0000,0x0000,0x0000,0x0000,0x0000,0x0000,0x0000,//	46180 [b464] 
0x0000,0x0000,0x0000,0x0000,0x0000,0x0000,0x0000,0x0000,0x0000,0x0000,//	46190 [b46e] 
0x0000,0x0000,0x0000,0x0000,0x0000,0x0000,0x0000,0x0000,0x0000,0x0000,//	46200 [b478] 
0x0000,0x0000,0x0000,0x0000,0x0000,0x0000,0x0000,0x0000,0x0000,0x0000,//	46210 [b482] 
0x0000,0x0000,0x0000,0x0000,0x0000,0x0000,0x0000,0x0000,0x0000,0x0000,//	46220 [b48c] 
0x0000,0x0000,0x0000,0x0000,0x0000,0x0000,0x0000,0x0000,0x0000,0x0000,//	46230 [b496] 
0x0000,0x0000,0x0000,0x0000,0x0000,0x0000,0x0000,0x0000,0x0000,0x0000,//	46240 [b4a0] 
0x0000,0x0000,0x0000,0x0000,0x0000,0x0000,0x0000,0x0000,0x0000,0x0000,//	46250 [b4aa] 
0x0000,0x0000,0x0000,0x0000,0x0000,0x0000,0x0000,0x0000,0x0000,0x0000,//	46260 [b4b4] 
0x0000,0x0000,0x0000,0x0000,0x0000,0x0000,0x0000,0x0000,0x0000,0x0000,//	46270 [b4be] 
0x0000,0x0000,0x0000,0x0000,0x0000,0x0000,0x0000,0x0000,0x0000,0x0000,//	46280 [b4c8] 
0x0000,0x0000,0x0000,0x0000,0x0000,0x0000,0x0000,0x0000,0x0000,0x0000,//	46290 [b4d2] 
0x0000,0x0000,0x0000,0x0000,0x0000,0x0000,0x0000,0x0000,0x0000,0x0000,//	46300 [b4dc] 
0x0000,0x0000,0x0000,0x0000,0x0000,0x0000,0x0000,0x0000,0x0000,0x0000,//	46310 [b4e6] 
0x0000,0x0000,0x0000,0x0000,0x0000,0x0000,0x0000,0x0000,0x0000,0x0000,//	46320 [b4f0] 
0x0000,0x0000,0x0000,0x0000,0x0000,0x0000,0x0000,0x0000,0x0000,0x0000,//	46330 [b4fa] 
0x0000,0x0000,0x0000,0x0000,0x0000,0x0000,0x0000,0x0000,0x0000,0x0000,//	46340 [b504] 
0x0000,0x0000,0x0000,0x0000,0x0000,0x0000,0x0000,0x0000,0x0000,0x0000,//	46350 [b50e] 
0x0000,0x0000,0x0000,0x0000,0x0000,0x0000,0x0000,0x0000,0x0000,0x0000,//	46360 [b518] 
0x0000,0x0000,0x0000,0x0000,0x0000,0x0000,0x0000,0x0000,0x0000,0x0000,//	46370 [b522] 
0x0000,0x0000,0x0000,0x0000,0x0000,0x0000,0x0000,0x0000,0x0000,0x0000,//	46380 [b52c] 
0x0000,0x0000,0x0000,0x0000,0x0000,0x0000,0x0000,0x0000,0x0000,0x0000,//	46390 [b536] 
0x0000,0x0000,0x0000,0x0000,0x0000,0x0000,0x0000,0x0000,0x0000,0x0000,//	46400 [b540] 
0x0000,0x0000,0x0000,0x0000,0x0000,0x0000,0x0000,0x0000,0x0000,0x0000,//	46410 [b54a] 
0x0000,0x0000,0x0000,0x0000,0x0000,0x0000,0x0000,0x0000,0x0000,0x0000,//	46420 [b554] 
0x0000,0x0000,0x0000,0x0000,0x0000,0x0000,0x0000,0x0000,0x0000,0x0000,//	46430 [b55e] 
0x0000,0x0000,0x0000,0x0000,0x0000,0x0000,0x0000,0x0000,0x0000,0x0000,//	46440 [b568] 
0x0000,0x0000,0x0000,0x0000,0x0000,0x0000,0x0000,0x0000,0x0000,0x0000,//	46450 [b572] 
0x0000,0x0000,0x0000,0x0000,0x0000,0x0000,0x0000,0x0000,0x0000,0x0000,//	46460 [b57c] 
0x0000,0x0000,0x0000,0x0000,0x0000,0x0000,0x0000,0x0000,0x0000,0x0000,//	46470 [b586] 
0x0000,0x0000,0x0000,0x0000,0x0000,0x0000,0x0000,0x0000,0x0000,0x0000,//	46480 [b590] 
0x0000,0x0000,0x0000,0x0000,0x0000,0x0000,0x0000,0x0000,0x0000,0x0000,//	46490 [b59a] 
0x0000,0x0000,0x0000,0x0000,0x0000,0x0000,0x0000,0x0000,0x0000,0x0000,//	46500 [b5a4] 
0x0000,0x0000,0x0000,0x0000,0x0000,0x0000,0x0000,0x0000,0x0000,0x0000,//	46510 [b5ae] 
0x0000,0x0000,0x0000,0x0000,0x0000,0x0000,0x0000,0x0000,0x0000,0x0000,//	46520 [b5b8] 
0x0000,0x0000,0x0000,0x0000,0x0000,0x0000,0x0000,0x0000,0x0000,0x0000,//	46530 [b5c2] 
0x0000,0x0000,0x0000,0x0000,0x0000,0x0000,0x0000,0x0000,0x0000,0x0000,//	46540 [b5cc] 
0x0000,0x0000,0x0000,0x0000,0x0000,0x0000,0x0000,0x0000,0x0000,0x0000,//	46550 [b5d6] 
0x0000,0x0000,0x0000,0x0000,0x0000,0x0000,0x0000,0x0000,0x0000,0x0000,//	46560 [b5e0] 
0x0000,0x0000,0x0000,0x0000,0x0000,0x0000,0x0000,0x0000,0x0000,0x0000,//	46570 [b5ea] 
0x0000,0x0000,0x0000,0x0000,0x0000,0x0000,0x0000,0x0000,0x0000,0x0000,//	46580 [b5f4] 
0x0000,0x0000,0x0000,0x0000,0x0000,0x0000,0x0000,0x0000,0x0000,0x0000,//	46590 [b5fe] 
0x0000,0x0000,0x0000,0x0000,0x0000,0x0000,0x0000,0x0000,0x0000,0x0000,//	46600 [b608] 
0x0000,0x0000,0x0000,0x0000,0x0000,0x0000,0x0000,0x0000,0x0000,0x0000,//	46610 [b612] 
0x0000,0x0000,0x0000,0x0000,0x0000,0x0000,0x0000,0x0000,0x0000,0x0000,//	46620 [b61c] 
0x0000,0x0000,0x0000,0x0000,0x0000,0x0000,0x0000,0x0000,0x0000,0x0000,//	46630 [b626] 
0x0000,0x0000,0x0000,0x0000,0x0000,0x0000,0x0000,0x0000,0x0000,0x0000,//	46640 [b630] 
0x0000,0x0000,0x0000,0x0000,0x0000,0x0000,0x0000,0x0000,0x0000,0x0000,//	46650 [b63a] 
0x0000,0x0000,0x0000,0x0000,0x0000,0x0000,0x0000,0x0000,0x0000,0x0000,//	46660 [b644] 
0x0000,0x0000,0x0000,0x0000,0x0000,0x0000,0x0000,0x0000,0x0000,0x0000,//	46670 [b64e] 
0x0000,0x0000,0x0000,0x0000,0x0000,0x0000,0x0000,0x0000,0x0000,0x0000,//	46680 [b658] 
0x0000,0x0000,0x0000,0x0000,0x0000,0x0000,0x0000,0x0000,0x0000,0x0000,//	46690 [b662] 
0x0000,0x0000,0x0000,0x0000,0x0000,0x0000,0x0000,0x0000,0x0000,0x0000,//	46700 [b66c] 
0x0000,0x0000,0x0000,0x0000,0x0000,0x0000,0x0000,0x0000,0x0000,0x0000,//	46710 [b676] 
0x0000,0x0000,0x0000,0x0000,0x0000,0x0000,0x0000,0x0000,0x0000,0x0000,//	46720 [b680] 
0x0000,0x0000,0x0000,0x0000,0x0000,0x0000,0x0000,0x0000,0x0000,0x0000,//	46730 [b68a] 
0x0000,0x0000,0x0000,0x0000,0x0000,0x0000,0x0000,0x0000,0x0000,0x0000,//	46740 [b694] 
0x0000,0x0000,0x0000,0x0000,0x0000,0x0000,0x0000,0x0000,0x0000,0x0000,//	46750 [b69e] 
0x0000,0x0000,0x0000,0x0000,0x0000,0x0000,0x0000,0x0000,0x0000,0x0000,//	46760 [b6a8] 
0x0000,0x0000,0x0000,0x0000,0x0000,0x0000,0x0000,0x0000,0x0000,0x0000,//	46770 [b6b2] 
0x0000,0x0000,0x0000,0x0000,0x0000,0x0000,0x0000,0x0000,0x0000,0x0000,//	46780 [b6bc] 
0x0000,0x0000,0x0000,0x0000,0x0000,0x0000,0x0000,0x0000,0x0000,0x0000,//	46790 [b6c6] 
0x0000,0x0000,0x0000,0x0000,0x0000,0x0000,0x0000,0x0000,0x0000,0x0000,//	46800 [b6d0] 
0x0000,0x0000,0x0000,0x0000,0x0000,0x0000,0x0000,0x0000,0x0000,0x0000,//	46810 [b6da] 
0x0000,0x0000,0x0000,0x0000,0x0000,0x0000,0x0000,0x0000,0x0000,0x0000,//	46820 [b6e4] 
0x0000,0x0000,0x0000,0x0000,0x0000,0x0000,0x0000,0x0000,0x0000,0x0000,//	46830 [b6ee] 
0x0000,0x0000,0x0000,0x0000,0x0000,0x0000,0x0000,0x0000,0x0000,0x0000,//	46840 [b6f8] 
0x0000,0x0000,0x0000,0x0000,0x0000,0x0000,0x0000,0x0000,0x0000,0x0000,//	46850 [b702] 
0x0000,0x0000,0x0000,0x0000,0x0000,0x0000,0x0000,0x0000,0x0000,0x0000,//	46860 [b70c] 
0x0000,0x0000,0x0000,0x0000,0x0000,0x0000,0x0000,0x0000,0x0000,0x0000,//	46870 [b716] 
0x0000,0x0000,0x0000,0x0000,0x0000,0x0000,0x0000,0x0000,0x0000,0x0000,//	46880 [b720] 
0x0000,0x0000,0x0000,0x0000,0x0000,0x0000,0x0000,0x0000,0x0000,0x0000,//	46890 [b72a] 
0x0000,0x0000,0x0000,0x0000,0x0000,0x0000,0x0000,0x0000,0x0000,0x0000,//	46900 [b734] 
0x0000,0x0000,0x0000,0x0000,0x0000,0x0000,0x0000,0x0000,0x0000,0x0000,//	46910 [b73e] 
0x0000,0x0000,0x0000,0x0000,0x0000,0x0000,0x0000,0x0000,0x0000,0x0000,//	46920 [b748] 
0x0000,0x0000,0x0000,0x0000,0x0000,0x0000,0x0000,0x0000,0x0000,0x0000,//	46930 [b752] 
0x0000,0x0000,0x0000,0x0000,0x0000,0x0000,0x0000,0x0000,0x0000,0x0000,//	46940 [b75c] 
0x0000,0x0000,0x0000,0x0000,0x0000,0x0000,0x0000,0x0000,0x0000,0x0000,//	46950 [b766] 
0x0000,0x0000,0x0000,0x0000,0x0000,0x0000,0x0000,0x0000,0x0000,0x0000,//	46960 [b770] 
0x0000,0x0000,0x0000,0x0000,0x0000,0x0000,0x0000,0x0000,0x0000,0x0000,//	46970 [b77a] 
0x0000,0x0000,0x0000,0x0000,0x0000,0x0000,0x0000,0x0000,0x0000,0x0000,//	46980 [b784] 
0x0000,0x0000,0x0000,0x0000,0x0000,0x0000,0x0000,0x0000,0x0000,0x0000,//	46990 [b78e] 
0x0000,0x0000,0x0000,0x0000,0x0000,0x0000,0x0000,0x0000,0x0000,0x0000,//	47000 [b798] 
0x0000,0x0000,0x0000,0x0000,0x0000,0x0000,0x0000,0x0000,0x0000,0x0000,//	47010 [b7a2] 
0x0000,0x0000,0x0000,0x0000,0x0000,0x0000,0x0000,0x0000,0x0000,0x0000,//	47020 [b7ac] 
0x0000,0x0000,0x0000,0x0000,0x0000,0x0000,0x0000,0x0000,0x0000,0x0000,//	47030 [b7b6] 
0x0000,0x0000,0x0000,0x0000,0x0000,0x0000,0x0000,0x0000,0x0000,0x0000,//	47040 [b7c0] 
0x0000,0x0000,0x0000,0x0000,0x0000,0x0000,0x0000,0x0000,0x0000,0x0000,//	47050 [b7ca] 
0x0000,0x0000,0x0000,0x0000,0x0000,0x0000,0x0000,0x0000,0x0000,0x0000,//	47060 [b7d4] 
0x0000,0x0000,0x0000,0x0000,0x0000,0x0000,0x0000,0x0000,0x0000,0x0000,//	47070 [b7de] 
0x0000,0x0000,0x0000,0x0000,0x0000,0x0000,0x0000,0x0000,0x0000,0x0000,//	47080 [b7e8] 
0x0000,0x0000,0x0000,0x0000,0x0000,0x0000,0x0000,0x0000,0x0000,0x0000,//	47090 [b7f2] 
0x0000,0x0000,0x0000,0x0000,0x0000,0x0000,0x0000,0x0000,0x0000,0x0000,//	47100 [b7fc] 
0x0000,0x0000,0x0000,0x0000,0x0000,0x0000,0x0000,0x0000,0x0000,0x0000,//	47110 [b806] 
0x0000,0x0000,0x0000,0x0000,0x0000,0x0000,0x0000,0x0000,0x0000,0x0000,//	47120 [b810] 
0x0000,0x0000,0x0000,0x0000,0x0000,0x0000,0x0000,0x0000,0x0000,0x0000,//	47130 [b81a] 
0x0000,0x0000,0x0000,0x0000,0x0000,0x0000,0x0000,0x0000,0x0000,0x0000,//	47140 [b824] 
0x0000,0x0000,0x0000,0x0000,0x0000,0x0000,0x0000,0x0000,0x0000,0x0000,//	47150 [b82e] 
0x0000,0x0000,0x0000,0x0000,0x0000,0x0000,0x0000,0x0000,0x0000,0x0000,//	47160 [b838] 
0x0000,0x0000,0x0000,0x0000,0x0000,0x0000,0x0000,0x0000,0x0000,0x0000,//	47170 [b842] 
0x0000,0x0000,0x0000,0x0000,0x0000,0x0000,0x0000,0x0000,0x0000,0x0000,//	47180 [b84c] 
0x0000,0x0000,0x0000,0x0000,0x0000,0x0000,0x0000,0x0000,0x0000,0x0000,//	47190 [b856] 
0x0000,0x0000,0x0000,0x0000,0x0000,0x0000,0x0000,0x0000,0x0000,0x0000,//	47200 [b860] 
0x0000,0x0000,0x0000,0x0000,0x0000,0x0000,0x0000,0x0000,0x0000,0x0000,//	47210 [b86a] 
0x0000,0x0000,0x0000,0x0000,0x0000,0x0000,0x0000,0x0000,0x0000,0x0000,//	47220 [b874] 
0x0000,0x0000,0x0000,0x0000,0x0000,0x0000,0x0000,0x0000,0x0000,0x0000,//	47230 [b87e] 
0x0000,0x0000,0x0000,0x0000,0x0000,0x0000,0x0000,0x0000,0x0000,0x0000,//	47240 [b888] 
0x0000,0x0000,0x0000,0x0000,0x0000,0x0000,0x0000,0x0000,0x0000,0x0000,//	47250 [b892] 
0x0000,0x0000,0x0000,0x0000,0x0000,0x0000,0x0000,0x0000,0x0000,0x0000,//	47260 [b89c] 
0x0000,0x0000,0x0000,0x0000,0x0000,0x0000,0x0000,0x0000,0x0000,0x0000,//	47270 [b8a6] 
0x0000,0x0000,0x0000,0x0000,0x0000,0x0000,0x0000,0x0000,0x0000,0x0000,//	47280 [b8b0] 
0x0000,0x0000,0x0000,0x0000,0x0000,0x0000,0x0000,0x0000,0x0000,0x0000,//	47290 [b8ba] 
0x0000,0x0000,0x0000,0x0000,0x0000,0x0000,0x0000,0x0000,0x0000,0x0000,//	47300 [b8c4] 
0x0000,0x0000,0x0000,0x0000,0x0000,0x0000,0x0000,0x0000,0x0000,0x0000,//	47310 [b8ce] 
0x0000,0x0000,0x0000,0x0000,0x0000,0x0000,0x0000,0x0000,0x0000,0x0000,//	47320 [b8d8] 
0x0000,0x0000,0x0000,0x0000,0x0000,0x0000,0x0000,0x0000,0x0000,0x0000,//	47330 [b8e2] 
0x0000,0x0000,0x0000,0x0000,0x0000,0x0000,0x0000,0x0000,0x0000,0x0000,//	47340 [b8ec] 
0x0000,0x0000,0x0000,0x0000,0x0000,0x0000,0x0000,0x0000,0x0000,0x0000,//	47350 [b8f6] 
0x0000,0x0000,0x0000,0x0000,0x0000,0x0000,0x0000,0x0000,0x0000,0x0000,//	47360 [b900] 
0x0000,0x0000,0x0000,0x0000,0x0000,0x0000,0x0000,0x0000,0x0000,0x0000,//	47370 [b90a] 
0x0000,0x0000,0x0000,0x0000,0x0000,0x0000,0x0000,0x0000,0x0000,0x0000,//	47380 [b914] 
0x0000,0x0000,0x0000,0x0000,0x0000,0x0000,0x0000,0x0000,0x0000,0x0000,//	47390 [b91e] 
0x0000,0x0000,0x0000,0x0000,0x0000,0x0000,0x0000,0x0000,0x0000,0x0000,//	47400 [b928] 
0x0000,0x0000,0x0000,0x0000,0x0000,0x0000,0x0000,0x0000,0x0000,0x0000,//	47410 [b932] 
0x0000,0x0000,0x0000,0x0000,0x0000,0x0000,0x0000,0x0000,0x0000,0x0000,//	47420 [b93c] 
0x0000,0x0000,0x0000,0x0000,0x0000,0x0000,0x0000,0x0000,0x0000,0x0000,//	47430 [b946] 
0x0000,0x0000,0x0000,0x0000,0x0000,0x0000,0x0000,0x0000,0x0000,0x0000,//	47440 [b950] 
0x0000,0x0000,0x0000,0x0000,0x0000,0x0000,0x0000,0x0000,0x0000,0x0000,//	47450 [b95a] 
0x0000,0x0000,0x0000,0x0000,0x0000,0x0000,0x0000,0x0000,0x0000,0x0000,//	47460 [b964] 
0x0000,0x0000,0x0000,0x0000,0x0000,0x0000,0x0000,0x0000,0x0000,0x0000,//	47470 [b96e] 
0x0000,0x0000,0x0000,0x0000,0x0000,0x0000,0x0000,0x0000,0x0000,0x0000,//	47480 [b978] 
0x0000,0x0000,0x0000,0x0000,0x0000,0x0000,0x0000,0x0000,0x0000,0x0000,//	47490 [b982] 
0x0000,0x0000,0x0000,0x0000,0x0000,0x0000,0x0000,0x0000,0x0000,0x0000,//	47500 [b98c] 
0x0000,0x0000,0x0000,0x0000,0x0000,0x0000,0x0000,0x0000,0x0000,0x0000,//	47510 [b996] 
0x0000,0x0000,0x0000,0x0000,0x0000,0x0000,0x0000,0x0000,0x0000,0x0000,//	47520 [b9a0] 
0x0000,0x0000,0x0000,0x0000,0x0000,0x0000,0x0000,0x0000,0x0000,0x0000,//	47530 [b9aa] 
0x0000,0x0000,0x0000,0x0000,0x0000,0x0000,0x0000,0x0000,0x0000,0x0000,//	47540 [b9b4] 
0x0000,0x0000,0x0000,0x0000,0x0000,0x0000,0x0000,0x0000,0x0000,0x0000,//	47550 [b9be] 
0x0000,0x0000,0x0000,0x0000,0x0000,0x0000,0x0000,0x0000,0x0000,0x0000,//	47560 [b9c8] 
0x0000,0x0000,0x0000,0x0000,0x0000,0x0000,0x0000,0x0000,0x0000,0x0000,//	47570 [b9d2] 
0x0000,0x0000,0x0000,0x0000,0x0000,0x0000,0x0000,0x0000,0x0000,0x0000,//	47580 [b9dc] 
0x0000,0x0000,0x0000,0x0000,0x0000,0x0000,0x0000,0x0000,0x0000,0x0000,//	47590 [b9e6] 
0x0000,0x0000,0x0000,0x0000,0x0000,0x0000,0x0000,0x0000,0x0000,0x0000,//	47600 [b9f0] 
0x0000,0x0000,0x0000,0x0000,0x0000,0x0000,0x0000,0x0000,0x0000,0x0000,//	47610 [b9fa] 
0x0000,0x0000,0x0000,0x0000,0x0000,0x0000,0x0000,0x0000,0x0000,0x0000,//	47620 [ba04] 
0x0000,0x0000,0x0000,0x0000,0x0000,0x0000,0x0000,0x0000,0x0000,0x0000,//	47630 [ba0e] 
0x0000,0x0000,0x0000,0x0000,0x0000,0x0000,0x0000,0x0000,0x0000,0x0000,//	47640 [ba18] 
0x0000,0x0000,0x0000,0x0000,0x0000,0x0000,0x0000,0x0000,0x0000,0x0000,//	47650 [ba22] 
0x0000,0x0000,0x0000,0x0000,0x0000,0x0000,0x0000,0x0000,0x0000,0x0000,//	47660 [ba2c] 
0x0000,0x0000,0x0000,0x0000,0x0000,0x0000,0x0000,0x0000,0x0000,0x0000,//	47670 [ba36] 
0x0000,0x0000,0x0000,0x0000,0x0000,0x0000,0x0000,0x0000,0x0000,0x0000,//	47680 [ba40] 
0x0000,0x0000,0x0000,0x0000,0x0000,0x0000,0x0000,0x0000,0x0000,0x0000,//	47690 [ba4a] 
0x0000,0x0000,0x0000,0x0000,0x0000,0x0000,0x0000,0x0000,0x0000,0x0000,//	47700 [ba54] 
0x0000,0x0000,0x0000,0x0000,0x0000,0x0000,0x0000,0x0000,0x0000,0x0000,//	47710 [ba5e] 
0x0000,0x0000,0x0000,0x0000,0x0000,0x0000,0x0000,0x0000,0x0000,0x0000,//	47720 [ba68] 
0x0000,0x0000,0x0000,0x0000,0x0000,0x0000,0x0000,0x0000,0x0000,0x0000,//	47730 [ba72] 
0x0000,0x0000,0x0000,0x0000,0x0000,0x0000,0x0000,0x0000,0x0000,0x0000,//	47740 [ba7c] 
0x0000,0x0000,0x0000,0x0000,0x0000,0x0000,0x0000,0x0000,0x0000,0x0000,//	47750 [ba86] 
0x0000,0x0000,0x0000,0x0000,0x0000,0x0000,0x0000,0x0000,0x0000,0x0000,//	47760 [ba90] 
0x0000,0x0000,0x0000,0x0000,0x0000,0x0000,0x0000,0x0000,0x0000,0x0000,//	47770 [ba9a] 
0x0000,0x0000,0x0000,0x0000,0x0000,0x0000,0x0000,0x0000,0x0000,0x0000,//	47780 [baa4] 
0x0000,0x0000,0x0000,0x0000,0x0000,0x0000,0x0000,0x0000,0x0000,0x0000,//	47790 [baae] 
0x0000,0x0000,0x0000,0x0000,0x0000,0x0000,0x0000,0x0000,0x0000,0x0000,//	47800 [bab8] 
0x0000,0x0000,0x0000,0x0000,0x0000,0x0000,0x0000,0x0000,0x0000,0x0000,//	47810 [bac2] 
0x0000,0x0000,0x0000,0x0000,0x0000,0x0000,0x0000,0x0000,0x0000,0x0000,//	47820 [bacc] 
0x0000,0x0000,0x0000,0x0000,0x0000,0x0000,0x0000,0x0000,0x0000,0x0000,//	47830 [bad6] 
0x0000,0x0000,0x0000,0x0000,0x0000,0x0000,0x0000,0x0000,0x0000,0x0000,//	47840 [bae0] 
0x0000,0x0000,0x0000,0x0000,0x0000,0x0000,0x0000,0x0000,0x0000,0x0000,//	47850 [baea] 
0x0000,0x0000,0x0000,0x0000,0x0000,0x0000,0x0000,0x0000,0x0000,0x0000,//	47860 [baf4] 
0x0000,0x0000,0x0000,0x0000,0x0000,0x0000,0x0000,0x0000,0x0000,0x0000,//	47870 [bafe] 
0x0000,0x0000,0x0000,0x0000,0x0000,0x0000,0x0000,0x0000,0x0000,0x0000,//	47880 [bb08] 
0x0000,0x0000,0x0000,0x0000,0x0000,0x0000,0x0000,0x0000,0x0000,0x0000,//	47890 [bb12] 
0x0000,0x0000,0x0000,0x0000,0x0000,0x0000,0x0000,0x0000,0x0000,0x0000,//	47900 [bb1c] 
0x0000,0x0000,0x0000,0x0000,0x0000,0x0000,0x0000,0x0000,0x0000,0x0000,//	47910 [bb26] 
0x0000,0x0000,0x0000,0x0000,0x0000,0x0000,0x0000,0x0000,0x0000,0x0000,//	47920 [bb30] 
0x0000,0x0000,0x0000,0x0000,0x0000,0x0000,0x0000,0x0000,0x0000,0x0000,//	47930 [bb3a] 
0x0000,0x0000,0x0000,0x0000,0x0000,0x0000,0x0000,0x0000,0x0000,0x0000,//	47940 [bb44] 
0x0000,0x0000,0x0000,0x0000,0x0000,0x0000,0x0000,0x0000,0x0000,0x0000,//	47950 [bb4e] 
0x0000,0x0000,0x0000,0x0000,0x0000,0x0000,0x0000,0x0000,0x0000,0x0000,//	47960 [bb58] 
0x0000,0x0000,0x0000,0x0000,0x0000,0x0000,0x0000,0x0000,0x0000,0x0000,//	47970 [bb62] 
0x0000,0x0000,0x0000,0x0000,0x0000,0x0000,0x0000,0x0000,0x0000,0x0000,//	47980 [bb6c] 
0x0000,0x0000,0x0000,0x0000,0x0000,0x0000,0x0000,0x0000,0x0000,0x0000,//	47990 [bb76] 
0x0000,0x0000,0x0000,0x0000,0x0000,0x0000,0x0000,0x0000,0x0000,0x0000,//	48000 [bb80] 
0x0000,0x0000,0x0000,0x0000,0x0000,0x0000,0x0000,0x0000,0x0000,0x0000,//	48010 [bb8a] 
0x0000,0x0000,0x0000,0x0000,0x0000,0x0000,0x0000,0x0000,0x0000,0x0000,//	48020 [bb94] 
0x0000,0x0000,0x0000,0x0000,0x0000,0x0000,0x0000,0x0000,0x0000,0x0000,//	48030 [bb9e] 
0x0000,0x0000,0x0000,0x0000,0x0000,0x0000,0x0000,0x0000,0x0000,0x0000,//	48040 [bba8] 
0x0000,0x0000,0x0000,0x0000,0x0000,0x0000,0x0000,0x0000,0x0000,0x0000,//	48050 [bbb2] 
0x0000,0x0000,0x0000,0x0000,0x0000,0x0000,0x0000,0x0000,0x0000,0x0000,//	48060 [bbbc] 
0x0000,0x0000,0x0000,0x0000,0x0000,0x0000,0x0000,0x0000,0x0000,0x0000,//	48070 [bbc6] 
0x0000,0x0000,0x0000,0x0000,0x0000,0x0000,0x0000,0x0000,0x0000,0x0000,//	48080 [bbd0] 
0x0000,0x0000,0x0000,0x0000,0x0000,0x0000,0x0000,0x0000,0x0000,0x0000,//	48090 [bbda] 
0x0000,0x0000,0x0000,0x0000,0x0000,0x0000,0x0000,0x0000,0x0000,0x0000,//	48100 [bbe4] 
0x0000,0x0000,0x0000,0x0000,0x0000,0x0000,0x0000,0x0000,0x0000,0x0000,//	48110 [bbee] 
0x0000,0x0000,0x0000,0x0000,0x0000,0x0000,0x0000,0x0000,0x0000,0x0000,//	48120 [bbf8] 
0x0000,0x0000,0x0000,0x0000,0x0000,0x0000,0x0000,0x0000,0x0000,0x0000,//	48130 [bc02] 
0x0000,0x0000,0x0000,0x0000,0x0000,0x0000,0x0000,0x0000,0x0000,0x0000,//	48140 [bc0c] 
0x0000,0x0000,0x0000,0x0000,0x0000,0x0000,0x0000,0x0000,0x0000,0x0000,//	48150 [bc16] 
0x0000,0x0000,0x0000,0x0000,0x0000,0x0000,0x0000,0x0000,0x0000,0x0000,//	48160 [bc20] 
0x0000,0x0000,0x0000,0x0000,0x0000,0x0000,0x0000,0x0000,0x0000,0x0000,//	48170 [bc2a] 
0x0000,0x0000,0x0000,0x0000,0x0000,0x0000,0x0000,0x0000,0x0000,0x0000,//	48180 [bc34] 
0x0000,0x0000,0x0000,0x0000,0x0000,0x0000,0x0000,0x0000,0x0000,0x0000,//	48190 [bc3e] 
0x0000,0x0000,0x0000,0x0000,0x0000,0x0000,0x0000,0x0000,0x0000,0x0000,//	48200 [bc48] 
0x0000,0x0000,0x0000,0x0000,0x0000,0x0000,0x0000,0x0000,0x0000,0x0000,//	48210 [bc52] 
0x0000,0x0000,0x0000,0x0000,0x0000,0x0000,0x0000,0x0000,0x0000,0x0000,//	48220 [bc5c] 
0x0000,0x0000,0x0000,0x0000,0x0000,0x0000,0x0000,0x0000,0x0000,0x0000,//	48230 [bc66] 
0x0000,0x0000,0x0000,0x0000,0x0000,0x0000,0x0000,0x0000,0x0000,0x0000,//	48240 [bc70] 
0x0000,0x0000,0x0000,0x0000,0x0000,0x0000,0x0000,0x0000,0x0000,0x0000,//	48250 [bc7a] 
0x0000,0x0000,0x0000,0x0000,0x0000,0x0000,0x0000,0x0000,0x0000,0x0000,//	48260 [bc84] 
0x0000,0x0000,0x0000,0x0000,0x0000,0x0000,0x0000,0x0000,0x0000,0x0000,//	48270 [bc8e] 
0x0000,0x0000,0x0000,0x0000,0x0000,0x0000,0x0000,0x0000,0x0000,0x0000,//	48280 [bc98] 
0x0000,0x0000,0x0000,0x0000,0x0000,0x0000,0x0000,0x0000,0x0000,0x0000,//	48290 [bca2] 
0x0000,0x0000,0x0000,0x0000,0x0000,0x0000,0x0000,0x0000,0x0000,0x0000,//	48300 [bcac] 
0x0000,0x0000,0x0000,0x0000,0x0000,0x0000,0x0000,0x0000,0x0000,0x0000,//	48310 [bcb6] 
0x0000,0x0000,0x0000,0x0000,0x0000,0x0000,0x0000,0x0000,0x0000,0x0000,//	48320 [bcc0] 
0x0000,0x0000,0x0000,0x0000,0x0000,0x0000,0x0000,0x0000,0x0000,0x0000,//	48330 [bcca] 
0x0000,0x0000,0x0000,0x0000,0x0000,0x0000,0x0000,0x0000,0x0000,0x0000,//	48340 [bcd4] 
0x0000,0x0000,0x0000,0x0000,0x0000,0x0000,0x0000,0x0000,0x0000,0x0000,//	48350 [bcde] 
0x0000,0x0000,0x0000,0x0000,0x0000,0x0000,0x0000,0x0000,0x0000,0x0000,//	48360 [bce8] 
0x0000,0x0000,0x0000,0x0000,0x0000,0x0000,0x0000,0x0000,0x0000,0x0000,//	48370 [bcf2] 
0x0000,0x0000,0x0000,0x0000,0x0000,0x0000,0x0000,0x0000,0x0000,0x0000,//	48380 [bcfc] 
0x0000,0x0000,0x0000,0x0000,0x0000,0x0000,0x0000,0x0000,0x0000,0x0000,//	48390 [bd06] 
0x0000,0x0000,0x0000,0x0000,0x0000,0x0000,0x0000,0x0000,0x0000,0x0000,//	48400 [bd10] 
0x0000,0x0000,0x0000,0x0000,0x0000,0x0000,0x0000,0x0000,0x0000,0x0000,//	48410 [bd1a] 
0x0000,0x0000,0x0000,0x0000,0x0000,0x0000,0x0000,0x0000,0x0000,0x0000,//	48420 [bd24] 
0x0000,0x0000,0x0000,0x0000,0x0000,0x0000,0x0000,0x0000,0x0000,0x0000,//	48430 [bd2e] 
0x0000,0x0000,0x0000,0x0000,0x0000,0x0000,0x0000,0x0000,0x0000,0x0000,//	48440 [bd38] 
0x0000,0x0000,0x0000,0x0000,0x0000,0x0000,0x0000,0x0000,0x0000,0x0000,//	48450 [bd42] 
0x0000,0x0000,0x0000,0x0000,0x0000,0x0000,0x0000,0x0000,0x0000,0x0000,//	48460 [bd4c] 
0x0000,0x0000,0x0000,0x0000,0x0000,0x0000,0x0000,0x0000,0x0000,0x0000,//	48470 [bd56] 
0x0000,0x0000,0x0000,0x0000,0x0000,0x0000,0x0000,0x0000,0x0000,0x0000,//	48480 [bd60] 
0x0000,0x0000,0x0000,0x0000,0x0000,0x0000,0x0000,0x0000,0x0000,0x0000,//	48490 [bd6a] 
0x0000,0x0000,0x0000,0x0000,0x0000,0x0000,0x0000,0x0000,0x0000,0x0000,//	48500 [bd74] 
0x0000,0x0000,0x0000,0x0000,0x0000,0x0000,0x0000,0x0000,0x0000,0x0000,//	48510 [bd7e] 
0x0000,0x0000,0x0000,0x0000,0x0000,0x0000,0x0000,0x0000,0x0000,0x0000,//	48520 [bd88] 
0x0000,0x0000,0x0000,0x0000,0x0000,0x0000,0x0000,0x0000,0x0000,0x0000,//	48530 [bd92] 
0x0000,0x0000,0x0000,0x0000,0x0000,0x0000,0x0000,0x0000,0x0000,0x0000,//	48540 [bd9c] 
0x0000,0x0000,0x0000,0x0000,0x0000,0x0000,0x0000,0x0000,0x0000,0x0000,//	48550 [bda6] 
0x0000,0x0000,0x0000,0x0000,0x0000,0x0000,0x0000,0x0000,0x0000,0x0000,//	48560 [bdb0] 
0x0000,0x0000,0x0000,0x0000,0x0000,0x0000,0x0000,0x0000,0x0000,0x0000,//	48570 [bdba] 
0x0000,0x0000,0x0000,0x0000,0x0000,0x0000,0x0000,0x0000,0x0000,0x0000,//	48580 [bdc4] 
0x0000,0x0000,0x0000,0x0000,0x0000,0x0000,0x0000,0x0000,0x0000,0x0000,//	48590 [bdce] 
0x0000,0x0000,0x0000,0x0000,0x0000,0x0000,0x0000,0x0000,0x0000,0x0000,//	48600 [bdd8] 
0x0000,0x0000,0x0000,0x0000,0x0000,0x0000,0x0000,0x0000,0x0000,0x0000,//	48610 [bde2] 
0x0000,0x0000,0x0000,0x0000,0x0000,0x0000,0x0000,0x0000,0x0000,0x0000,//	48620 [bdec] 
0x0000,0x0000,0x0000,0x0000,0x0000,0x0000,0x0000,0x0000,0x0000,0x0000,//	48630 [bdf6] 
0x0000,0x0000,0x0000,0x0000,0x0000,0x0000,0x0000,0x0000,0x0000,0x0000,//	48640 [be00] 
0x0000,0x0000,0x0000,0x0000,0x0000,0x0000,0x0000,0x0000,0x0000,0x0000,//	48650 [be0a] 
0x0000,0x0000,0x0000,0x0000,0x0000,0x0000,0x0000,0x0000,0x0000,0x0000,//	48660 [be14] 
0x0000,0x0000,0x0000,0x0000,0x0000,0x0000,0x0000,0x0000,0x0000,0x0000,//	48670 [be1e] 
0x0000,0x0000,0x0000,0x0000,0x0000,0x0000,0x0000,0x0000,0x0000,0x0000,//	48680 [be28] 
0x0000,0x0000,0x0000,0x0000,0x0000,0x0000,0x0000,0x0000,0x0000,0x0000,//	48690 [be32] 
0x0000,0x0000,0x0000,0x0000,0x0000,0x0000,0x0000,0x0000,0x0000,0x0000,//	48700 [be3c] 
0x0000,0x0000,0x0000,0x0000,0x0000,0x0000,0x0000,0x0000,0x0000,0x0000,//	48710 [be46] 
0x0000,0x0000,0x0000,0x0000,0x0000,0x0000,0x0000,0x0000,0x0000,0x0000,//	48720 [be50] 
0x0000,0x0000,0x0000,0x0000,0x0000,0x0000,0x0000,0x0000,0x0000,0x0000,//	48730 [be5a] 
0x0000,0x0000,0x0000,0x0000,0x0000,0x0000,0x0000,0x0000,0x0000,0x0000,//	48740 [be64] 
0x0000,0x0000,0x0000,0x0000,0x0000,0x0000,0x0000,0x0000,0x0000,0x0000,//	48750 [be6e] 
0x0000,0x0000,0x0000,0x0000,0x0000,0x0000,0x0000,0x0000,0x0000,0x0000,//	48760 [be78] 
0x0000,0x0000,0x0000,0x0000,0x0000,0x0000,0x0000,0x0000,0x0000,0x0000,//	48770 [be82] 
0x0000,0x0000,0x0000,0x0000,0x0000,0x0000,0x0000,0x0000,0x0000,0x0000,//	48780 [be8c] 
0x0000,0x0000,0x0000,0x0000,0x0000,0x0000,0x0000,0x0000,0x0000,0x0000,//	48790 [be96] 
0x0000,0x0000,0x0000,0x0000,0x0000,0x0000,0x0000,0x0000,0x0000,0x0000,//	48800 [bea0] 
0x0000,0x0000,0x0000,0x0000,0x0000,0x0000,0x0000,0x0000,0x0000,0x0000,//	48810 [beaa] 
0x0000,0x0000,0x0000,0x0000,0x0000,0x0000,0x0000,0x0000,0x0000,0x0000,//	48820 [beb4] 
0x0000,0x0000,0x0000,0x0000,0x0000,0x0000,0x0000,0x0000,0x0000,0x0000,//	48830 [bebe] 
0x0000,0x0000,0x0000,0x0000,0x0000,0x0000,0x0000,0x0000,0x0000,0x0000,//	48840 [bec8] 
0x0000,0x0000,0x0000,0x0000,0x0000,0x0000,0x0000,0x0000,0x0000,0x0000,//	48850 [bed2] 
0x0000,0x0000,0x0000,0x0000,0x0000,0x0000,0x0000,0x0000,0x0000,0x0000,//	48860 [bedc] 
0x0000,0x0000,0x0000,0x0000,0x0000,0x0000,0x0000,0x0000,0x0000,0x0000,//	48870 [bee6] 
0x0000,0x0000,0x0000,0x0000,0x0000,0x0000,0x0000,0x0000,0x0000,0x0000,//	48880 [bef0] 
0x0000,0x0000,0x0000,0x0000,0x0000,0x0000,0x0000,0x0000,0x0000,0x0000,//	48890 [befa] 
0x0000,0x0000,0x0000,0x0000,0x0000,0x0000,0x0000,0x0000,0x0000,0x0000,//	48900 [bf04] 
0x0000,0x0000,0x0000,0x0000,0x0000,0x0000,0x0000,0x0000,0x0000,0x0000,//	48910 [bf0e] 
0x0000,0x0000,0x0000,0x0000,0x0000,0x0000,0x0000,0x0000,0x0000,0x0000,//	48920 [bf18] 
0x0000,0x0000,0x0000,0x0000,0x0000,0x0000,0x0000,0x0000,0x0000,0x0000,//	48930 [bf22] 
0x0000,0x0000,0x0000,0x0000,0x0000,0x0000,0x0000,0x0000,0x0000,0x0000,//	48940 [bf2c] 
0x0000,0x0000,0x0000,0x0000,0x0000,0x0000,0x0000,0x0000,0x0000,0x0000,//	48950 [bf36] 
0x0000,0x0000,0x0000,0x0000,0x0000,0x0000,0x0000,0x0000,0x0000,0x0000,//	48960 [bf40] 
0x0000,0x0000,0x0000,0x0000,0x0000,0x0000,0x0000,0x0000,0x0000,0x0000,//	48970 [bf4a] 
0x0000,0x0000,0x0000,0x0000,0x0000,0x0000,0x0000,0x0000,0x0000,0x0000,//	48980 [bf54] 
0x0000,0x0000,0x0000,0x0000,0x0000,0x0000,0x0000,0x0000,0x0000,0x0000,//	48990 [bf5e] 
0x0000,0x0000,0x0000,0x0000,0x0000,0x0000,0x0000,0x0000,0x0000,0x0000,//	49000 [bf68] 
0x0000,0x0000,0x0000,0x0000,0x0000,0x0000,0x0000,0x0000,0x0000,0x0000,//	49010 [bf72] 
0x0000,0x0000,0x0000,0x0000,0x0000,0x0000,0x0000,0x0000,0x0000,0x0000,//	49020 [bf7c] 
0x0000,0x0000,0x0000,0x0000,0x0000,0x0000,0x0000,0x0000,0x0000,0x0000,//	49030 [bf86] 
0x0000,0x0000,0x0000,0x0000,0x0000,0x0000,0x0000,0x0000,0x0000,0x0000,//	49040 [bf90] 
0x0000,0x0000,0x0000,0x0000,0x0000,0x0000,0x0000,0x0000,0x0000,0x0000,//	49050 [bf9a] 
0x0000,0x0000,0x0000,0x0000,0x0000,0x0000,0x0000,0x0000,0x0000,0x0000,//	49060 [bfa4] 
0x0000,0x0000,0x0000,0x0000,0x0000,0x0000,0x0000,0x0000,0x0000,0x0000,//	49070 [bfae] 
0x0000,0x0000,0x0000,0x0000,0x0000,0x0000,0x0000,0x0000,0x0000,0x0000,//	49080 [bfb8] 
0x0000,0x0000,0x0000,0x0000,0x0000,0x0000,0x0000,0x0000,0x0000,0x0000,//	49090 [bfc2] 
0x0000,0x0000,0x0000,0x0000,0x0000,0x0000,0x0000,0x0000,0x0000,0x0000,//	49100 [bfcc] 
0x0000,0x0000,0x0000,0x0000,0x0000,0x0000,0x0000,0x0000,0x0000,0x0000,//	49110 [bfd6] 
0x0000,0x0000,0x0000,0x0000,0x0000,0x0000,0x0000,0x0000,0x0000,0x0000,//	49120 [bfe0] 
0x0000,0x0000,0x0000,0x0000,0x0000,0x0000,0x0000,0x0000,0x0000,0x0000,//	49130 [bfea] 
0x0000,0x0000,0x0000,0x0000,0x0000,0x0000,0x0000,0x0000,0x0000,0x0000,//	49140 [bff4] 
0x0000,0x0000,0x0000,0x0000,0x0000,0x0000,0x0000,0x0000,0x0000,0x0000,//	49150 [bffe] 
0x0000,0x0000,0x0000,0x0000,0x0000,0x0000,0x0000,0x0000,0x0000,0x0000,//	49160 [c008] 
0x0000,0x0000,0x0000,0x0000,0x0000,0x0000,0x0000,0x0000,0x0000,0x0000,//	49170 [c012] 
0x0000,0x0000,0x0000,0x0000,0x0000,0x0000,0x0000,0x0000,0x0000,0x0000,//	49180 [c01c] 
0x0000,0x0000,0x0000,0x0000,0x0000,0x0000,0x0000,0x0000,0x0000,0x0000,//	49190 [c026] 
0x0000,0x0000,0x0000,0x0000,0x0000,0x0000,0x0000,0x0000,0x0000,0x0000,//	49200 [c030] 
0x0000,0x0000,0x0000,0x0000,0x0000,0x0000,0x0000,0x0000,0x0000,0x0000,//	49210 [c03a] 
0x0000,0x0000,0x0000,0x0000,0x0000,0x0000,0x0000,0x0000,0x0000,0x0000,//	49220 [c044] 
0x0000,0x0000,0x0000,0x0000,0x0000,0x0000,0x0000,0x0000,0x0000,0x0000,//	49230 [c04e] 
0x0000,0x0000,0x0000,0x0000,0x0000,0x0000,0x0000,0x0000,0x0000,0x0000,//	49240 [c058] 
0x0000,0x0000,0x0000,0x0000,0x0000,0x0000,0x0000,0x0000,0x0000,0x0000,//	49250 [c062] 
0x0000,0x0000,0x0000,0x0000,0x0000,0x0000,0x0000,0x0000,0x0000,0x0000,//	49260 [c06c] 
0x0000,0x0000,0x0000,0x0000,0x0000,0x0000,0x0000,0x0000,0x0000,0x0000,//	49270 [c076] 
0x0000,0x0000,0x0000,0x0000,0x0000,0x0000,0x0000,0x0000,0x0000,0x0000,//	49280 [c080] 
0x0000,0x0000,0x0000,0x0000,0x0000,0x0000,0x0000,0x0000,0x0000,0x0000,//	49290 [c08a] 
0x0000,0x0000,0x0000,0x0000,0x0000,0x0000,0x0000,0x0000,0x0000,0x0000,//	49300 [c094] 
0x0000,0x0000,0x0000,0x0000,0x0000,0x0000,0x0000,0x0000,0x0000,0x0000,//	49310 [c09e] 
0x0000,0x0000,0x0000,0x0000,0x0000,0x0000,0x0000,0x0000,0x0000,0x0000,//	49320 [c0a8] 
0x0000,0x0000,0x0000,0x0000,0x0000,0x0000,0x0000,0x0000,0x0000,0x0000,//	49330 [c0b2] 
0x0000,0x0000,0x0000,0x0000,0x0000,0x0000,0x0000,0x0000,0x0000,0x0000,//	49340 [c0bc] 
0x0000,0x0000,0x0000,0x0000,0x0000,0x0000,0x0000,0x0000,0x0000,0x0000,//	49350 [c0c6] 
0x0000,0x0000,0x0000,0x0000,0x0000,0x0000,0x0000,0x0000,0x0000,0x0000,//	49360 [c0d0] 
0x0000,0x0000,0x0000,0x0000,0x0000,0x0000,0x0000,0x0000,0x0000,0x0000,//	49370 [c0da] 
0x0000,0x0000,0x0000,0x0000,0x0000,0x0000,0x0000,0x0000,0x0000,0x0000,//	49380 [c0e4] 
0x0000,0x0000,0x0000,0x0000,0x0000,0x0000,0x0000,0x0000,0x0000,0x0000,//	49390 [c0ee] 
0x0000,0x0000,0x0000,0x0000,0x0000,0x0000,0x0000,0x0000,0x0000,0x0000,//	49400 [c0f8] 
0x0000,0x0000,0x0000,0x0000,0x0000,0x0000,0x0000,0x0000,0x0000,0x0000,//	49410 [c102] 
0x0000,0x0000,0x0000,0x0000,0x0000,0x0000,0x0000,0x0000,0x0000,0x0000,//	49420 [c10c] 
0x0000,0x0000,0x0000,0x0000,0x0000,0x0000,0x0000,0x0000,0x0000,0x0000,//	49430 [c116] 
0x0000,0x0000,0x0000,0x0000,0x0000,0x0000,0x0000,0x0000,0x0000,0x0000,//	49440 [c120] 
0x0000,0x0000,0x0000,0x0000,0x0000,0x0000,0x0000,0x0000,0x0000,0x0000,//	49450 [c12a] 
0x0000,0x0000,0x0000,0x0000,0x0000,0x0000,0x0000,0x0000,0x0000,0x0000,//	49460 [c134] 
0x0000,0x0000,0x0000,0x0000,0x0000,0x0000,0x0000,0x0000,0x0000,0x0000,//	49470 [c13e] 
0x0000,0x0000,0x0000,0x0000,0x0000,0x0000,0x0000,0x0000,0x0000,0x0000,//	49480 [c148] 
0x0000,0x0000,0x0000,0x0000,0x0000,0x0000,0x0000,0x0000,0x0000,0x0000,//	49490 [c152] 
0x0000,0x0000,0x0000,0x0000,0x0000,0x0000,0x0000,0x0000,0x0000,0x0000,//	49500 [c15c] 
0x0000,0x0000,0x0000,0x0000,0x0000,0x0000,0x0000,0x0000,0x0000,0x0000,//	49510 [c166] 
0x0000,0x0000,0x0000,0x0000,0x0000,0x0000,0x0000,0x0000,0x0000,0x0000,//	49520 [c170] 
0x0000,0x0000,0x0000,0x0000,0x0000,0x0000,0x0000,0x0000,0x0000,0x0000,//	49530 [c17a] 
0x0000,0x0000,0x0000,0x0000,0x0000,0x0000,0x0000,0x0000,0x0000,0x0000,//	49540 [c184] 
0x0000,0x0000,0x0000,0x0000,0x0000,0x0000,0x0000,0x0000,0x0000,0x0000,//	49550 [c18e] 
0x0000,0x0000,0x0000,0x0000,0x0000,0x0000,0x0000,0x0000,0x0000,0x0000,//	49560 [c198] 
0x0000,0x0000,0x0000,0x0000,0x0000,0x0000,0x0000,0x0000,0x0000,0x0000,//	49570 [c1a2] 
0x0000,0x0000,0x0000,0x0000,0x0000,0x0000,0x0000,0x0000,0x0000,0x0000,//	49580 [c1ac] 
0x0000,0x0000,0x0000,0x0000,0x0000,0x0000,0x0000,0x0000,0x0000,0x0000,//	49590 [c1b6] 
0x0000,0x0000,0x0000,0x0000,0x0000,0x0000,0x0000,0x0000,0x0000,0x0000,//	49600 [c1c0] 
0x0000,0x0000,0x0000,0x0000,0x0000,0x0000,0x0000,0x0000,0x0000,0x0000,//	49610 [c1ca] 
0x0000,0x0000,0x0000,0x0000,0x0000,0x0000,0x0000,0x0000,0x0000,0x0000,//	49620 [c1d4] 
0x0000,0x0000,0x0000,0x0000,0x0000,0x0000,0x0000,0x0000,0x0000,0x0000,//	49630 [c1de] 
0x0000,0x0000,0x0000,0x0000,0x0000,0x0000,0x0000,0x0000,0x0000,0x0000,//	49640 [c1e8] 
0x0000,0x0000,0x0000,0x0000,0x0000,0x0000,0x0000,0x0000,0x0000,0x0000,//	49650 [c1f2] 
0x0000,0x0000,0x0000,0x0000,0x0000,0x0000,0x0000,0x0000,0x0000,0x0000,//	49660 [c1fc] 
0x0000,0x0000,0x0000,0x0000,0x0000,0x0000,0x0000,0x0000,0x0000,0x0000,//	49670 [c206] 
0x0000,0x0000,0x0000,0x0000,0x0000,0x0000,0x0000,0x0000,0x0000,0x0000,//	49680 [c210] 
0x0000,0x0000,0x0000,0x0000,0x0000,0x0000,0x0000,0x0000,0x0000,0x0000,//	49690 [c21a] 
0x0000,0x0000,0x0000,0x0000,0x0000,0x0000,0x0000,0x0000,0x0000,0x0000,//	49700 [c224] 
0x0000,0x0000,0x0000,0x0000,0x0000,0x0000,0x0000,0x0000,0x0000,0x0000,//	49710 [c22e] 
0x0000,0x0000,0x0000,0x0000,0x0000,0x0000,0x0000,0x0000,0x0000,0x0000,//	49720 [c238] 
0x0000,0x0000,0x0000,0x0000,0x0000,0x0000,0x0000,0x0000,0x0000,0x0000,//	49730 [c242] 
0x0000,0x0000,0x0000,0x0000,0x0000,0x0000,0x0000,0x0000,0x0000,0x0000,//	49740 [c24c] 
0x0000,0x0000,0x0000,0x0000,0x0000,0x0000,0x0000,0x0000,0x0000,0x0000,//	49750 [c256] 
0x0000,0x0000,0x0000,0x0000,0x0000,0x0000,0x0000,0x0000,0x0000,0x0000,//	49760 [c260] 
0x0000,0x0000,0x0000,0x0000,0x0000,0x0000,0x0000,0x0000,0x0000,0x0000,//	49770 [c26a] 
0x0000,0x0000,0x0000,0x0000,0x0000,0x0000,0x0000,0x0000,0x0000,0x0000,//	49780 [c274] 
0x0000,0x0000,0x0000,0x0000,0x0000,0x0000,0x0000,0x0000,0x0000,0x0000,//	49790 [c27e] 
0x0000,0x0000,0x0000,0x0000,0x0000,0x0000,0x0000,0x0000,0x0000,0x0000,//	49800 [c288] 
0x0000,0x0000,0x0000,0x0000,0x0000,0x0000,0x0000,0x0000,0x0000,0x0000,//	49810 [c292] 
0x0000,0x0000,0x0000,0x0000,0x0000,0x0000,0x0000,0x0000,0x0000,0x0000,//	49820 [c29c] 
0x0000,0x0000,0x0000,0x0000,0x0000,0x0000,0x0000,0x0000,0x0000,0x0000,//	49830 [c2a6] 
0x0000,0x0000,0x0000,0x0000,0x0000,0x0000,0x0000,0x0000,0x0000,0x0000,//	49840 [c2b0] 
0x0000,0x0000,0x0000,0x0000,0x0000,0x0000,0x0000,0x0000,0x0000,0x0000,//	49850 [c2ba] 
0x0000,0x0000,0x0000,0x0000,0x0000,0x0000,0x0000,0x0000,0x0000,0x0000,//	49860 [c2c4] 
0x0000,0x0000,0x0000,0x0000,0x0000,0x0000,0x0000,0x0000,0x0000,0x0000,//	49870 [c2ce] 
0x0000,0x0000,0x0000,0x0000,0x0000,0x0000,0x0000,0x0000,0x0000,0x0000,//	49880 [c2d8] 
0x0000,0x0000,0x0000,0x0000,0x0000,0x0000,0x0000,0x0000,0x0000,0x0000,//	49890 [c2e2] 
0x0000,0x0000,0x0000,0x0000,0x0000,0x0000,0x0000,0x0000,0x0000,0x0000,//	49900 [c2ec] 
0x0000,0x0000,0x0000,0x0000,0x0000,0x0000,0x0000,0x0000,0x0000,0x0000,//	49910 [c2f6] 
0x0000,0x0000,0x0000,0x0000,0x0000,0x0000,0x0000,0x0000,0x0000,0x0000,//	49920 [c300] 
0x0000,0x0000,0x0000,0x0000,0x0000,0x0000,0x0000,0x0000,0x0000,0x0000,//	49930 [c30a] 
0x0000,0x0000,0x0000,0x0000,0x0000,0x0000,0x0000,0x0000,0x0000,0x0000,//	49940 [c314] 
0x0000,0x0000,0x0000,0x0000,0x0000,0x0000,0x0000,0x0000,0x0000,0x0000,//	49950 [c31e] 
0x0000,0x0000,0x0000,0x0000,0x0000,0x0000,0x0000,0x0000,0x0000,0x0000,//	49960 [c328] 
0x0000,0x0000,0x0000,0x0000,0x0000,0x0000,0x0000,0x0000,0x0000,0x0000,//	49970 [c332] 
0x0000,0x0000,0x0000,0x0000,0x0000,0x0000,0x0000,0x0000,0x0000,0x0000,//	49980 [c33c] 
0x0000,0x0000,0x0000,0x0000,0x0000,0x0000,0x0000,0x0000,0x0000,0x0000,//	49990 [c346] 
0x0000,0x0000,0x0000,0x0000,0x0000,0x0000,0x0000,0x0000,0x0000,0x0000,//	50000 [c350] 
0x0000,0x0000,0x0000,0x0000,0x0000,0x0000,0x0000,0x0000,0x0000,0x0000,//	50010 [c35a] 
0x0000,0x0000,0x0000,0x0000,0x0000,0x0000,0x0000,0x0000,0x0000,0x0000,//	50020 [c364] 
0x0000,0x0000,0x0000,0x0000,0x0000,0x0000,0x0000,0x0000,0x0000,0x0000,//	50030 [c36e] 
0x0000,0x0000,0x0000,0x0000,0x0000,0x0000,0x0000,0x0000,0x0000,0x0000,//	50040 [c378] 
0x0000,0x0000,0x0000,0x0000,0x0000,0x0000,0x0000,0x0000,0x0000,0x0000,//	50050 [c382] 
0x0000,0x0000,0x0000,0x0000,0x0000,0x0000,0x0000,0x0000,0x0000,0x0000,//	50060 [c38c] 
0x0000,0x0000,0x0000,0x0000,0x0000,0x0000,0x0000,0x0000,0x0000,0x0000,//	50070 [c396] 
0x0000,0x0000,0x0000,0x0000,0x0000,0x0000,0x0000,0x0000,0x0000,0x0000,//	50080 [c3a0] 
0x0000,0x0000,0x0000,0x0000,0x0000,0x0000,0x0000,0x0000,0x0000,0x0000,//	50090 [c3aa] 
0x0000,0x0000,0x0000,0x0000,0x0000,0x0000,0x0000,0x0000,0x0000,0x0000,//	50100 [c3b4] 
0x0000,0x0000,0x0000,0x0000,0x0000,0x0000,0x0000,0x0000,0x0000,0x0000,//	50110 [c3be] 
0x0000,0x0000,0x0000,0x0000,0x0000,0x0000,0x0000,0x0000,0x0000,0x0000,//	50120 [c3c8] 
0x0000,0x0000,0x0000,0x0000,0x0000,0x0000,0x0000,0x0000,0x0000,0x0000,//	50130 [c3d2] 
0x0000,0x0000,0x0000,0x0000,0x0000,0x0000,0x0000,0x0000,0x0000,0x0000,//	50140 [c3dc] 
0x0000,0x0000,0x0000,0x0000,0x0000,0x0000,0x0000,0x0000,0x0000,0x0000,//	50150 [c3e6] 
0x0000,0x0000,0x0000,0x0000,0x0000,0x0000,0x0000,0x0000,0x0000,0x0000,//	50160 [c3f0] 
0x0000,0x0000,0x0000,0x0000,0x0000,0x0000,0x0000,0x0000,0x0000,0x0000,//	50170 [c3fa] 
0x0000,0x0000,0x0000,0x0000,0x0000,0x0000,0x0000,0x0000,0x0000,0x0000,//	50180 [c404] 
0x0000,0x0000,0x0000,0x0000,0x0000,0x0000,0x0000,0x0000,0x0000,0x0000,//	50190 [c40e] 
0x0000,0x0000,0x0000,0x0000,0x0000,0x0000,0x0000,0x0000,0x0000,0x0000,//	50200 [c418] 
0x0000,0x0000,0x0000,0x0000,0x0000,0x0000,0x0000,0x0000,0x0000,0x0000,//	50210 [c422] 
0x0000,0x0000,0x0000,0x0000,0x0000,0x0000,0x0000,0x0000,0x0000,0x0000,//	50220 [c42c] 
0x0000,0x0000,0x0000,0x0000,0x0000,0x0000,0x0000,0x0000,0x0000,0x0000,//	50230 [c436] 
0x0000,0x0000,0x0000,0x0000,0x0000,0x0000,0x0000,0x0000,0x0000,0x0000,//	50240 [c440] 
0x0000,0x0000,0x0000,0x0000,0x0000,0x0000,0x0000,0x0000,0x0000,0x0000,//	50250 [c44a] 
0x0000,0x0000,0x0000,0x0000,0x0000,0x0000,0x0000,0x0000,0x0000,0x0000,//	50260 [c454] 
0x0000,0x0000,0x0000,0x0000,0x0000,0x0000,0x0000,0x0000,0x0000,0x0000,//	50270 [c45e] 
0x0000,0x0000,0x0000,0x0000,0x0000,0x0000,0x0000,0x0000,0x0000,0x0000,//	50280 [c468] 
0x0000,0x0000,0x0000,0x0000,0x0000,0x0000,0x0000,0x0000,0x0000,0x0000,//	50290 [c472] 
0x0000,0x0000,0x0000,0x0000,0x0000,0x0000,0x0000,0x0000,0x0000,0x0000,//	50300 [c47c] 
0x0000,0x0000,0x0000,0x0000,0x0000,0x0000,0x0000,0x0000,0x0000,0x0000,//	50310 [c486] 
0x0000,0x0000,0x0000,0x0000,0x0000,0x0000,0x0000,0x0000,0x0000,0x0000,//	50320 [c490] 
0x0000,0x0000,0x0000,0x0000,0x0000,0x0000,0x0000,0x0000,0x0000,0x0000,//	50330 [c49a] 
0x0000,0x0000,0x0000,0x0000,0x0000,0x0000,0x0000,0x0000,0x0000,0x0000,//	50340 [c4a4] 
0x0000,0x0000,0x0000,0x0000,0x0000,0x0000,0x0000,0x0000,0x0000,0x0000,//	50350 [c4ae] 
0x0000,0x0000,0x0000,0x0000,0x0000,0x0000,0x0000,0x0000,0x0000,0x0000,//	50360 [c4b8] 
0x0000,0x0000,0x0000,0x0000,0x0000,0x0000,0x0000,0x0000,0x0000,0x0000,//	50370 [c4c2] 
0x0000,0x0000,0x0000,0x0000,0x0000,0x0000,0x0000,0x0000,0x0000,0x0000,//	50380 [c4cc] 
0x0000,0x0000,0x0000,0x0000,0x0000,0x0000,0x0000,0x0000,0x0000,0x0000,//	50390 [c4d6] 
0x0000,0x0000,0x0000,0x0000,0x0000,0x0000,0x0000,0x0000,0x0000,0x0000,//	50400 [c4e0] 
0x0000,0x0000,0x0000,0x0000,0x0000,0x0000,0x0000,0x0000,0x0000,0x0000,//	50410 [c4ea] 
0x0000,0x0000,0x0000,0x0000,0x0000,0x0000,0x0000,0x0000,0x0000,0x0000,//	50420 [c4f4] 
0x0000,0x0000,0x0000,0x0000,0x0000,0x0000,0x0000,0x0000,0x0000,0x0000,//	50430 [c4fe] 
0x0000,0x0000,0x0000,0x0000,0x0000,0x0000,0x0000,0x0000,0x0000,0x0000,//	50440 [c508] 
0x0000,0x0000,0x0000,0x0000,0x0000,0x0000,0x0000,0x0000,0x0000,0x0000,//	50450 [c512] 
0x0000,0x0000,0x0000,0x0000,0x0000,0x0000,0x0000,0x0000,0x0000,0x0000,//	50460 [c51c] 
0x0000,0x0000,0x0000,0x0000,0x0000,0x0000,0x0000,0x0000,0x0000,0x0000,//	50470 [c526] 
0x0000,0x0000,0x0000,0x0000,0x0000,0x0000,0x0000,0x0000,0x0000,0x0000,//	50480 [c530] 
0x0000,0x0000,0x0000,0x0000,0x0000,0x0000,0x0000,0x0000,0x0000,0x0000,//	50490 [c53a] 
0x0000,0x0000,0x0000,0x0000,0x0000,0x0000,0x0000,0x0000,0x0000,0x0000,//	50500 [c544] 
0x0000,0x0000,0x0000,0x0000,0x0000,0x0000,0x0000,0x0000,0x0000,0x0000,//	50510 [c54e] 
0x0000,0x0000,0x0000,0x0000,0x0000,0x0000,0x0000,0x0000,0x0000,0x0000,//	50520 [c558] 
0x0000,0x0000,0x0000,0x0000,0x0000,0x0000,0x0000,0x0000,0x0000,0x0000,//	50530 [c562] 
0x0000,0x0000,0x0000,0x0000,0x0000,0x0000,0x0000,0x0000,0x0000,0x0000,//	50540 [c56c] 
0x0000,0x0000,0x0000,0x0000,0x0000,0x0000,0x0000,0x0000,0x0000,0x0000,//	50550 [c576] 
0x0000,0x0000,0x0000,0x0000,0x0000,0x0000,0x0000,0x0000,0x0000,0x0000,//	50560 [c580] 
0x0000,0x0000,0x0000,0x0000,0x0000,0x0000,0x0000,0x0000,0x0000,0x0000,//	50570 [c58a] 
0x0000,0x0000,0x0000,0x0000,0x0000,0x0000,0x0000,0x0000,0x0000,0x0000,//	50580 [c594] 
0x0000,0x0000,0x0000,0x0000,0x0000,0x0000,0x0000,0x0000,0x0000,0x0000,//	50590 [c59e] 
0x0000,0x0000,0x0000,0x0000,0x0000,0x0000,0x0000,0x0000,0x0000,0x0000,//	50600 [c5a8] 
0x0000,0x0000,0x0000,0x0000,0x0000,0x0000,0x0000,0x0000,0x0000,0x0000,//	50610 [c5b2] 
0x0000,0x0000,0x0000,0x0000,0x0000,0x0000,0x0000,0x0000,0x0000,0x0000,//	50620 [c5bc] 
0x0000,0x0000,0x0000,0x0000,0x0000,0x0000,0x0000,0x0000,0x0000,0x0000,//	50630 [c5c6] 
0x0000,0x0000,0x0000,0x0000,0x0000,0x0000,0x0000,0x0000,0x0000,0x0000,//	50640 [c5d0] 
0x0000,0x0000,0x0000,0x0000,0x0000,0x0000,0x0000,0x0000,0x0000,0x0000,//	50650 [c5da] 
0x0000,0x0000,0x0000,0x0000,0x0000,0x0000,0x0000,0x0000,0x0000,0x0000,//	50660 [c5e4] 
0x0000,0x0000,0x0000,0x0000,0x0000,0x0000,0x0000,0x0000,0x0000,0x0000,//	50670 [c5ee] 
0x0000,0x0000,0x0000,0x0000,0x0000,0x0000,0x0000,0x0000,0x0000,0x0000,//	50680 [c5f8] 
0x0000,0x0000,0x0000,0x0000,0x0000,0x0000,0x0000,0x0000,0x0000,0x0000,//	50690 [c602] 
0x0000,0x0000,0x0000,0x0000,0x0000,0x0000,0x0000,0x0000,0x0000,0x0000,//	50700 [c60c] 
0x0000,0x0000,0x0000,0x0000,0x0000,0x0000,0x0000,0x0000,0x0000,0x0000,//	50710 [c616] 
0x0000,0x0000,0x0000,0x0000,0x0000,0x0000,0x0000,0x0000,0x0000,0x0000,//	50720 [c620] 
0x0000,0x0000,0x0000,0x0000,0x0000,0x0000,0x0000,0x0000,0x0000,0x0000,//	50730 [c62a] 
0x0000,0x0000,0x0000,0x0000,0x0000,0x0000,0x0000,0x0000,0x0000,0x0000,//	50740 [c634] 
0x0000,0x0000,0x0000,0x0000,0x0000,0x0000,0x0000,0x0000,0x0000,0x0000,//	50750 [c63e] 
0x0000,0x0000,0x0000,0x0000,0x0000,0x0000,0x0000,0x0000,0x0000,0x0000,//	50760 [c648] 
0x0000,0x0000,0x0000,0x0000,0x0000,0x0000,0x0000,0x0000,0x0000,0x0000,//	50770 [c652] 
0x0000,0x0000,0x0000,0x0000,0x0000,0x0000,0x0000,0x0000,0x0000,0x0000,//	50780 [c65c] 
0x0000,0x0000,0x0000,0x0000,0x0000,0x0000,0x0000,0x0000,0x0000,0x0000,//	50790 [c666] 
0x0000,0x0000,0x0000,0x0000,0x0000,0x0000,0x0000,0x0000,0x0000,0x0000,//	50800 [c670] 
0x0000,0x0000,0x0000,0x0000,0x0000,0x0000,0x0000,0x0000,0x0000,0x0000,//	50810 [c67a] 
0x0000,0x0000,0x0000,0x0000,0x0000,0x0000,0x0000,0x0000,0x0000,0x0000,//	50820 [c684] 
0x0000,0x0000,0x0000,0x0000,0x0000,0x0000,0x0000,0x0000,0x0000,0x0000,//	50830 [c68e] 
0x0000,0x0000,0x0000,0x0000,0x0000,0x0000,0x0000,0x0000,0x0000,0x0000,//	50840 [c698] 
0x0000,0x0000,0x0000,0x0000,0x0000,0x0000,0x0000,0x0000,0x0000,0x0000,//	50850 [c6a2] 
0x0000,0x0000,0x0000,0x0000,0x0000,0x0000,0x0000,0x0000,0x0000,0x0000,//	50860 [c6ac] 
0x0000,0x0000,0x0000,0x0000,0x0000,0x0000,0x0000,0x0000,0x0000,0x0000,//	50870 [c6b6] 
0x0000,0x0000,0x0000,0x0000,0x0000,0x0000,0x0000,0x0000,0x0000,0x0000,//	50880 [c6c0] 
0x0000,0x0000,0x0000,0x0000,0x0000,0x0000,0x0000,0x0000,0x0000,0x0000,//	50890 [c6ca] 
0x0000,0x0000,0x0000,0x0000,0x0000,0x0000,0x0000,0x0000,0x0000,0x0000,//	50900 [c6d4] 
0x0000,0x0000,0x0000,0x0000,0x0000,0x0000,0x0000,0x0000,0x0000,0x0000,//	50910 [c6de] 
0x0000,0x0000,0x0000,0x0000,0x0000,0x0000,0x0000,0x0000,0x0000,0x0000,//	50920 [c6e8] 
0x0000,0x0000,0x0000,0x0000,0x0000,0x0000,0x0000,0x0000,0x0000,0x0000,//	50930 [c6f2] 
0x0000,0x0000,0x0000,0x0000,0x0000,0x0000,0x0000,0x0000,0x0000,0x0000,//	50940 [c6fc] 
0x0000,0x0000,0x0000,0x0000,0x0000,0x0000,0x0000,0x0000,0x0000,0x0000,//	50950 [c706] 
0x0000,0x0000,0x0000,0x0000,0x0000,0x0000,0x0000,0x0000,0x0000,0x0000,//	50960 [c710] 
0x0000,0x0000,0x0000,0x0000,0x0000,0x0000,0x0000,0x0000,0x0000,0x0000,//	50970 [c71a] 
0x0000,0x0000,0x0000,0x0000,0x0000,0x0000,0x0000,0x0000,0x0000,0x0000,//	50980 [c724] 
0x0000,0x0000,0x0000,0x0000,0x0000,0x0000,0x0000,0x0000,0x0000,0x0000,//	50990 [c72e] 
0x0000,0x0000,0x0000,0x0000,0x0000,0x0000,0x0000,0x0000,0x0000,0x0000,//	51000 [c738] 
0x0000,0x0000,0x0000,0x0000,0x0000,0x0000,0x0000,0x0000,0x0000,0x0000,//	51010 [c742] 
0x0000,0x0000,0x0000,0x0000,0x0000,0x0000,0x0000,0x0000,0x0000,0x0000,//	51020 [c74c] 
0x0000,0x0000,0x0000,0x0000,0x0000,0x0000,0x0000,0x0000,0x0000,0x0000,//	51030 [c756] 
0x0000,0x0000,0x0000,0x0000,0x0000,0x0000,0x0000,0x0000,0x0000,0x0000,//	51040 [c760] 
0x0000,0x0000,0x0000,0x0000,0x0000,0x0000,0x0000,0x0000,0x0000,0x0000,//	51050 [c76a] 
0x0000,0x0000,0x0000,0x0000,0x0000,0x0000,0x0000,0x0000,0x0000,0x0000,//	51060 [c774] 
0x0000,0x0000,0x0000,0x0000,0x0000,0x0000,0x0000,0x0000,0x0000,0x0000,//	51070 [c77e] 
0x0000,0x0000,0x0000,0x0000,0x0000,0x0000,0x0000,0x0000,0x0000,0x0000,//	51080 [c788] 
0x0000,0x0000,0x0000,0x0000,0x0000,0x0000,0x0000,0x0000,0x0000,0x0000,//	51090 [c792] 
0x0000,0x0000,0x0000,0x0000,0x0000,0x0000,0x0000,0x0000,0x0000,0x0000,//	51100 [c79c] 
0x0000,0x0000,0x0000,0x0000,0x0000,0x0000,0x0000,0x0000,0x0000,0x0000,//	51110 [c7a6] 
0x0000,0x0000,0x0000,0x0000,0x0000,0x0000,0x0000,0x0000,0x0000,0x0000,//	51120 [c7b0] 
0x0000,0x0000,0x0000,0x0000,0x0000,0x0000,0x0000,0x0000,0x0000,0x0000,//	51130 [c7ba] 
0x0000,0x0000,0x0000,0x0000,0x0000,0x0000,0x0000,0x0000,0x0000,0x0000,//	51140 [c7c4] 
0x0000,0x0000,0x0000,0x0000,0x0000,0x0000,0x0000,0x0000,0x0000,0x0000,//	51150 [c7ce] 
0x0000,0x0000,0x0000,0x0000,0x0000,0x0000,0x0000,0x0000,0x0000,0x0000,//	51160 [c7d8] 
0x0000,0x0000,0x0000,0x0000,0x0000,0x0000,0x0000,0x0000,0x0000,0x0000,//	51170 [c7e2] 
0x0000,0x0000,0x0000,0x0000,0x0000,0x0000,0x0000,0x0000,0x0000,0x0000,//	51180 [c7ec] 
0x0000,0x0000,0x0000,0x0000,0x0000,0x0000,0x0000,0x0000,0x0000,0x0000,//	51190 [c7f6] 
0x0000,0x0000,0x0000,0x0000,0x0000,0x0000,0x0000,0x0000,0x0000,0x0000,//	51200 [c800] 
0x0000,0x0000,0x0000,0x0000,0x0000,0x0000,0x0000,0x0000,0x0000,0x0000,//	51210 [c80a] 
0x0000,0x0000,0x0000,0x0000,0x0000,0x0000,0x0000,0x0000,0x0000,0x0000,//	51220 [c814] 
0x0000,0x0000,0x0000,0x0000,0x0000,0x0000,0x0000,0x0000,0x0000,0x0000,//	51230 [c81e] 
0x0000,0x0000,0x0000,0x0000,0x0000,0x0000,0x0000,0x0000,0x0000,0x0000,//	51240 [c828] 
0x0000,0x0000,0x0000,0x0000,0x0000,0x0000,0x0000,0x0000,0x0000,0x0000,//	51250 [c832] 
0x0000,0x0000,0x0000,0x0000,0x0000,0x0000,0x0000,0x0000,0x0000,0x0000,//	51260 [c83c] 
0x0000,0x0000,0x0000,0x0000,0x0000,0x0000,0x0000,0x0000,0x0000,0x0000,//	51270 [c846] 
0x0000,0x0000,0x0000,0x0000,0x0000,0x0000,0x0000,0x0000,0x0000,0x0000,//	51280 [c850] 
0x0000,0x0000,0x0000,0x0000,0x0000,0x0000,0x0000,0x0000,0x0000,0x0000,//	51290 [c85a] 
0x0000,0x0000,0x0000,0x0000,0x0000,0x0000,0x0000,0x0000,0x0000,0x0000,//	51300 [c864] 
0x0000,0x0000,0x0000,0x0000,0x0000,0x0000,0x0000,0x0000,0x0000,0x0000,//	51310 [c86e] 
0x0000,0x0000,0x0000,0x0000,0x0000,0x0000,0x0000,0x0000,0x0000,0x0000,//	51320 [c878] 
0x0000,0x0000,0x0000,0x0000,0x0000,0x0000,0x0000,0x0000,0x0000,0x0000,//	51330 [c882] 
0x0000,0x0000,0x0000,0x0000,0x0000,0x0000,0x0000,0x0000,0x0000,0x0000,//	51340 [c88c] 
0x0000,0x0000,0x0000,0x0000,0x0000,0x0000,0x0000,0x0000,0x0000,0x0000,//	51350 [c896] 
0x0000,0x0000,0x0000,0x0000,0x0000,0x0000,0x0000,0x0000,0x0000,0x0000,//	51360 [c8a0] 
0x0000,0x0000,0x0000,0x0000,0x0000,0x0000,0x0000,0x0000,0x0000,0x0000,//	51370 [c8aa] 
0x0000,0x0000,0x0000,0x0000,0x0000,0x0000,0x0000,0x0000,0x0000,0x0000,//	51380 [c8b4] 
0x0000,0x0000,0x0000,0x0000,0x0000,0x0000,0x0000,0x0000,0x0000,0x0000,//	51390 [c8be] 
0x0000,0x0000,0x0000,0x0000,0x0000,0x0000,0x0000,0x0000,0x0000,0x0000,//	51400 [c8c8] 
0x0000,0x0000,0x0000,0x0000,0x0000,0x0000,0x0000,0x0000,0x0000,0x0000,//	51410 [c8d2] 
0x0000,0x0000,0x0000,0x0000,0x0000,0x0000,0x0000,0x0000,0x0000,0x0000,//	51420 [c8dc] 
0x0000,0x0000,0x0000,0x0000,0x0000,0x0000,0x0000,0x0000,0x0000,0x0000,//	51430 [c8e6] 
0x0000,0x0000,0x0000,0x0000,0x0000,0x0000,0x0000,0x0000,0x0000,0x0000,//	51440 [c8f0] 
0x0000,0x0000,0x0000,0x0000,0x0000,0x0000,0x0000,0x0000,0x0000,0x0000,//	51450 [c8fa] 
0x0000,0x0000,0x0000,0x0000,0x0000,0x0000,0x0000,0x0000,0x0000,0x0000,//	51460 [c904] 
0x0000,0x0000,0x0000,0x0000,0x0000,0x0000,0x0000,0x0000,0x0000,0x0000,//	51470 [c90e] 
0x0000,0x0000,0x0000,0x0000,0x0000,0x0000,0x0000,0x0000,0x0000,0x0000,//	51480 [c918] 
0x0000,0x0000,0x0000,0x0000,0x0000,0x0000,0x0000,0x0000,0x0000,0x0000,//	51490 [c922] 
0x0000,0x0000,0x0000,0x0000,0x0000,0x0000,0x0000,0x0000,0x0000,0x0000,//	51500 [c92c] 
0x0000,0x0000,0x0000,0x0000,0x0000,0x0000,0x0000,0x0000,0x0000,0x0000,//	51510 [c936] 
0x0000,0x0000,0x0000,0x0000,0x0000,0x0000,0x0000,0x0000,0x0000,0x0000,//	51520 [c940] 
0x0000,0x0000,0x0000,0x0000,0x0000,0x0000,0x0000,0x0000,0x0000,0x0000,//	51530 [c94a] 
0x0000,0x0000,0x0000,0x0000,0x0000,0x0000,0x0000,0x0000,0x0000,0x0000,//	51540 [c954] 
0x0000,0x0000,0x0000,0x0000,0x0000,0x0000,0x0000,0x0000,0x0000,0x0000,//	51550 [c95e] 
0x0000,0x0000,0x0000,0x0000,0x0000,0x0000,0x0000,0x0000,0x0000,0x0000,//	51560 [c968] 
0x0000,0x0000,0x0000,0x0000,0x0000,0x0000,0x0000,0x0000,0x0000,0x0000,//	51570 [c972] 
0x0000,0x0000,0x0000,0x0000,0x0000,0x0000,0x0000,0x0000,0x0000,0x0000,//	51580 [c97c] 
0x0000,0x0000,0x0000,0x0000,0x0000,0x0000,0x0000,0x0000,0x0000,0x0000,//	51590 [c986] 
0x0000,0x0000,0x0000,0x0000,0x0000,0x0000,0x0000,0x0000,0x0000,0x0000,//	51600 [c990] 
0x0000,0x0000,0x0000,0x0000,0x0000,0x0000,0x0000,0x0000,0x0000,0x0000,//	51610 [c99a] 
0x0000,0x0000,0x0000,0x0000,0x0000,0x0000,0x0000,0x0000,0x0000,0x0000,//	51620 [c9a4] 
0x0000,0x0000,0x0000,0x0000,0x0000,0x0000,0x0000,0x0000,0x0000,0x0000,//	51630 [c9ae] 
0x0000,0x0000,0x0000,0x0000,0x0000,0x0000,0x0000,0x0000,0x0000,0x0000,//	51640 [c9b8] 
0x0000,0x0000,0x0000,0x0000,0x0000,0x0000,0x0000,0x0000,0x0000,0x0000,//	51650 [c9c2] 
0x0000,0x0000,0x0000,0x0000,0x0000,0x0000,0x0000,0x0000,0x0000,0x0000,//	51660 [c9cc] 
0x0000,0x0000,0x0000,0x0000,0x0000,0x0000,0x0000,0x0000,0x0000,0x0000,//	51670 [c9d6] 
0x0000,0x0000,0x0000,0x0000,0x0000,0x0000,0x0000,0x0000,0x0000,0x0000,//	51680 [c9e0] 
0x0000,0x0000,0x0000,0x0000,0x0000,0x0000,0x0000,0x0000,0x0000,0x0000,//	51690 [c9ea] 
0x0000,0x0000,0x0000,0x0000,0x0000,0x0000,0x0000,0x0000,0x0000,0x0000,//	51700 [c9f4] 
0x0000,0x0000,0x0000,0x0000,0x0000,0x0000,0x0000,0x0000,0x0000,0x0000,//	51710 [c9fe] 
0x0000,0x0000,0x0000,0x0000,0x0000,0x0000,0x0000,0x0000,0x0000,0x0000,//	51720 [ca08] 
0x0000,0x0000,0x0000,0x0000,0x0000,0x0000,0x0000,0x0000,0x0000,0x0000,//	51730 [ca12] 
0x0000,0x0000,0x0000,0x0000,0x0000,0x0000,0x0000,0x0000,0x0000,0x0000,//	51740 [ca1c] 
0x0000,0x0000,0x0000,0x0000,0x0000,0x0000,0x0000,0x0000,0x0000,0x0000,//	51750 [ca26] 
0x0000,0x0000,0x0000,0x0000,0x0000,0x0000,0x0000,0x0000,0x0000,0x0000,//	51760 [ca30] 
0x0000,0x0000,0x0000,0x0000,0x0000,0x0000,0x0000,0x0000,0x0000,0x0000,//	51770 [ca3a] 
0x0000,0x0000,0x0000,0x0000,0x0000,0x0000,0x0000,0x0000,0x0000,0x0000,//	51780 [ca44] 
0x0000,0x0000,0x0000,0x0000,0x0000,0x0000,0x0000,0x0000,0x0000,0x0000,//	51790 [ca4e] 
0x0000,0x0000,0x0000,0x0000,0x0000,0x0000,0x0000,0x0000,0x0000,0x0000,//	51800 [ca58] 
0x0000,0x0000,0x0000,0x0000,0x0000,0x0000,0x0000,0x0000,0x0000,0x0000,//	51810 [ca62] 
0x0000,0x0000,0x0000,0x0000,0x0000,0x0000,0x0000,0x0000,0x0000,0x0000,//	51820 [ca6c] 
0x0000,0x0000,0x0000,0x0000,0x0000,0x0000,0x0000,0x0000,0x0000,0x0000,//	51830 [ca76] 
0x0000,0x0000,0x0000,0x0000,0x0000,0x0000,0x0000,0x0000,0x0000,0x0000,//	51840 [ca80] 
0x0000,0x0000,0x0000,0x0000,0x0000,0x0000,0x0000,0x0000,0x0000,0x0000,//	51850 [ca8a] 
0x0000,0x0000,0x0000,0x0000,0x0000,0x0000,0x0000,0x0000,0x0000,0x0000,//	51860 [ca94] 
0x0000,0x0000,0x0000,0x0000,0x0000,0x0000,0x0000,0x0000,0x0000,0x0000,//	51870 [ca9e] 
0x0000,0x0000,0x0000,0x0000,0x0000,0x0000,0x0000,0x0000,0x0000,0x0000,//	51880 [caa8] 
0x0000,0x0000,0x0000,0x0000,0x0000,0x0000,0x0000,0x0000,0x0000,0x0000,//	51890 [cab2] 
0x0000,0x0000,0x0000,0x0000,0x0000,0x0000,0x0000,0x0000,0x0000,0x0000,//	51900 [cabc] 
0x0000,0x0000,0x0000,0x0000,0x0000,0x0000,0x0000,0x0000,0x0000,0x0000,//	51910 [cac6] 
0x0000,0x0000,0x0000,0x0000,0x0000,0x0000,0x0000,0x0000,0x0000,0x0000,//	51920 [cad0] 
0x0000,0x0000,0x0000,0x0000,0x0000,0x0000,0x0000,0x0000,0x0000,0x0000,//	51930 [cada] 
0x0000,0x0000,0x0000,0x0000,0x0000,0x0000,0x0000,0x0000,0x0000,0x0000,//	51940 [cae4] 
0x0000,0x0000,0x0000,0x0000,0x0000,0x0000,0x0000,0x0000,0x0000,0x0000,//	51950 [caee] 
0x0000,0x0000,0x0000,0x0000,0x0000,0x0000,0x0000,0x0000,0x0000,0x0000,//	51960 [caf8] 
0x0000,0x0000,0x0000,0x0000,0x0000,0x0000,0x0000,0x0000,0x0000,0x0000,//	51970 [cb02] 
0x0000,0x0000,0x0000,0x0000,0x0000,0x0000,0x0000,0x0000,0x0000,0x0000,//	51980 [cb0c] 
0x0000,0x0000,0x0000,0x0000,0x0000,0x0000,0x0000,0x0000,0x0000,0x0000,//	51990 [cb16] 
0x0000,0x0000,0x0000,0x0000,0x0000,0x0000,0x0000,0x0000,0x0000,0x0000,//	52000 [cb20] 
0x0000,0x0000,0x0000,0x0000,0x0000,0x0000,0x0000,0x0000,0x0000,0x0000,//	52010 [cb2a] 
0x0000,0x0000,0x0000,0x0000,0x0000,0x0000,0x0000,0x0000,0x0000,0x0000,//	52020 [cb34] 
0x0000,0x0000,0x0000,0x0000,0x0000,0x0000,0x0000,0x0000,0x0000,0x0000,//	52030 [cb3e] 
0x0000,0x0000,0x0000,0x0000,0x0000,0x0000,0x0000,0x0000,0x0000,0x0000,//	52040 [cb48] 
0x0000,0x0000,0x0000,0x0000,0x0000,0x0000,0x0000,0x0000,0x0000,0x0000,//	52050 [cb52] 
0x0000,0x0000,0x0000,0x0000,0x0000,0x0000,0x0000,0x0000,0x0000,0x0000,//	52060 [cb5c] 
0x0000,0x0000,0x0000,0x0000,0x0000,0x0000,0x0000,0x0000,0x0000,0x0000,//	52070 [cb66] 
0x0000,0x0000,0x0000,0x0000,0x0000,0x0000,0x0000,0x0000,0x0000,0x0000,//	52080 [cb70] 
0x0000,0x0000,0x0000,0x0000,0x0000,0x0000,0x0000,0x0000,0x0000,0x0000,//	52090 [cb7a] 
0x0000,0x0000,0x0000,0x0000,0x0000,0x0000,0x0000,0x0000,0x0000,0x0000,//	52100 [cb84] 
0x0000,0x0000,0x0000,0x0000,0x0000,0x0000,0x0000,0x0000,0x0000,0x0000,//	52110 [cb8e] 
0x0000,0x0000,0x0000,0x0000,0x0000,0x0000,0x0000,0x0000,0x0000,0x0000,//	52120 [cb98] 
0x0000,0x0000,0x0000,0x0000,0x0000,0x0000,0x0000,0x0000,0x0000,0x0000,//	52130 [cba2] 
0x0000,0x0000,0x0000,0x0000,0x0000,0x0000,0x0000,0x0000,0x0000,0x0000,//	52140 [cbac] 
0x0000,0x0000,0x0000,0x0000,0x0000,0x0000,0x0000,0x0000,0x0000,0x0000,//	52150 [cbb6] 
0x0000,0x0000,0x0000,0x0000,0x0000,0x0000,0x0000,0x0000,0x0000,0x0000,//	52160 [cbc0] 
0x0000,0x0000,0x0000,0x0000,0x0000,0x0000,0x0000,0x0000,0x0000,0x0000,//	52170 [cbca] 
0x0000,0x0000,0x0000,0x0000,0x0000,0x0000,0x0000,0x0000,0x0000,0x0000,//	52180 [cbd4] 
0x0000,0x0000,0x0000,0x0000,0x0000,0x0000,0x0000,0x0000,0x0000,0x0000,//	52190 [cbde] 
0x0000,0x0000,0x0000,0x0000,0x0000,0x0000,0x0000,0x0000,0x0000,0x0000,//	52200 [cbe8] 
0x0000,0x0000,0x0000,0x0000,0x0000,0x0000,0x0000,0x0000,0x0000,0x0000,//	52210 [cbf2] 
0x0000,0x0000,0x0000,0x0000,0x0000,0x0000,0x0000,0x0000,0x0000,0x0000,//	52220 [cbfc] 
0x0000,0x0000,0x0000,0x0000,0x0000,0x0000,0x0000,0x0000,0x0000,0x0000,//	52230 [cc06] 
0x0000,0x0000,0x0000,0x0000,0x0000,0x0000,0x0000,0x0000,0x0000,0x0000,//	52240 [cc10] 
0x0000,0x0000,0x0000,0x0000,0x0000,0x0000,0x0000,0x0000,0x0000,0x0000,//	52250 [cc1a] 
0x0000,0x0000,0x0000,0x0000,0x0000,0x0000,0x0000,0x0000,0x0000,0x0000,//	52260 [cc24] 
0x0000,0x0000,0x0000,0x0000,0x0000,0x0000,0x0000,0x0000,0x0000,0x0000,//	52270 [cc2e] 
0x0000,0x0000,0x0000,0x0000,0x0000,0x0000,0x0000,0x0000,0x0000,0x0000,//	52280 [cc38] 
0x0000,0x0000,0x0000,0x0000,0x0000,0x0000,0x0000,0x0000,0x0000,0x0000,//	52290 [cc42] 
0x0000,0x0000,0x0000,0x0000,0x0000,0x0000,0x0000,0x0000,0x0000,0x0000,//	52300 [cc4c] 
0x0000,0x0000,0x0000,0x0000,0x0000,0x0000,0x0000,0x0000,0x0000,0x0000,//	52310 [cc56] 
0x0000,0x0000,0x0000,0x0000,0x0000,0x0000,0x0000,0x0000,0x0000,0x0000,//	52320 [cc60] 
0x0000,0x0000,0x0000,0x0000,0x0000,0x0000,0x0000,0x0000,0x0000,0x0000,//	52330 [cc6a] 
0x0000,0x0000,0x0000,0x0000,0x0000,0x0000,0x0000,0x0000,0x0000,0x0000,//	52340 [cc74] 
0x0000,0x0000,0x0000,0x0000,0x0000,0x0000,0x0000,0x0000,0x0000,0x0000,//	52350 [cc7e] 
0x0000,0x0000,0x0000,0x0000,0x0000,0x0000,0x0000,0x0000,0x0000,0x0000,//	52360 [cc88] 
0x0000,0x0000,0x0000,0x0000,0x0000,0x0000,0x0000,0x0000,0x0000,0x0000,//	52370 [cc92] 
0x0000,0x0000,0x0000,0x0000,0x0000,0x0000,0x0000,0x0000,0x0000,0x0000,//	52380 [cc9c] 
0x0000,0x0000,0x0000,0x0000,0x0000,0x0000,0x0000,0x0000,0x0000,0x0000,//	52390 [cca6] 
0x0000,0x0000,0x0000,0x0000,0x0000,0x0000,0x0000,0x0000,0x0000,0x0000,//	52400 [ccb0] 
0x0000,0x0000,0x0000,0x0000,0x0000,0x0000,0x0000,0x0000,0x0000,0x0000,//	52410 [ccba] 
0x0000,0x0000,0x0000,0x0000,0x0000,0x0000,0x0000,0x0000,0x0000,0x0000,//	52420 [ccc4] 
0x0000,0x0000,0x0000,0x0000,0x0000,0x0000,0x0000,0x0000,0x0000,0x0000,//	52430 [ccce] 
0x0000,0x0000,0x0000,0x0000,0x0000,0x0000,0x0000,0x0000,0x0000,0x0000,//	52440 [ccd8] 
0x0000,0x0000,0x0000,0x0000,0x0000,0x0000,0x0000,0x0000,0x0000,0x0000,//	52450 [cce2] 
0x0000,0x0000,0x0000,0x0000,0x0000,0x0000,0x0000,0x0000,0x0000,0x0000,//	52460 [ccec] 
0x0000,0x0000,0x0000,0x0000,0x0000,0x0000,0x0000,0x0000,0x0000,0x0000,//	52470 [ccf6] 
0x0000,0x0000,0x0000,0x0000,0x0000,0x0000,0x0000,0x0000,0x0000,0x0000,//	52480 [cd00] 
0x0000,0x0000,0x0000,0x0000,0x0000,0x0000,0x0000,0x0000,0x0000,0x0000,//	52490 [cd0a] 
0x0000,0x0000,0x0000,0x0000,0x0000,0x0000,0x0000,0x0000,0x0000,0x0000,//	52500 [cd14] 
0x0000,0x0000,0x0000,0x0000,0x0000,0x0000,0x0000,0x0000,0x0000,0x0000,//	52510 [cd1e] 
0x0000,0x0000,0x0000,0x0000,0x0000,0x0000,0x0000,0x0000,0x0000,0x0000,//	52520 [cd28] 
0x0000,0x0000,0x0000,0x0000,0x0000,0x0000,0x0000,0x0000,0x0000,0x0000,//	52530 [cd32] 
0x0000,0x0000,0x0000,0x0000,0x0000,0x0000,0x0000,0x0000,0x0000,0x0000,//	52540 [cd3c] 
0x0000,0x0000,0x0000,0x0000,0x0000,0x0000,0x0000,0x0000,0x0000,0x0000,//	52550 [cd46] 
0x0000,0x0000,0x0000,0x0000,0x0000,0x0000,0x0000,0x0000,0x0000,0x0000,//	52560 [cd50] 
0x0000,0x0000,0x0000,0x0000,0x0000,0x0000,0x0000,0x0000,0x0000,0x0000,//	52570 [cd5a] 
0x0000,0x0000,0x0000,0x0000,0x0000,0x0000,0x0000,0x0000,0x0000,0x0000,//	52580 [cd64] 
0x0000,0x0000,0x0000,0x0000,0x0000,0x0000,0x0000,0x0000,0x0000,0x0000,//	52590 [cd6e] 
0x0000,0x0000,0x0000,0x0000,0x0000,0x0000,0x0000,0x0000,0x0000,0x0000,//	52600 [cd78] 
0x0000,0x0000,0x0000,0x0000,0x0000,0x0000,0x0000,0x0000,0x0000,0x0000,//	52610 [cd82] 
0x0000,0x0000,0x0000,0x0000,0x0000,0x0000,0x0000,0x0000,0x0000,0x0000,//	52620 [cd8c] 
0x0000,0x0000,0x0000,0x0000,0x0000,0x0000,0x0000,0x0000,0x0000,0x0000,//	52630 [cd96] 
0x0000,0x0000,0x0000,0x0000,0x0000,0x0000,0x0000,0x0000,0x0000,0x0000,//	52640 [cda0] 
0x0000,0x0000,0x0000,0x0000,0x0000,0x0000,0x0000,0x0000,0x0000,0x0000,//	52650 [cdaa] 
0x0000,0x0000,0x0000,0x0000,0x0000,0x0000,0x0000,0x0000,0x0000,0x0000,//	52660 [cdb4] 
0x0000,0x0000,0x0000,0x0000,0x0000,0x0000,0x0000,0x0000,0x0000,0x0000,//	52670 [cdbe] 
0x0000,0x0000,0x0000,0x0000,0x0000,0x0000,0x0000,0x0000,0x0000,0x0000,//	52680 [cdc8] 
0x0000,0x0000,0x0000,0x0000,0x0000,0x0000,0x0000,0x0000,0x0000,0x0000,//	52690 [cdd2] 
0x0000,0x0000,0x0000,0x0000,0x0000,0x0000,0x0000,0x0000,0x0000,0x0000,//	52700 [cddc] 
0x0000,0x0000,0x0000,0x0000,0x0000,0x0000,0x0000,0x0000,0x0000,0x0000,//	52710 [cde6] 
0x0000,0x0000,0x0000,0x0000,0x0000,0x0000,0x0000,0x0000,0x0000,0x0000,//	52720 [cdf0] 
0x0000,0x0000,0x0000,0x0000,0x0000,0x0000,0x0000,0x0000,0x0000,0x0000,//	52730 [cdfa] 
0x0000,0x0000,0x0000,0x0000,0x0000,0x0000,0x0000,0x0000,0x0000,0x0000,//	52740 [ce04] 
0x0000,0x0000,0x0000,0x0000,0x0000,0x0000,0x0000,0x0000,0x0000,0x0000,//	52750 [ce0e] 
0x0000,0x0000,0x0000,0x0000,0x0000,0x0000,0x0000,0x0000,0x0000,0x0000,//	52760 [ce18] 
0x0000,0x0000,0x0000,0x0000,0x0000,0x0000,0x0000,0x0000,0x0000,0x0000,//	52770 [ce22] 
0x0000,0x0000,0x0000,0x0000,0x0000,0x0000,0x0000,0x0000,0x0000,0x0000,//	52780 [ce2c] 
0x0000,0x0000,0x0000,0x0000,0x0000,0x0000,0x0000,0x0000,0x0000,0x0000,//	52790 [ce36] 
0x0000,0x0000,0x0000,0x0000,0x0000,0x0000,0x0000,0x0000,0x0000,0x0000,//	52800 [ce40] 
0x0000,0x0000,0x0000,0x0000,0x0000,0x0000,0x0000,0x0000,0x0000,0x0000,//	52810 [ce4a] 
0x0000,0x0000,0x0000,0x0000,0x0000,0x0000,0x0000,0x0000,0x0000,0x0000,//	52820 [ce54] 
0x0000,0x0000,0x0000,0x0000,0x0000,0x0000,0x0000,0x0000,0x0000,0x0000,//	52830 [ce5e] 
0x0000,0x0000,0x0000,0x0000,0x0000,0x0000,0x0000,0x0000,0x0000,0x0000,//	52840 [ce68] 
0x0000,0x0000,0x0000,0x0000,0x0000,0x0000,0x0000,0x0000,0x0000,0x0000,//	52850 [ce72] 
0x0000,0x0000,0x0000,0x0000,0x0000,0x0000,0x0000,0x0000,0x0000,0x0000,//	52860 [ce7c] 
0x0000,0x0000,0x0000,0x0000,0x0000,0x0000,0x0000,0x0000,0x0000,0x0000,//	52870 [ce86] 
0x0000,0x0000,0x0000,0x0000,0x0000,0x0000,0x0000,0x0000,0x0000,0x0000,//	52880 [ce90] 
0x0000,0x0000,0x0000,0x0000,0x0000,0x0000,0x0000,0x0000,0x0000,0x0000,//	52890 [ce9a] 
0x0000,0x0000,0x0000,0x0000,0x0000,0x0000,0x0000,0x0000,0x0000,0x0000,//	52900 [cea4] 
0x0000,0x0000,0x0000,0x0000,0x0000,0x0000,0x0000,0x0000,0x0000,0x0000,//	52910 [ceae] 
0x0000,0x0000,0x0000,0x0000,0x0000,0x0000,0x0000,0x0000,0x0000,0x0000,//	52920 [ceb8] 
0x0000,0x0000,0x0000,0x0000,0x0000,0x0000,0x0000,0x0000,0x0000,0x0000,//	52930 [cec2] 
0x0000,0x0000,0x0000,0x0000,0x0000,0x0000,0x0000,0x0000,0x0000,0x0000,//	52940 [cecc] 
0x0000,0x0000,0x0000,0x0000,0x0000,0x0000,0x0000,0x0000,0x0000,0x0000,//	52950 [ced6] 
0x0000,0x0000,0x0000,0x0000,0x0000,0x0000,0x0000,0x0000,0x0000,0x0000,//	52960 [cee0] 
0x0000,0x0000,0x0000,0x0000,0x0000,0x0000,0x0000,0x0000,0x0000,0x0000,//	52970 [ceea] 
0x0000,0x0000,0x0000,0x0000,0x0000,0x0000,0x0000,0x0000,0x0000,0x0000,//	52980 [cef4] 
0x0000,0x0000,0x0000,0x0000,0x0000,0x0000,0x0000,0x0000,0x0000,0x0000,//	52990 [cefe] 
0x0000,0x0000,0x0000,0x0000,0x0000,0x0000,0x0000,0x0000,0x0000,0x0000,//	53000 [cf08] 
0x0000,0x0000,0x0000,0x0000,0x0000,0x0000,0x0000,0x0000,0x0000,0x0000,//	53010 [cf12] 
0x0000,0x0000,0x0000,0x0000,0x0000,0x0000,0x0000,0x0000,0x0000,0x0000,//	53020 [cf1c] 
0x0000,0x0000,0x0000,0x0000,0x0000,0x0000,0x0000,0x0000,0x0000,0x0000,//	53030 [cf26] 
0x0000,0x0000,0x0000,0x0000,0x0000,0x0000,0x0000,0x0000,0x0000,0x0000,//	53040 [cf30] 
0x0000,0x0000,0x0000,0x0000,0x0000,0x0000,0x0000,0x0000,0x0000,0x0000,//	53050 [cf3a] 
0x0000,0x0000,0x0000,0x0000,0x0000,0x0000,0x0000,0x0000,0x0000,0x0000,//	53060 [cf44] 
0x0000,0x0000,0x0000,0x0000,0x0000,0x0000,0x0000,0x0000,0x0000,0x0000,//	53070 [cf4e] 
0x0000,0x0000,0x0000,0x0000,0x0000,0x0000,0x0000,0x0000,0x0000,0x0000,//	53080 [cf58] 
0x0000,0x0000,0x0000,0x0000,0x0000,0x0000,0x0000,0x0000,0x0000,0x0000,//	53090 [cf62] 
0x0000,0x0000,0x0000,0x0000,0x0000,0x0000,0x0000,0x0000,0x0000,0x0000,//	53100 [cf6c] 
0x0000,0x0000,0x0000,0x0000,0x0000,0x0000,0x0000,0x0000,0x0000,0x0000,//	53110 [cf76] 
0x0000,0x0000,0x0000,0x0000,0x0000,0x0000,0x0000,0x0000,0x0000,0x0000,//	53120 [cf80] 
0x0000,0x0000,0x0000,0x0000,0x0000,0x0000,0x0000,0x0000,0x0000,0x0000,//	53130 [cf8a] 
0x0000,0x0000,0x0000,0x0000,0x0000,0x0000,0x0000,0x0000,0x0000,0x0000,//	53140 [cf94] 
0x0000,0x0000,0x0000,0x0000,0x0000,0x0000,0x0000,0x0000,0x0000,0x0000,//	53150 [cf9e] 
0x0000,0x0000,0x0000,0x0000,0x0000,0x0000,0x0000,0x0000,0x0000,0x0000,//	53160 [cfa8] 
0x0000,0x0000,0x0000,0x0000,0x0000,0x0000,0x0000,0x0000,0x0000,0x0000,//	53170 [cfb2] 
0x0000,0x0000,0x0000,0x0000,0x0000,0x0000,0x0000,0x0000,0x0000,0x0000,//	53180 [cfbc] 
0x0000,0x0000,0x0000,0x0000,0x0000,0x0000,0x0000,0x0000,0x0000,0x0000,//	53190 [cfc6] 
0x0000,0x0000,0x0000,0x0000,0x0000,0x0000,0x0000,0x0000,0x0000,0x0000,//	53200 [cfd0] 
0x0000,0x0000,0x0000,0x0000,0x0000,0x0000,0x0000,0x0000,0x0000,0x0000,//	53210 [cfda] 
0x0000,0x0000,0x0000,0x0000,0x0000,0x0000,0x0000,0x0000,0x0000,0x0000,//	53220 [cfe4] 
0x0000,0x0000,0x0000,0x0000,0x0000,0x0000,0x0000,0x0000,0x0000,0x0000,//	53230 [cfee] 
0x0000,0x0000,0x0000,0x0000,0x0000,0x0000,0x0000,0x0000,0x0000,0x0000,//	53240 [cff8] 
0x0000,0x0000,0x0000,0x0000,0x0000,0x0000,0x0000,0x0000,0x0000,0x0000,//	53250 [d002] 
0x0000,0x0000,0x0000,0x0000,0x0000,0x0000,0x0000,0x0000,0x0000,0x0000,//	53260 [d00c] 
0x0000,0x0000,0x0000,0x0000,0x0000,0x0000,0x0000,0x0000,0x0000,0x0000,//	53270 [d016] 
0x0000,0x0000,0x0000,0x0000,0x0000,0x0000,0x0000,0x0000,0x0000,0x0000,//	53280 [d020] 
0x0000,0x0000,0x0000,0x0000,0x0000,0x0000,0x0000,0x0000,0x0000,0x0000,//	53290 [d02a] 
0x0000,0x0000,0x0000,0x0000,0x0000,0x0000,0x0000,0x0000,0x0000,0x0000,//	53300 [d034] 
0x0000,0x0000,0x0000,0x0000,0x0000,0x0000,0x0000,0x0000,0x0000,0x0000,//	53310 [d03e] 
0x0000,0x0000,0x0000,0x0000,0x0000,0x0000,0x0000,0x0000,0x0000,0x0000,//	53320 [d048] 
0x0000,0x0000,0x0000,0x0000,0x0000,0x0000,0x0000,0x0000,0x0000,0x0000,//	53330 [d052] 
0x0000,0x0000,0x0000,0x0000,0x0000,0x0000,0x0000,0x0000,0x0000,0x0000,//	53340 [d05c] 
0x0000,0x0000,0x0000,0x0000,0x0000,0x0000,0x0000,0x0000,0x0000,0x0000,//	53350 [d066] 
0x0000,0x0000,0x0000,0x0000,0x0000,0x0000,0x0000,0x0000,0x0000,0x0000,//	53360 [d070] 
0x0000,0x0000,0x0000,0x0000,0x0000,0x0000,0x0000,0x0000,0x0000,0x0000,//	53370 [d07a] 
0x0000,0x0000,0x0000,0x0000,0x0000,0x0000,0x0000,0x0000,0x0000,0x0000,//	53380 [d084] 
0x0000,0x0000,0x0000,0x0000,0x0000,0x0000,0x0000,0x0000,0x0000,0x0000,//	53390 [d08e] 
0x0000,0x0000,0x0000,0x0000,0x0000,0x0000,0x0000,0x0000,0x0000,0x0000,//	53400 [d098] 
0x0000,0x0000,0x0000,0x0000,0x0000,0x0000,0x0000,0x0000,0x0000,0x0000,//	53410 [d0a2] 
0x0000,0x0000,0x0000,0x0000,0x0000,0x0000,0x0000,0x0000,0x0000,0x0000,//	53420 [d0ac] 
0x0000,0x0000,0x0000,0x0000,0x0000,0x0000,0x0000,0x0000,0x0000,0x0000,//	53430 [d0b6] 
0x0000,0x0000,0x0000,0x0000,0x0000,0x0000,0x0000,0x0000,0x0000,0x0000,//	53440 [d0c0] 
0x0000,0x0000,0x0000,0x0000,0x0000,0x0000,0x0000,0x0000,0x0000,0x0000,//	53450 [d0ca] 
0x0000,0x0000,0x0000,0x0000,0x0000,0x0000,0x0000,0x0000,0x0000,0x0000,//	53460 [d0d4] 
0x0000,0x0000,0x0000,0x0000,0x0000,0x0000,0x0000,0x0000,0x0000,0x0000,//	53470 [d0de] 
0x0000,0x0000,0x0000,0x0000,0x0000,0x0000,0x0000,0x0000,0x0000,0x0000,//	53480 [d0e8] 
0x0000,0x0000,0x0000,0x0000,0x0000,0x0000,0x0000,0x0000,0x0000,0x0000,//	53490 [d0f2] 
0x0000,0x0000,0x0000,0x0000,0x0000,0x0000,0x0000,0x0000,0x0000,0x0000,//	53500 [d0fc] 
0x0000,0x0000,0x0000,0x0000,0x0000,0x0000,0x0000,0x0000,0x0000,0x0000,//	53510 [d106] 
0x0000,0x0000,0x0000,0x0000,0x0000,0x0000,0x0000,0x0000,0x0000,0x0000,//	53520 [d110] 
0x0000,0x0000,0x0000,0x0000,0x0000,0x0000,0x0000,0x0000,0x0000,0x0000,//	53530 [d11a] 
0x0000,0x0000,0x0000,0x0000,0x0000,0x0000,0x0000,0x0000,0x0000,0x0000,//	53540 [d124] 
0x0000,0x0000,0x0000,0x0000,0x0000,0x0000,0x0000,0x0000,0x0000,0x0000,//	53550 [d12e] 
0x0000,0x0000,0x0000,0x0000,0x0000,0x0000,0x0000,0x0000,0x0000,0x0000,//	53560 [d138] 
0x0000,0x0000,0x0000,0x0000,0x0000,0x0000,0x0000,0x0000,0x0000,0x0000,//	53570 [d142] 
0x0000,0x0000,0x0000,0x0000,0x0000,0x0000,0x0000,0x0000,0x0000,0x0000,//	53580 [d14c] 
0x0000,0x0000,0x0000,0x0000,0x0000,0x0000,0x0000,0x0000,0x0000,0x0000,//	53590 [d156] 
0x0000,0x0000,0x0000,0x0000,0x0000,0x0000,0x0000,0x0000,0x0000,0x0000,//	53600 [d160] 
0x0000,0x0000,0x0000,0x0000,0x0000,0x0000,0x0000,0x0000,0x0000,0x0000,//	53610 [d16a] 
0x0000,0x0000,0x0000,0x0000,0x0000,0x0000,0x0000,0x0000,0x0000,0x0000,//	53620 [d174] 
0x0000,0x0000,0x0000,0x0000,0x0000,0x0000,0x0000,0x0000,0x0000,0x0000,//	53630 [d17e] 
0x0000,0x0000,0x0000,0x0000,0x0000,0x0000,0x0000,0x0000,0x0000,0x0000,//	53640 [d188] 
0x0000,0x0000,0x0000,0x0000,0x0000,0x0000,0x0000,0x0000,0x0000,0x0000,//	53650 [d192] 
0x0000,0x0000,0x0000,0x0000,0x0000,0x0000,0x0000,0x0000,0x0000,0x0000,//	53660 [d19c] 
0x0000,0x0000,0x0000,0x0000,0x0000,0x0000,0x0000,0x0000,0x0000,0x0000,//	53670 [d1a6] 
0x0000,0x0000,0x0000,0x0000,0x0000,0x0000,0x0000,0x0000,0x0000,0x0000,//	53680 [d1b0] 
0x0000,0x0000,0x0000,0x0000,0x0000,0x0000,0x0000,0x0000,0x0000,0x0000,//	53690 [d1ba] 
0x0000,0x0000,0x0000,0x0000,0x0000,0x0000,0x0000,0x0000,0x0000,0x0000,//	53700 [d1c4] 
0x0000,0x0000,0x0000,0x0000,0x0000,0x0000,0x0000,0x0000,0x0000,0x0000,//	53710 [d1ce] 
0x0000,0x0000,0x0000,0x0000,0x0000,0x0000,0x0000,0x0000,0x0000,0x0000,//	53720 [d1d8] 
0x0000,0x0000,0x0000,0x0000,0x0000,0x0000,0x0000,0x0000,0x0000,0x0000,//	53730 [d1e2] 
0x0000,0x0000,0x0000,0x0000,0x0000,0x0000,0x0000,0x0000,0x0000,0x0000,//	53740 [d1ec] 
0x0000,0x0000,0x0000,0x0000,0x0000,0x0000,0x0000,0x0000,0x0000,0x0000,//	53750 [d1f6] 
0x0000,0x0000,0x0000,0x0000,0x0000,0x0000,0x0000,0x0000,0x0000,0x0000,//	53760 [d200] 
0x0000,0x0000,0x0000,0x0000,0x0000,0x0000,0x0000,0x0000,0x0000,0x0000,//	53770 [d20a] 
0x0000,0x0000,0x0000,0x0000,0x0000,0x0000,0x0000,0x0000,0x0000,0x0000,//	53780 [d214] 
0x0000,0x0000,0x0000,0x0000,0x0000,0x0000,0x0000,0x0000,0x0000,0x0000,//	53790 [d21e] 
0x0000,0x0000,0x0000,0x0000,0x0000,0x0000,0x0000,0x0000,0x0000,0x0000,//	53800 [d228] 
0x0000,0x0000,0x0000,0x0000,0x0000,0x0000,0x0000,0x0000,0x0000,0x0000,//	53810 [d232] 
0x0000,0x0000,0x0000,0x0000,0x0000,0x0000,0x0000,0x0000,0x0000,0x0000,//	53820 [d23c] 
0x0000,0x0000,0x0000,0x0000,0x0000,0x0000,0x0000,0x0000,0x0000,0x0000,//	53830 [d246] 
0x0000,0x0000,0x0000,0x0000,0x0000,0x0000,0x0000,0x0000,0x0000,0x0000,//	53840 [d250] 
0x0000,0x0000,0x0000,0x0000,0x0000,0x0000,0x0000,0x0000,0x0000,0x0000,//	53850 [d25a] 
0x0000,0x0000,0x0000,0x0000,0x0000,0x0000,0x0000,0x0000,0x0000,0x0000,//	53860 [d264] 
0x0000,0x0000,0x0000,0x0000,0x0000,0x0000,0x0000,0x0000,0x0000,0x0000,//	53870 [d26e] 
0x0000,0x0000,0x0000,0x0000,0x0000,0x0000,0x0000,0x0000,0x0000,0x0000,//	53880 [d278] 
0x0000,0x0000,0x0000,0x0000,0x0000,0x0000,0x0000,0x0000,0x0000,0x0000,//	53890 [d282] 
0x0000,0x0000,0x0000,0x0000,0x0000,0x0000,0x0000,0x0000,0x0000,0x0000,//	53900 [d28c] 
0x0000,0x0000,0x0000,0x0000,0x0000,0x0000,0x0000,0x0000,0x0000,0x0000,//	53910 [d296] 
0x0000,0x0000,0x0000,0x0000,0x0000,0x0000,0x0000,0x0000,0x0000,0x0000,//	53920 [d2a0] 
0x0000,0x0000,0x0000,0x0000,0x0000,0x0000,0x0000,0x0000,0x0000,0x0000,//	53930 [d2aa] 
0x0000,0x0000,0x0000,0x0000,0x0000,0x0000,0x0000,0x0000,0x0000,0x0000,//	53940 [d2b4] 
0x0000,0x0000,0x0000,0x0000,0x0000,0x0000,0x0000,0x0000,0x0000,0x0000,//	53950 [d2be] 
0x0000,0x0000,0x0000,0x0000,0x0000,0x0000,0x0000,0x0000,0x0000,0x0000,//	53960 [d2c8] 
0x0000,0x0000,0x0000,0x0000,0x0000,0x0000,0x0000,0x0000,0x0000,0x0000,//	53970 [d2d2] 
0x0000,0x0000,0x0000,0x0000,0x0000,0x0000,0x0000,0x0000,0x0000,0x0000,//	53980 [d2dc] 
0x0000,0x0000,0x0000,0x0000,0x0000,0x0000,0x0000,0x0000,0x0000,0x0000,//	53990 [d2e6] 
0x0000,0x0000,0x0000,0x0000,0x0000,0x0000,0x0000,0x0000,0x0000,0x0000,//	54000 [d2f0] 
0x0000,0x0000,0x0000,0x0000,0x0000,0x0000,0x0000,0x0000,0x0000,0x0000,//	54010 [d2fa] 
0x0000,0x0000,0x0000,0x0000,0x0000,0x0000,0x0000,0x0000,0x0000,0x0000,//	54020 [d304] 
0x0000,0x0000,0x0000,0x0000,0x0000,0x0000,0x0000,0x0000,0x0000,0x0000,//	54030 [d30e] 
0x0000,0x0000,0x0000,0x0000,0x0000,0x0000,0x0000,0x0000,0x0000,0x0000,//	54040 [d318] 
0x0000,0x0000,0x0000,0x0000,0x0000,0x0000,0x0000,0x0000,0x0000,0x0000,//	54050 [d322] 
0x0000,0x0000,0x0000,0x0000,0x0000,0x0000,0x0000,0x0000,0x0000,0x0000,//	54060 [d32c] 
0x0000,0x0000,0x0000,0x0000,0x0000,0x0000,0x0000,0x0000,0x0000,0x0000,//	54070 [d336] 
0x0000,0x0000,0x0000,0x0000,0x0000,0x0000,0x0000,0x0000,0x0000,0x0000,//	54080 [d340] 
0x0000,0x0000,0x0000,0x0000,0x0000,0x0000,0x0000,0x0000,0x0000,0x0000,//	54090 [d34a] 
0x0000,0x0000,0x0000,0x0000,0x0000,0x0000,0x0000,0x0000,0x0000,0x0000,//	54100 [d354] 
0x0000,0x0000,0x0000,0x0000,0x0000,0x0000,0x0000,0x0000,0x0000,0x0000,//	54110 [d35e] 
0x0000,0x0000,0x0000,0x0000,0x0000,0x0000,0x0000,0x0000,0x0000,0x0000,//	54120 [d368] 
0x0000,0x0000,0x0000,0x0000,0x0000,0x0000,0x0000,0x0000,0x0000,0x0000,//	54130 [d372] 
0x0000,0x0000,0x0000,0x0000,0x0000,0x0000,0x0000,0x0000,0x0000,0x0000,//	54140 [d37c] 
0x0000,0x0000,0x0000,0x0000,0x0000,0x0000,0x0000,0x0000,0x0000,0x0000,//	54150 [d386] 
0x0000,0x0000,0x0000,0x0000,0x0000,0x0000,0x0000,0x0000,0x0000,0x0000,//	54160 [d390] 
0x0000,0x0000,0x0000,0x0000,0x0000,0x0000,0x0000,0x0000,0x0000,0x0000,//	54170 [d39a] 
0x0000,0x0000,0x0000,0x0000,0x0000,0x0000,0x0000,0x0000,0x0000,0x0000,//	54180 [d3a4] 
0x0000,0x0000,0x0000,0x0000,0x0000,0x0000,0x0000,0x0000,0x0000,0x0000,//	54190 [d3ae] 
0x0000,0x0000,0x0000,0x0000,0x0000,0x0000,0x0000,0x0000,0x0000,0x0000,//	54200 [d3b8] 
0x0000,0x0000,0x0000,0x0000,0x0000,0x0000,0x0000,0x0000,0x0000,0x0000,//	54210 [d3c2] 
0x0000,0x0000,0x0000,0x0000,0x0000,0x0000,0x0000,0x0000,0x0000,0x0000,//	54220 [d3cc] 
0x0000,0x0000,0x0000,0x0000,0x0000,0x0000,0x0000,0x0000,0x0000,0x0000,//	54230 [d3d6] 
0x0000,0x0000,0x0000,0x0000,0x0000,0x0000,0x0000,0x0000,0x0000,0x0000,//	54240 [d3e0] 
0x0000,0x0000,0x0000,0x0000,0x0000,0x0000,0x0000,0x0000,0x0000,0x0000,//	54250 [d3ea] 
0x0000,0x0000,0x0000,0x0000,0x0000,0x0000,0x0000,0x0000,0x0000,0x0000,//	54260 [d3f4] 
0x0000,0x0000,0x0000,0x0000,0x0000,0x0000,0x0000,0x0000,0x0000,0x0000,//	54270 [d3fe] 
0x0000,0x0000,0x0000,0x0000,0x0000,0x0000,0x0000,0x0000,0x0000,0x0000,//	54280 [d408] 
0x0000,0x0000,0x0000,0x0000,0x0000,0x0000,0x0000,0x0000,0x0000,0x0000,//	54290 [d412] 
0x0000,0x0000,0x0000,0x0000,0x0000,0x0000,0x0000,0x0000,0x0000,0x0000,//	54300 [d41c] 
0x0000,0x0000,0x0000,0x0000,0x0000,0x0000,0x0000,0x0000,0x0000,0x0000,//	54310 [d426] 
0x0000,0x0000,0x0000,0x0000,0x0000,0x0000,0x0000,0x0000,0x0000,0x0000,//	54320 [d430] 
0x0000,0x0000,0x0000,0x0000,0x0000,0x0000,0x0000,0x0000,0x0000,0x0000,//	54330 [d43a] 
0x0000,0x0000,0x0000,0x0000,0x0000,0x0000,0x0000,0x0000,0x0000,0x0000,//	54340 [d444] 
0x0000,0x0000,0x0000,0x0000,0x0000,0x0000,0x0000,0x0000,0x0000,0x0000,//	54350 [d44e] 
0x0000,0x0000,0x0000,0x0000,0x0000,0x0000,0x0000,0x0000,0x0000,0x0000,//	54360 [d458] 
0x0000,0x0000,0x0000,0x0000,0x0000,0x0000,0x0000,0x0000,0x0000,0x0000,//	54370 [d462] 
0x0000,0x0000,0x0000,0x0000,0x0000,0x0000,0x0000,0x0000,0x0000,0x0000,//	54380 [d46c] 
0x0000,0x0000,0x0000,0x0000,0x0000,0x0000,0x0000,0x0000,0x0000,0x0000,//	54390 [d476] 
0x0000,0x0000,0x0000,0x0000,0x0000,0x0000,0x0000,0x0000,0x0000,0x0000,//	54400 [d480] 
0x0000,0x0000,0x0000,0x0000,0x0000,0x0000,0x0000,0x0000,0x0000,0x0000,//	54410 [d48a] 
0x0000,0x0000,0x0000,0x0000,0x0000,0x0000,0x0000,0x0000,0x0000,0x0000,//	54420 [d494] 
0x0000,0x0000,0x0000,0x0000,0x0000,0x0000,0x0000,0x0000,0x0000,0x0000,//	54430 [d49e] 
0x0000,0x0000,0x0000,0x0000,0x0000,0x0000,0x0000,0x0000,0x0000,0x0000,//	54440 [d4a8] 
0x0000,0x0000,0x0000,0x0000,0x0000,0x0000,0x0000,0x0000,0x0000,0x0000,//	54450 [d4b2] 
0x0000,0x0000,0x0000,0x0000,0x0000,0x0000,0x0000,0x0000,0x0000,0x0000,//	54460 [d4bc] 
0x0000,0x0000,0x0000,0x0000,0x0000,0x0000,0x0000,0x0000,0x0000,0x0000,//	54470 [d4c6] 
0x0000,0x0000,0x0000,0x0000,0x0000,0x0000,0x0000,0x0000,0x0000,0x0000,//	54480 [d4d0] 
0x0000,0x0000,0x0000,0x0000,0x0000,0x0000,0x0000,0x0000,0x0000,0x0000,//	54490 [d4da] 
0x0000,0x0000,0x0000,0x0000,0x0000,0x0000,0x0000,0x0000,0x0000,0x0000,//	54500 [d4e4] 
0x0000,0x0000,0x0000,0x0000,0x0000,0x0000,0x0000,0x0000,0x0000,0x0000,//	54510 [d4ee] 
0x0000,0x0000,0x0000,0x0000,0x0000,0x0000,0x0000,0x0000,0x0000,0x0000,//	54520 [d4f8] 
0x0000,0x0000,0x0000,0x0000,0x0000,0x0000,0x0000,0x0000,0x0000,0x0000,//	54530 [d502] 
0x0000,0x0000,0x0000,0x0000,0x0000,0x0000,0x0000,0x0000,0x0000,0x0000,//	54540 [d50c] 
0x0000,0x0000,0x0000,0x0000,0x0000,0x0000,0x0000,0x0000,0x0000,0x0000,//	54550 [d516] 
0x0000,0x0000,0x0000,0x0000,0x0000,0x0000,0x0000,0x0000,0x0000,0x0000,//	54560 [d520] 
0x0000,0x0000,0x0000,0x0000,0x0000,0x0000,0x0000,0x0000,0x0000,0x0000,//	54570 [d52a] 
0x0000,0x0000,0x0000,0x0000,0x0000,0x0000,0x0000,0x0000,0x0000,0x0000,//	54580 [d534] 
0x0000,0x0000,0x0000,0x0000,0x0000,0x0000,0x0000,0x0000,0x0000,0x0000,//	54590 [d53e] 
0x0000,0x0000,0x0000,0x0000,0x0000,0x0000,0x0000,0x0000,0x0000,0x0000,//	54600 [d548] 
0x0000,0x0000,0x0000,0x0000,0x0000,0x0000,0x0000,0x0000,0x0000,0x0000,//	54610 [d552] 
0x0000,0x0000,0x0000,0x0000,0x0000,0x0000,0x0000,0x0000,0x0000,0x0000,//	54620 [d55c] 
0x0000,0x0000,0x0000,0x0000,0x0000,0x0000,0x0000,0x0000,0x0000,0x0000,//	54630 [d566] 
0x0000,0x0000,0x0000,0x0000,0x0000,0x0000,0x0000,0x0000,0x0000,0x0000,//	54640 [d570] 
0x0000,0x0000,0x0000,0x0000,0x0000,0x0000,0x0000,0x0000,0x0000,0x0000,//	54650 [d57a] 
0x0000,0x0000,0x0000,0x0000,0x0000,0x0000,0x0000,0x0000,0x0000,0x0000,//	54660 [d584] 
0x0000,0x0000,0x0000,0x0000,0x0000,0x0000,0x0000,0x0000,0x0000,0x0000,//	54670 [d58e] 
0x0000,0x0000,0x0000,0x0000,0x0000,0x0000,0x0000,0x0000,0x0000,0x0000,//	54680 [d598] 
0x0000,0x0000,0x0000,0x0000,0x0000,0x0000,0x0000,0x0000,0x0000,0x0000,//	54690 [d5a2] 
0x0000,0x0000,0x0000,0x0000,0x0000,0x0000,0x0000,0x0000,0x0000,0x0000,//	54700 [d5ac] 
0x0000,0x0000,0x0000,0x0000,0x0000,0x0000,0x0000,0x0000,0x0000,0x0000,//	54710 [d5b6] 
0x0000,0x0000,0x0000,0x0000,0x0000,0x0000,0x0000,0x0000,0x0000,0x0000,//	54720 [d5c0] 
0x0000,0x0000,0x0000,0x0000,0x0000,0x0000,0x0000,0x0000,0x0000,0x0000,//	54730 [d5ca] 
0x0000,0x0000,0x0000,0x0000,0x0000,0x0000,0x0000,0x0000,0x0000,0x0000,//	54740 [d5d4] 
0x0000,0x0000,0x0000,0x0000,0x0000,0x0000,0x0000,0x0000,0x0000,0x0000,//	54750 [d5de] 
0x0000,0x0000,0x0000,0x0000,0x0000,0x0000,0x0000,0x0000,0x0000,0x0000,//	54760 [d5e8] 
0x0000,0x0000,0x0000,0x0000,0x0000,0x0000,0x0000,0x0000,0x0000,0x0000,//	54770 [d5f2] 
0x0000,0x0000,0x0000,0x0000,0x0000,0x0000,0x0000,0x0000,0x0000,0x0000,//	54780 [d5fc] 
0x0000,0x0000,0x0000,0x0000,0x0000,0x0000,0x0000,0x0000,0x0000,0x0000,//	54790 [d606] 
0x0000,0x0000,0x0000,0x0000,0x0000,0x0000,0x0000,0x0000,0x0000,0x0000,//	54800 [d610] 
0x0000,0x0000,0x0000,0x0000,0x0000,0x0000,0x0000,0x0000,0x0000,0x0000,//	54810 [d61a] 
0x0000,0x0000,0x0000,0x0000,0x0000,0x0000,0x0000,0x0000,0x0000,0x0000,//	54820 [d624] 
0x0000,0x0000,0x0000,0x0000,0x0000,0x0000,0x0000,0x0000,0x0000,0x0000,//	54830 [d62e] 
0x0000,0x0000,0x0000,0x0000,0x0000,0x0000,0x0000,0x0000,0x0000,0x0000,//	54840 [d638] 
0x0000,0x0000,0x0000,0x0000,0x0000,0x0000,0x0000,0x0000,0x0000,0x0000,//	54850 [d642] 
0x0000,0x0000,0x0000,0x0000,0x0000,0x0000,0x0000,0x0000,0x0000,0x0000,//	54860 [d64c] 
0x0000,0x0000,0x0000,0x0000,0x0000,0x0000,0x0000,0x0000,0x0000,0x0000,//	54870 [d656] 
0x0000,0x0000,0x0000,0x0000,0x0000,0x0000,0x0000,0x0000,0x0000,0x0000,//	54880 [d660] 
0x0000,0x0000,0x0000,0x0000,0x0000,0x0000,0x0000,0x0000,0x0000,0x0000,//	54890 [d66a] 
0x0000,0x0000,0x0000,0x0000,0x0000,0x0000,0x0000,0x0000,0x0000,0x0000,//	54900 [d674] 
0x0000,0x0000,0x0000,0x0000,0x0000,0x0000,0x0000,0x0000,0x0000,0x0000,//	54910 [d67e] 
0x0000,0x0000,0x0000,0x0000,0x0000,0x0000,0x0000,0x0000,0x0000,0x0000,//	54920 [d688] 
0x0000,0x0000,0x0000,0x0000,0x0000,0x0000,0x0000,0x0000,0x0000,0x0000,//	54930 [d692] 
0x0000,0x0000,0x0000,0x0000,0x0000,0x0000,0x0000,0x0000,0x0000,0x0000,//	54940 [d69c] 
0x0000,0x0000,0x0000,0x0000,0x0000,0x0000,0x0000,0x0000,0x0000,0x0000,//	54950 [d6a6] 
0x0000,0x0000,0x0000,0x0000,0x0000,0x0000,0x0000,0x0000,0x0000,0x0000,//	54960 [d6b0] 
0x0000,0x0000,0x0000,0x0000,0x0000,0x0000,0x0000,0x0000,0x0000,0x0000,//	54970 [d6ba] 
0x0000,0x0000,0x0000,0x0000,0x0000,0x0000,0x0000,0x0000,0x0000,0x0000,//	54980 [d6c4] 
0x0000,0x0000,0x0000,0x0000,0x0000,0x0000,0x0000,0x0000,0x0000,0x0000,//	54990 [d6ce] 
0x0000,0x0000,0x0000,0x0000,0x0000,0x0000,0x0000,0x0000,0x0000,0x0000,//	55000 [d6d8] 
0x0000,0x0000,0x0000,0x0000,0x0000,0x0000,0x0000,0x0000,0x0000,0x0000,//	55010 [d6e2] 
0x0000,0x0000,0x0000,0x0000,0x0000,0x0000,0x0000,0x0000,0x0000,0x0000,//	55020 [d6ec] 
0x0000,0x0000,0x0000,0x0000,0x0000,0x0000,0x0000,0x0000,0x0000,0x0000,//	55030 [d6f6] 
0x0000,0x0000,0x0000,0x0000,0x0000,0x0000,0x0000,0x0000,0x0000,0x0000,//	55040 [d700] 
0x0000,0x0000,0x0000,0x0000,0x0000,0x0000,0x0000,0x0000,0x0000,0x0000,//	55050 [d70a] 
0x0000,0x0000,0x0000,0x0000,0x0000,0x0000,0x0000,0x0000,0x0000,0x0000,//	55060 [d714] 
0x0000,0x0000,0x0000,0x0000,0x0000,0x0000,0x0000,0x0000,0x0000,0x0000,//	55070 [d71e] 
0x0000,0x0000,0x0000,0x0000,0x0000,0x0000,0x0000,0x0000,0x0000,0x0000,//	55080 [d728] 
0x0000,0x0000,0x0000,0x0000,0x0000,0x0000,0x0000,0x0000,0x0000,0x0000,//	55090 [d732] 
0x0000,0x0000,0x0000,0x0000,0x0000,0x0000,0x0000,0x0000,0x0000,0x0000,//	55100 [d73c] 
0x0000,0x0000,0x0000,0x0000,0x0000,0x0000,0x0000,0x0000,0x0000,0x0000,//	55110 [d746] 
0x0000,0x0000,0x0000,0x0000,0x0000,0x0000,0x0000,0x0000,0x0000,0x0000,//	55120 [d750] 
0x0000,0x0000,0x0000,0x0000,0x0000,0x0000,0x0000,0x0000,0x0000,0x0000,//	55130 [d75a] 
0x0000,0x0000,0x0000,0x0000,0x0000,0x0000,0x0000,0x0000,0x0000,0x0000,//	55140 [d764] 
0x0000,0x0000,0x0000,0x0000,0x0000,0x0000,0x0000,0x0000,0x0000,0x0000,//	55150 [d76e] 
0x0000,0x0000,0x0000,0x0000,0x0000,0x0000,0x0000,0x0000,0x0000,0x0000,//	55160 [d778] 
0x0000,0x0000,0x0000,0x0000,0x0000,0x0000,0x0000,0x0000,0x0000,0x0000,//	55170 [d782] 
0x0000,0x0000,0x0000,0x0000,0x0000,0x0000,0x0000,0x0000,0x0000,0x0000,//	55180 [d78c] 
0x0000,0x0000,0x0000,0x0000,0x0000,0x0000,0x0000,0x0000,0x0000,0x0000,//	55190 [d796] 
0x0000,0x0000,0x0000,0x0000,0x0000,0x0000,0x0000,0x0000,0x0000,0x0000,//	55200 [d7a0] 
0x0000,0x0000,0x0000,0x0000,0x0000,0x0000,0x0000,0x0000,0x0000,0x0000,//	55210 [d7aa] 
0x0000,0x0000,0x0000,0x0000,0x0000,0x0000,0x0000,0x0000,0x0000,0x0000,//	55220 [d7b4] 
0x0000,0x0000,0x0000,0x0000,0x0000,0x0000,0x0000,0x0000,0x0000,0x0000,//	55230 [d7be] 
0x0000,0x0000,0x0000,0x0000,0x0000,0x0000,0x0000,0x0000,0x0000,0x0000,//	55240 [d7c8] 
0x0000,0x0000,0x0000,0x0000,0x0000,0x0000,0x0000,0x0000,0x0000,0x0000,//	55250 [d7d2] 
0x0000,0x0000,0x0000,0x0000,0x0000,0x0000,0x0000,0x0000,0x0000,0x0000,//	55260 [d7dc] 
0x0000,0x0000,0x0000,0x0000,0x0000,0x0000,0x0000,0x0000,0x0000,0x0000,//	55270 [d7e6] 
0x0000,0x0000,0x0000,0x0000,0x0000,0x0000,0x0000,0x0000,0x0000,0x0000,//	55280 [d7f0] 
0x0000,0x0000,0x0000,0x0000,0x0000,0x0000,0x0000,0x0000,0x0000,0x0000,//	55290 [d7fa] 
0x0000,0x0000,0x0000,0x0000,0x0000,0x0000,0x0000,0x0000,0x0000,0x0000,//	55300 [d804] 
0x0000,0x0000,0x0000,0x0000,0x0000,0x0000,0x0000,0x0000,0x0000,0x0000,//	55310 [d80e] 
0x0000,0x0000,0x0000,0x0000,0x0000,0x0000,0x0000,0x0000,0x0000,0x0000,//	55320 [d818] 
0x0000,0x0000,0x0000,0x0000,0x0000,0x0000,0x0000,0x0000,0x0000,0x0000,//	55330 [d822] 
0x0000,0x0000,0x0000,0x0000,0x0000,0x0000,0x0000,0x0000,0x0000,0x0000,//	55340 [d82c] 
0x0000,0x0000,0x0000,0x0000,0x0000,0x0000,0x0000,0x0000,0x0000,0x0000,//	55350 [d836] 
0x0000,0x0000,0x0000,0x0000,0x0000,0x0000,0x0000,0x0000,0x0000,0x0000,//	55360 [d840] 
0x0000,0x0000,0x0000,0x0000,0x0000,0x0000,0x0000,0x0000,0x0000,0x0000,//	55370 [d84a] 
0x0000,0x0000,0x0000,0x0000,0x0000,0x0000,0x0000,0x0000,0x0000,0x0000,//	55380 [d854] 
0x0000,0x0000,0x0000,0x0000,0x0000,0x0000,0x0000,0x0000,0x0000,0x0000,//	55390 [d85e] 
0x0000,0x0000,0x0000,0x0000,0x0000,0x0000,0x0000,0x0000,0x0000,0x0000,//	55400 [d868] 
0x0000,0x0000,0x0000,0x0000,0x0000,0x0000,0x0000,0x0000,0x0000,0x0000,//	55410 [d872] 
0x0000,0x0000,0x0000,0x0000,0x0000,0x0000,0x0000,0x0000,0x0000,0x0000,//	55420 [d87c] 
0x0000,0x0000,0x0000,0x0000,0x0000,0x0000,0x0000,0x0000,0x0000,0x0000,//	55430 [d886] 
0x0000,0x0000,0x0000,0x0000,0x0000,0x0000,0x0000,0x0000,0x0000,0x0000,//	55440 [d890] 
0x0000,0x0000,0x0000,0x0000,0x0000,0x0000,0x0000,0x0000,0x0000,0x0000,//	55450 [d89a] 
0x0000,0x0000,0x0000,0x0000,0x0000,0x0000,0x0000,0x0000,0x0000,0x0000,//	55460 [d8a4] 
0x0000,0x0000,0x0000,0x0000,0x0000,0x0000,0x0000,0x0000,0x0000,0x0000,//	55470 [d8ae] 
0x0000,0x0000,0x0000,0x0000,0x0000,0x0000,0x0000,0x0000,0x0000,0x0000,//	55480 [d8b8] 
0x0000,0x0000,0x0000,0x0000,0x0000,0x0000,0x0000,0x0000,0x0000,0x0000,//	55490 [d8c2] 
0x0000,0x0000,0x0000,0x0000,0x0000,0x0000,0x0000,0x0000,0x0000,0x0000,//	55500 [d8cc] 
0x0000,0x0000,0x0000,0x0000,0x0000,0x0000,0x0000,0x0000,0x0000,0x0000,//	55510 [d8d6] 
0x0000,0x0000,0x0000,0x0000,0x0000,0x0000,0x0000,0x0000,0x0000,0x0000,//	55520 [d8e0] 
0x0000,0x0000,0x0000,0x0000,0x0000,0x0000,0x0000,0x0000,0x0000,0x0000,//	55530 [d8ea] 
0x0000,0x0000,0x0000,0x0000,0x0000,0x0000,0x0000,0x0000,0x0000,0x0000,//	55540 [d8f4] 
0x0000,0x0000,0x0000,0x0000,0x0000,0x0000,0x0000,0x0000,0x0000,0x0000,//	55550 [d8fe] 
0x0000,0x0000,0x0000,0x0000,0x0000,0x0000,0x0000,0x0000,0x0000,0x0000,//	55560 [d908] 
0x0000,0x0000,0x0000,0x0000,0x0000,0x0000,0x0000,0x0000,0x0000,0x0000,//	55570 [d912] 
0x0000,0x0000,0x0000,0x0000,0x0000,0x0000,0x0000,0x0000,0x0000,0x0000,//	55580 [d91c] 
0x0000,0x0000,0x0000,0x0000,0x0000,0x0000,0x0000,0x0000,0x0000,0x0000,//	55590 [d926] 
0x0000,0x0000,0x0000,0x0000,0x0000,0x0000,0x0000,0x0000,0x0000,0x0000,//	55600 [d930] 
0x0000,0x0000,0x0000,0x0000,0x0000,0x0000,0x0000,0x0000,0x0000,0x0000,//	55610 [d93a] 
0x0000,0x0000,0x0000,0x0000,0x0000,0x0000,0x0000,0x0000,0x0000,0x0000,//	55620 [d944] 
0x0000,0x0000,0x0000,0x0000,0x0000,0x0000,0x0000,0x0000,0x0000,0x0000,//	55630 [d94e] 
0x0000,0x0000,0x0000,0x0000,0x0000,0x0000,0x0000,0x0000,0x0000,0x0000,//	55640 [d958] 
0x0000,0x0000,0x0000,0x0000,0x0000,0x0000,0x0000,0x0000,0x0000,0x0000,//	55650 [d962] 
0x0000,0x0000,0x0000,0x0000,0x0000,0x0000,0x0000,0x0000,0x0000,0x0000,//	55660 [d96c] 
0x0000,0x0000,0x0000,0x0000,0x0000,0x0000,0x0000,0x0000,0x0000,0x0000,//	55670 [d976] 
0x0000,0x0000,0x0000,0x0000,0x0000,0x0000,0x0000,0x0000,0x0000,0x0000,//	55680 [d980] 
0x0000,0x0000,0x0000,0x0000,0x0000,0x0000,0x0000,0x0000,0x0000,0x0000,//	55690 [d98a] 
0x0000,0x0000,0x0000,0x0000,0x0000,0x0000,0x0000,0x0000,0x0000,0x0000,//	55700 [d994] 
0x0000,0x0000,0x0000,0x0000,0x0000,0x0000,0x0000,0x0000,0x0000,0x0000,//	55710 [d99e] 
0x0000,0x0000,0x0000,0x0000,0x0000,0x0000,0x0000,0x0000,0x0000,0x0000,//	55720 [d9a8] 
0x0000,0x0000,0x0000,0x0000,0x0000,0x0000,0x0000,0x0000,0x0000,0x0000,//	55730 [d9b2] 
0x0000,0x0000,0x0000,0x0000,0x0000,0x0000,0x0000,0x0000,0x0000,0x0000,//	55740 [d9bc] 
0x0000,0x0000,0x0000,0x0000,0x0000,0x0000,0x0000,0x0000,0x0000,0x0000,//	55750 [d9c6] 
0x0000,0x0000,0x0000,0x0000,0x0000,0x0000,0x0000,0x0000,0x0000,0x0000,//	55760 [d9d0] 
0x0000,0x0000,0x0000,0x0000,0x0000,0x0000,0x0000,0x0000,0x0000,0x0000,//	55770 [d9da] 
0x0000,0x0000,0x0000,0x0000,0x0000,0x0000,0x0000,0x0000,0x0000,0x0000,//	55780 [d9e4] 
0x0000,0x0000,0x0000,0x0000,0x0000,0x0000,0x0000,0x0000,0x0000,0x0000,//	55790 [d9ee] 
0x0000,0x0000,0x0000,0x0000,0x0000,0x0000,0x0000,0x0000,0x0000,0x0000,//	55800 [d9f8] 
0x0000,0x0000,0x0000,0x0000,0x0000,0x0000,0x0000,0x0000,0x0000,0x0000,//	55810 [da02] 
0x0000,0x0000,0x0000,0x0000,0x0000,0x0000,0x0000,0x0000,0x0000,0x0000,//	55820 [da0c] 
0x0000,0x0000,0x0000,0x0000,0x0000,0x0000,0x0000,0x0000,0x0000,0x0000,//	55830 [da16] 
0x0000,0x0000,0x0000,0x0000,0x0000,0x0000,0x0000,0x0000,0x0000,0x0000,//	55840 [da20] 
0x0000,0x0000,0x0000,0x0000,0x0000,0x0000,0x0000,0x0000,0x0000,0x0000,//	55850 [da2a] 
0x0000,0x0000,0x0000,0x0000,0x0000,0x0000,0x0000,0x0000,0x0000,0x0000,//	55860 [da34] 
0x0000,0x0000,0x0000,0x0000,0x0000,0x0000,0x0000,0x0000,0x0000,0x0000,//	55870 [da3e] 
0x0000,0x0000,0x0000,0x0000,0x0000,0x0000,0x0000,0x0000,0x0000,0x0000,//	55880 [da48] 
0x0000,0x0000,0x0000,0x0000,0x0000,0x0000,0x0000,0x0000,0x0000,0x0000,//	55890 [da52] 
0x0000,0x0000,0x0000,0x0000,0x0000,0x0000,0x0000,0x0000,0x0000,0x0000,//	55900 [da5c] 
0x0000,0x0000,0x0000,0x0000,0x0000,0x0000,0x0000,0x0000,0x0000,0x0000,//	55910 [da66] 
0x0000,0x0000,0x0000,0x0000,0x0000,0x0000,0x0000,0x0000,0x0000,0x0000,//	55920 [da70] 
0x0000,0x0000,0x0000,0x0000,0x0000,0x0000,0x0000,0x0000,0x0000,0x0000,//	55930 [da7a] 
0x0000,0x0000,0x0000,0x0000,0x0000,0x0000,0x0000,0x0000,0x0000,0x0000,//	55940 [da84] 
0x0000,0x0000,0x0000,0x0000,0x0000,0x0000,0x0000,0x0000,0x0000,0x0000,//	55950 [da8e] 
0x0000,0x0000,0x0000,0x0000,0x0000,0x0000,0x0000,0x0000,0x0000,0x0000,//	55960 [da98] 
0x0000,0x0000,0x0000,0x0000,0x0000,0x0000,0x0000,0x0000,0x0000,0x0000,//	55970 [daa2] 
0x0000,0x0000,0x0000,0x0000,0x0000,0x0000,0x0000,0x0000,0x0000,0x0000,//	55980 [daac] 
0x0000,0x0000,0x0000,0x0000,0x0000,0x0000,0x0000,0x0000,0x0000,0x0000,//	55990 [dab6] 
0x0000,0x0000,0x0000,0x0000,0x0000,0x0000,0x0000,0x0000,0x0000,0x0000,//	56000 [dac0] 
0x0000,0x0000,0x0000,0x0000,0x0000,0x0000,0x0000,0x0000,0x0000,0x0000,//	56010 [daca] 
0x0000,0x0000,0x0000,0x0000,0x0000,0x0000,0x0000,0x0000,0x0000,0x0000,//	56020 [dad4] 
0x0000,0x0000,0x0000,0x0000,0x0000,0x0000,0x0000,0x0000,0x0000,0x0000,//	56030 [dade] 
0x0000,0x0000,0x0000,0x0000,0x0000,0x0000,0x0000,0x0000,0x0000,0x0000,//	56040 [dae8] 
0x0000,0x0000,0x0000,0x0000,0x0000,0x0000,0x0000,0x0000,0x0000,0x0000,//	56050 [daf2] 
0x0000,0x0000,0x0000,0x0000,0x0000,0x0000,0x0000,0x0000,0x0000,0x0000,//	56060 [dafc] 
0x0000,0x0000,0x0000,0x0000,0x0000,0x0000,0x0000,0x0000,0x0000,0x0000,//	56070 [db06] 
0x0000,0x0000,0x0000,0x0000,0x0000,0x0000,0x0000,0x0000,0x0000,0x0000,//	56080 [db10] 
0x0000,0x0000,0x0000,0x0000,0x0000,0x0000,0x0000,0x0000,0x0000,0x0000,//	56090 [db1a] 
0x0000,0x0000,0x0000,0x0000,0x0000,0x0000,0x0000,0x0000,0x0000,0x0000,//	56100 [db24] 
0x0000,0x0000,0x0000,0x0000,0x0000,0x0000,0x0000,0x0000,0x0000,0x0000,//	56110 [db2e] 
0x0000,0x0000,0x0000,0x0000,0x0000,0x0000,0x0000,0x0000,0x0000,0x0000,//	56120 [db38] 
0x0000,0x0000,0x0000,0x0000,0x0000,0x0000,0x0000,0x0000,0x0000,0x0000,//	56130 [db42] 
0x0000,0x0000,0x0000,0x0000,0x0000,0x0000,0x0000,0x0000,0x0000,0x0000,//	56140 [db4c] 
0x0000,0x0000,0x0000,0x0000,0x0000,0x0000,0x0000,0x0000,0x0000,0x0000,//	56150 [db56] 
0x0000,0x0000,0x0000,0x0000,0x0000,0x0000,0x0000,0x0000,0x0000,0x0000,//	56160 [db60] 
0x0000,0x0000,0x0000,0x0000,0x0000,0x0000,0x0000,0x0000,0x0000,0x0000,//	56170 [db6a] 
0x0000,0x0000,0x0000,0x0000,0x0000,0x0000,0x0000,0x0000,0x0000,0x0000,//	56180 [db74] 
0x0000,0x0000,0x0000,0x0000,0x0000,0x0000,0x0000,0x0000,0x0000,0x0000,//	56190 [db7e] 
0x0000,0x0000,0x0000,0x0000,0x0000,0x0000,0x0000,0x0000,0x0000,0x0000,//	56200 [db88] 
0x0000,0x0000,0x0000,0x0000,0x0000,0x0000,0x0000,0x0000,0x0000,0x0000,//	56210 [db92] 
0x0000,0x0000,0x0000,0x0000,0x0000,0x0000,0x0000,0x0000,0x0000,0x0000,//	56220 [db9c] 
0x0000,0x0000,0x0000,0x0000,0x0000,0x0000,0x0000,0x0000,0x0000,0x0000,//	56230 [dba6] 
0x0000,0x0000,0x0000,0x0000,0x0000,0x0000,0x0000,0x0000,0x0000,0x0000,//	56240 [dbb0] 
0x0000,0x0000,0x0000,0x0000,0x0000,0x0000,0x0000,0x0000,0x0000,0x0000,//	56250 [dbba] 
0x0000,0x0000,0x0000,0x0000,0x0000,0x0000,0x0000,0x0000,0x0000,0x0000,//	56260 [dbc4] 
0x0000,0x0000,0x0000,0x0000,0x0000,0x0000,0x0000,0x0000,0x0000,0x0000,//	56270 [dbce] 
0x0000,0x0000,0x0000,0x0000,0x0000,0x0000,0x0000,0x0000,0x0000,0x0000,//	56280 [dbd8] 
0x0000,0x0000,0x0000,0x0000,0x0000,0x0000,0x0000,0x0000,0x0000,0x0000,//	56290 [dbe2] 
0x0000,0x0000,0x0000,0x0000,0x0000,0x0000,0x0000,0x0000,0x0000,0x0000,//	56300 [dbec] 
0x0000,0x0000,0x0000,0x0000,0x0000,0x0000,0x0000,0x0000,0x0000,0x0000,//	56310 [dbf6] 
0x0000,0x0000,0x0000,0x0000,0x0000,0x0000,0x0000,0x0000,0x0000,0x0000,//	56320 [dc00] 
0x0000,0x0000,0x0000,0x0000,0x0000,0x0000,0x0000,0x0000,0x0000,0x0000,//	56330 [dc0a] 
0x0000,0x0000,0x0000,0x0000,0x0000,0x0000,0x0000,0x0000,0x0000,0x0000,//	56340 [dc14] 
0x0000,0x0000,0x0000,0x0000,0x0000,0x0000,0x0000,0x0000,0x0000,0x0000,//	56350 [dc1e] 
0x0000,0x0000,0x0000,0x0000,0x0000,0x0000,0x0000,0x0000,0x0000,0x0000,//	56360 [dc28] 
0x0000,0x0000,0x0000,0x0000,0x0000,0x0000,0x0000,0x0000,0x0000,0x0000,//	56370 [dc32] 
0x0000,0x0000,0x0000,0x0000,0x0000,0x0000,0x0000,0x0000,0x0000,0x0000,//	56380 [dc3c] 
0x0000,0x0000,0x0000,0x0000,0x0000,0x0000,0x0000,0x0000,0x0000,0x0000,//	56390 [dc46] 
0x0000,0x0000,0x0000,0x0000,0x0000,0x0000,0x0000,0x0000,0x0000,0x0000,//	56400 [dc50] 
0x0000,0x0000,0x0000,0x0000,0x0000,0x0000,0x0000,0x0000,0x0000,0x0000,//	56410 [dc5a] 
0x0000,0x0000,0x0000,0x0000,0x0000,0x0000,0x0000,0x0000,0x0000,0x0000,//	56420 [dc64] 
0x0000,0x0000,0x0000,0x0000,0x0000,0x0000,0x0000,0x0000,0x0000,0x0000,//	56430 [dc6e] 
0x0000,0x0000,0x0000,0x0000,0x0000,0x0000,0x0000,0x0000,0x0000,0x0000,//	56440 [dc78] 
0x0000,0x0000,0x0000,0x0000,0x0000,0x0000,0x0000,0x0000,0x0000,0x0000,//	56450 [dc82] 
0x0000,0x0000,0x0000,0x0000,0x0000,0x0000,0x0000,0x0000,0x0000,0x0000,//	56460 [dc8c] 
0x0000,0x0000,0x0000,0x0000,0x0000,0x0000,0x0000,0x0000,0x0000,0x0000,//	56470 [dc96] 
0x0000,0x0000,0x0000,0x0000,0x0000,0x0000,0x0000,0x0000,0x0000,0x0000,//	56480 [dca0] 
0x0000,0x0000,0x0000,0x0000,0x0000,0x0000,0x0000,0x0000,0x0000,0x0000,//	56490 [dcaa] 
0x0000,0x0000,0x0000,0x0000,0x0000,0x0000,0x0000,0x0000,0x0000,0x0000,//	56500 [dcb4] 
0x0000,0x0000,0x0000,0x0000,0x0000,0x0000,0x0000,0x0000,0x0000,0x0000,//	56510 [dcbe] 
0x0000,0x0000,0x0000,0x0000,0x0000,0x0000,0x0000,0x0000,0x0000,0x0000,//	56520 [dcc8] 
0x0000,0x0000,0x0000,0x0000,0x0000,0x0000,0x0000,0x0000,0x0000,0x0000,//	56530 [dcd2] 
0x0000,0x0000,0x0000,0x0000,0x0000,0x0000,0x0000,0x0000,0x0000,0x0000,//	56540 [dcdc] 
0x0000,0x0000,0x0000,0x0000,0x0000,0x0000,0x0000,0x0000,0x0000,0x0000,//	56550 [dce6] 
0x0000,0x0000,0x0000,0x0000,0x0000,0x0000,0x0000,0x0000,0x0000,0x0000,//	56560 [dcf0] 
0x0000,0x0000,0x0000,0x0000,0x0000,0x0000,0x0000,0x0000,0x0000,0x0000,//	56570 [dcfa] 
0x0000,0x0000,0x0000,0x0000,0x0000,0x0000,0x0000,0x0000,0x0000,0x0000,//	56580 [dd04] 
0x0000,0x0000,0x0000,0x0000,0x0000,0x0000,0x0000,0x0000,0x0000,0x0000,//	56590 [dd0e] 
0x0000,0x0000,0x0000,0x0000,0x0000,0x0000,0x0000,0x0000,0x0000,0x0000,//	56600 [dd18] 
0x0000,0x0000,0x0000,0x0000,0x0000,0x0000,0x0000,0x0000,0x0000,0x0000,//	56610 [dd22] 
0x0000,0x0000,0x0000,0x0000,0x0000,0x0000,0x0000,0x0000,0x0000,0x0000,//	56620 [dd2c] 
0x0000,0x0000,0x0000,0x0000,0x0000,0x0000,0x0000,0x0000,0x0000,0x0000,//	56630 [dd36] 
0x0000,0x0000,0x0000,0x0000,0x0000,0x0000,0x0000,0x0000,0x0000,0x0000,//	56640 [dd40] 
0x0000,0x0000,0x0000,0x0000,0x0000,0x0000,0x0000,0x0000,0x0000,0x0000,//	56650 [dd4a] 
0x0000,0x0000,0x0000,0x0000,0x0000,0x0000,0x0000,0x0000,0x0000,0x0000,//	56660 [dd54] 
0x0000,0x0000,0x0000,0x0000,0x0000,0x0000,0x0000,0x0000,0x0000,0x0000,//	56670 [dd5e] 
0x0000,0x0000,0x0000,0x0000,0x0000,0x0000,0x0000,0x0000,0x0000,0x0000,//	56680 [dd68] 
0x0000,0x0000,0x0000,0x0000,0x0000,0x0000,0x0000,0x0000,0x0000,0x0000,//	56690 [dd72] 
0x0000,0x0000,0x0000,0x0000,0x0000,0x0000,0x0000,0x0000,0x0000,0x0000,//	56700 [dd7c] 
0x0000,0x0000,0x0000,0x0000,0x0000,0x0000,0x0000,0x0000,0x0000,0x0000,//	56710 [dd86] 
0x0000,0x0000,0x0000,0x0000,0x0000,0x0000,0x0000,0x0000,0x0000,0x0000,//	56720 [dd90] 
0x0000,0x0000,0x0000,0x0000,0x0000,0x0000,0x0000,0x0000,0x0000,0x0000,//	56730 [dd9a] 
0x0000,0x0000,0x0000,0x0000,0x0000,0x0000,0x0000,0x0000,0x0000,0x0000,//	56740 [dda4] 
0x0000,0x0000,0x0000,0x0000,0x0000,0x0000,0x0000,0x0000,0x0000,0x0000,//	56750 [ddae] 
0x0000,0x0000,0x0000,0x0000,0x0000,0x0000,0x0000,0x0000,0x0000,0x0000,//	56760 [ddb8] 
0x0000,0x0000,0x0000,0x0000,0x0000,0x0000,0x0000,0x0000,0x0000,0x0000,//	56770 [ddc2] 
0x0000,0x0000,0x0000,0x0000,0x0000,0x0000,0x0000,0x0000,0x0000,0x0000,//	56780 [ddcc] 
0x0000,0x0000,0x0000,0x0000,0x0000,0x0000,0x0000,0x0000,0x0000,0x0000,//	56790 [ddd6] 
0x0000,0x0000,0x0000,0x0000,0x0000,0x0000,0x0000,0x0000,0x0000,0x0000,//	56800 [dde0] 
0x0000,0x0000,0x0000,0x0000,0x0000,0x0000,0x0000,0x0000,0x0000,0x0000,//	56810 [ddea] 
0x0000,0x0000,0x0000,0x0000,0x0000,0x0000,0x0000,0x0000,0x0000,0x0000,//	56820 [ddf4] 
0x0000,0x0000,0x0000,0x0000,0x0000,0x0000,0x0000,0x0000,0x0000,0x0000,//	56830 [ddfe] 
0x0000,0x0000,0x0000,0x0000,0x0000,0x0000,0x0000,0x0000,0x0000,0x0000,//	56840 [de08] 
0x0000,0x0000,0x0000,0x0000,0x0000,0x0000,0x0000,0x0000,0x0000,0x0000,//	56850 [de12] 
0x0000,0x0000,0x0000,0x0000,0x0000,0x0000,0x0000,0x0000,0x0000,0x0000,//	56860 [de1c] 
0x0000,0x0000,0x0000,0x0000,0x0000,0x0000,0x0000,0x0000,0x0000,0x0000,//	56870 [de26] 
0x0000,0x0000,0x0000,0x0000,0x0000,0x0000,0x0000,0x0000,0x0000,0x0000,//	56880 [de30] 
0x0000,0x0000,0x0000,0x0000,0x0000,0x0000,0x0000,0x0000,0x0000,0x0000,//	56890 [de3a] 
0x0000,0x0000,0x0000,0x0000,0x0000,0x0000,0x0000,0x0000,0x0000,0x0000,//	56900 [de44] 
0x0000,0x0000,0x0000,0x0000,0x0000,0x0000,0x0000,0x0000,0x0000,0x0000,//	56910 [de4e] 
0x0000,0x0000,0x0000,0x0000,0x0000,0x0000,0x0000,0x0000,0x0000,0x0000,//	56920 [de58] 
0x0000,0x0000,0x0000,0x0000,0x0000,0x0000,0x0000,0x0000,0x0000,0x0000,//	56930 [de62] 
0x0000,0x0000,0x0000,0x0000,0x0000,0x0000,0x0000,0x0000,0x0000,0x0000,//	56940 [de6c] 
0x0000,0x0000,0x0000,0x0000,0x0000,0x0000,0x0000,0x0000,0x0000,0x0000,//	56950 [de76] 
0x0000,0x0000,0x0000,0x0000,0x0000,0x0000,0x0000,0x0000,0x0000,0x0000,//	56960 [de80] 
0x0000,0x0000,0x0000,0x0000,0x0000,0x0000,0x0000,0x0000,0x0000,0x0000,//	56970 [de8a] 
0x0000,0x0000,0x0000,0x0000,0x0000,0x0000,0x0000,0x0000,0x0000,0x0000,//	56980 [de94] 
0x0000,0x0000,0x0000,0x0000,0x0000,0x0000,0x0000,0x0000,0x0000,0x0000,//	56990 [de9e] 
0x0000,0x0000,0x0000,0x0000,0x0000,0x0000,0x0000,0x0000,0x0000,0x0000,//	57000 [dea8] 
0x0000,0x0000,0x0000,0x0000,0x0000,0x0000,0x0000,0x0000,0x0000,0x0000,//	57010 [deb2] 
0x0000,0x0000,0x0000,0x0000,0x0000,0x0000,0x0000,0x0000,0x0000,0x0000,//	57020 [debc] 
0x0000,0x0000,0x0000,0x0000,0x0000,0x0000,0x0000,0x0000,0x0000,0x0000,//	57030 [dec6] 
0x0000,0x0000,0x0000,0x0000,0x0000,0x0000,0x0000,0x0000,0x0000,0x0000,//	57040 [ded0] 
0x0000,0x0000,0x0000,0x0000,0x0000,0x0000,0x0000,0x0000,0x0000,0x0000,//	57050 [deda] 
0x0000,0x0000,0x0000,0x0000,0x0000,0x0000,0x0000,0x0000,0x0000,0x0000,//	57060 [dee4] 
0x0000,0x0000,0x0000,0x0000,0x0000,0x0000,0x0000,0x0000,0x0000,0x0000,//	57070 [deee] 
0x0000,0x0000,0x0000,0x0000,0x0000,0x0000,0x0000,0x0000,0x0000,0x0000,//	57080 [def8] 
0x0000,0x0000,0x0000,0x0000,0x0000,0x0000,0x0000,0x0000,0x0000,0x0000,//	57090 [df02] 
0x0000,0x0000,0x0000,0x0000,0x0000,0x0000,0x0000,0x0000,0x0000,0x0000,//	57100 [df0c] 
0x0000,0x0000,0x0000,0x0000,0x0000,0x0000,0x0000,0x0000,0x0000,0x0000,//	57110 [df16] 
0x0000,0x0000,0x0000,0x0000,0x0000,0x0000,0x0000,0x0000,0x0000,0x0000,//	57120 [df20] 
0x0000,0x0000,0x0000,0x0000,0x0000,0x0000,0x0000,0x0000,0x0000,0x0000,//	57130 [df2a] 
0x0000,0x0000,0x0000,0x0000,0x0000,0x0000,0x0000,0x0000,0x0000,0x0000,//	57140 [df34] 
0x0000,0x0000,0x0000,0x0000,0x0000,0x0000,0x0000,0x0000,0x0000,0x0000,//	57150 [df3e] 
0x0000,0x0000,0x0000,0x0000,0x0000,0x0000,0x0000,0x0000,0x0000,0x0000,//	57160 [df48] 
0x0000,0x0000,0x0000,0x0000,0x0000,0x0000,0x0000,0x0000,0x0000,0x0000,//	57170 [df52] 
0x0000,0x0000,0x0000,0x0000,0x0000,0x0000,0x0000,0x0000,0x0000,0x0000,//	57180 [df5c] 
0x0000,0x0000,0x0000,0x0000,0x0000,0x0000,0x0000,0x0000,0x0000,0x0000,//	57190 [df66] 
0x0000,0x0000,0x0000,0x0000,0x0000,0x0000,0x0000,0x0000,0x0000,0x0000,//	57200 [df70] 
0x0000,0x0000,0x0000,0x0000,0x0000,0x0000,0x0000,0x0000,0x0000,0x0000,//	57210 [df7a] 
0x0000,0x0000,0x0000,0x0000,0x0000,0x0000,0x0000,0x0000,0x0000,0x0000,//	57220 [df84] 
0x0000,0x0000,0x0000,0x0000,0x0000,0x0000,0x0000,0x0000,0x0000,0x0000,//	57230 [df8e] 
0x0000,0x0000,0x0000,0x0000,0x0000,0x0000,0x0000,0x0000,0x0000,0x0000,//	57240 [df98] 
0x0000,0x0000,0x0000,0x0000,0x0000,0x0000,0x0000,0x0000,0x0000,0x0000,//	57250 [dfa2] 
0x0000,0x0000,0x0000,0x0000,0x0000,0x0000,0x0000,0x0000,0x0000,0x0000,//	57260 [dfac] 
0x0000,0x0000,0x0000,0x0000,0x0000,0x0000,0x0000,0x0000,0x0000,0x0000,//	57270 [dfb6] 
0x0000,0x0000,0x0000,0x0000,0x0000,0x0000,0x0000,0x0000,0x0000,0x0000,//	57280 [dfc0] 
0x0000,0x0000,0x0000,0x0000,0x0000,0x0000,0x0000,0x0000,0x0000,0x0000,//	57290 [dfca] 
0x0000,0x0000,0x0000,0x0000,0x0000,0x0000,0x0000,0x0000,0x0000,0x0000,//	57300 [dfd4] 
0x0000,0x0000,0x0000,0x0000,0x0000,0x0000,0x0000,0x0000,0x0000,0x0000,//	57310 [dfde] 
0x0000,0x0000,0x0000,0x0000,0x0000,0x0000,0x0000,0x0000,0x0000,0x0000,//	57320 [dfe8] 
0x0000,0x0000,0x0000,0x0000,0x0000,0x0000,0x0000,0x0000,0x0000,0x0000,//	57330 [dff2] 
0x0000,0x0000,0x0000,0x0000,0x0000,0x0000,0x0000,0x0000,0x0000,0x0000,//	57340 [dffc] 
0x0000,0x0000,0x0000,0x0000,0x0000,0x0000,0x0000,0x0000,0x0000,0x0000,//	57350 [e006] 
0x0000,0x0000,0x0000,0x0000,0x0000,0x0000,0x0000,0x0000,0x0000,0x0000,//	57360 [e010] 
0x0000,0x0000,0x0000,0x0000,0x0000,0x0000,0x0000,0x0000,0x0000,0x0000,//	57370 [e01a] 
0x0000,0x0000,0x0000,0x0000,0x0000,0x0000,0x0000,0x0000,0x0000,0x0000,//	57380 [e024] 
0x0000,0x0000,0x0000,0x0000,0x0000,0x0000,0x0000,0x0000,0x0000,0x0000,//	57390 [e02e] 
0x0000,0x0000,0x0000,0x0000,0x0000,0x0000,0x0000,0x0000,0x0000,0x0000,//	57400 [e038] 
0x0000,0x0000,0x0000,0x0000,0x0000,0x0000,0x0000,0x6f3e,0x6f13,0x6ef7,//	57410 [e042] 
0x6f86,0x6f7a,0x6f78,0x6f81,0x6f80,0x6f6f,0x6f5b,0x6ff3,0x6f6d,0x6f82,//	57420 [e04c] 
0x6f7c,0x6f58,0x6f8e,0x6f91,0x6fc2,0x6f66,0x6fb3,0x6fa3,0x6fa1,0x6fa4,//	57430 [e056] 
0x6fb9,0x6fc6,0x6faa,0x6fdf,0x6fd5,0x6fec,0x6fd4,0x6fd8,0x6ff1,0x6fee,//	57440 [e060] 
0x6fdb,0x7009,0x700b,0x6ffa,0x7011,0x7001,0x700f,0x6ffe,0x701b,0x701a,//	57450 [e06a] 
0x6f74,0x701d,0x7018,0x701f,0x7030,0x703e,0x7032,0x7051,0x7063,0x7099,//	57460 [e074] 
0x7092,0x70af,0x70f1,0x70ac,0x70b8,0x70b3,0x70ae,0x70df,0x70cb,0x70dd,//	57470 [e07e] 
0x0000,0x70d9,0x7109,0x70fd,0x711c,0x7119,0x7165,0x7155,0x7188,0x7166,//	57480 [e088] 
0x7162,0x714c,0x7156,0x716c,0x718f,0x71fb,0x7184,0x7195,0x71a8,0x71ac,//	57490 [e092] 
0x71d7,0x71b9,0x71be,0x71d2,0x71c9,0x71d4,0x71ce,0x71e0,0x71ec,0x71e7,//	57500 [e09c] 
0x71f5,0x71fc,0x71f9,0x71ff,0x720d,0x7210,0x721b,0x7228,0x722d,0x722c,//	57510 [e0a6] 
0x7230,0x7232,0x723b,0x723c,0x723f,0x7240,0x7246,0x724b,0x7258,0x7274,//	57520 [e0b0] 
0x727e,0x7282,0x7281,0x7287,0x7292,0x7296,0x72a2,0x72a7,0x72b9,0x72b2,//	57530 [e0ba] 
0x72c3,0x72c6,0x72c4,0x72ce,0x72d2,0x72e2,0x72e0,0x72e1,0x72f9,0x72f7,//	57540 [e0c4] 
0x500f,0x7317,0x730a,0x731c,0x7316,0x731d,0x7334,0x732f,0x7329,0x7325,//	57550 [e0ce] 
0x733e,0x734e,0x734f,0x9ed8,0x7357,0x736a,0x7368,0x7370,0x7378,0x7375,//	57560 [e0d8] 
0x737b,0x737a,0x73c8,0x73b3,0x73ce,0x73bb,0x73c0,0x73e5,0x73ee,0x73de,//	57570 [e0e2] 
0x74a2,0x7405,0x746f,0x7425,0x73f8,0x7432,0x743a,0x7455,0x743f,0x745f,//	57580 [e0ec] 
0x7459,0x7441,0x745c,0x7469,0x7470,0x7463,0x746a,0x7476,0x747e,0x748b,//	57590 [e0f6] 
0x749e,0x74a7,0x74ca,0x74cf,0x74d4,0x73f1,0x0000,0x0000,0x0000,0x0000,//	57600 [e100] 
0x0000,0x0000,0x0000,0x0000,0x0000,0x0000,0x0000,0x0000,0x0000,0x0000,//	57610 [e10a] 
0x0000,0x0000,0x0000,0x0000,0x0000,0x0000,0x0000,0x0000,0x0000,0x0000,//	57620 [e114] 
0x0000,0x0000,0x0000,0x0000,0x0000,0x0000,0x0000,0x0000,0x0000,0x0000,//	57630 [e11e] 
0x0000,0x0000,0x0000,0x0000,0x0000,0x0000,0x0000,0x0000,0x0000,0x0000,//	57640 [e128] 
0x0000,0x0000,0x0000,0x0000,0x0000,0x0000,0x0000,0x0000,0x0000,0x0000,//	57650 [e132] 
0x0000,0x0000,0x0000,0x0000,0x0000,0x0000,0x0000,0x0000,0x0000,0x0000,//	57660 [e13c] 
0x0000,0x0000,0x0000,0x74e0,0x74e3,0x74e7,0x74e9,0x74ee,0x74f2,0x74f0,//	57670 [e146] 
0x74f1,0x74f8,0x74f7,0x7504,0x7503,0x7505,0x750c,0x750e,0x750d,0x7515,//	57680 [e150] 
0x7513,0x751e,0x7526,0x752c,0x753c,0x7544,0x754d,0x754a,0x7549,0x755b,//	57690 [e15a] 
0x7546,0x755a,0x7569,0x7564,0x7567,0x756b,0x756d,0x7578,0x7576,0x7586,//	57700 [e164] 
0x7587,0x7574,0x758a,0x7589,0x7582,0x7594,0x759a,0x759d,0x75a5,0x75a3,//	57710 [e16e] 
0x75c2,0x75b3,0x75c3,0x75b5,0x75bd,0x75b8,0x75bc,0x75b1,0x75cd,0x75ca,//	57720 [e178] 
0x75d2,0x75d9,0x75e3,0x75de,0x75fe,0x75ff,0x0000,0x75fc,0x7601,0x75f0,//	57730 [e182] 
0x75fa,0x75f2,0x75f3,0x760b,0x760d,0x7609,0x761f,0x7627,0x7620,0x7621,//	57740 [e18c] 
0x7622,0x7624,0x7634,0x7630,0x763b,0x7647,0x7648,0x7646,0x765c,0x7658,//	57750 [e196] 
0x7661,0x7662,0x7668,0x7669,0x766a,0x7667,0x766c,0x7670,0x7672,0x7676,//	57760 [e1a0] 
0x7678,0x767c,0x7680,0x7683,0x7688,0x768b,0x768e,0x7696,0x7693,0x7699,//	57770 [e1aa] 
0x769a,0x76b0,0x76b4,0x76b8,0x76b9,0x76ba,0x76c2,0x76cd,0x76d6,0x76d2,//	57780 [e1b4] 
0x76de,0x76e1,0x76e5,0x76e7,0x76ea,0x862f,0x76fb,0x7708,0x7707,0x7704,//	57790 [e1be] 
0x7729,0x7724,0x771e,0x7725,0x7726,0x771b,0x7737,0x7738,0x7747,0x775a,//	57800 [e1c8] 
0x7768,0x776b,0x775b,0x7765,0x777f,0x777e,0x7779,0x778e,0x778b,0x7791,//	57810 [e1d2] 
0x77a0,0x779e,0x77b0,0x77b6,0x77b9,0x77bf,0x77bc,0x77bd,0x77bb,0x77c7,//	57820 [e1dc] 
0x77cd,0x77d7,0x77da,0x77dc,0x77e3,0x77ee,0x77fc,0x780c,0x7812,0x7926,//	57830 [e1e6] 
0x7820,0x792a,0x7845,0x788e,0x7874,0x7886,0x787c,0x789a,0x788c,0x78a3,//	57840 [e1f0] 
0x78b5,0x78aa,0x78af,0x78d1,0x78c6,0x78cb,0x78d4,0x78be,0x78bc,0x78c5,//	57850 [e1fa] 
0x78ca,0x78ec,0x0000,0x0000,0x0000,0x0000,0x0000,0x0000,0x0000,0x0000,//	57860 [e204] 
0x0000,0x0000,0x0000,0x0000,0x0000,0x0000,0x0000,0x0000,0x0000,0x0000,//	57870 [e20e] 
0x0000,0x0000,0x0000,0x0000,0x0000,0x0000,0x0000,0x0000,0x0000,0x0000,//	57880 [e218] 
0x0000,0x0000,0x0000,0x0000,0x0000,0x0000,0x0000,0x0000,0x0000,0x0000,//	57890 [e222] 
0x0000,0x0000,0x0000,0x0000,0x0000,0x0000,0x0000,0x0000,0x0000,0x0000,//	57900 [e22c] 
0x0000,0x0000,0x0000,0x0000,0x0000,0x0000,0x0000,0x0000,0x0000,0x0000,//	57910 [e236] 
0x0000,0x0000,0x0000,0x0000,0x0000,0x0000,0x0000,0x0000,0x0000,0x78e7,//	57920 [e240] 
0x78da,0x78fd,0x78f4,0x7907,0x7912,0x7911,0x7919,0x792c,0x792b,0x7940,//	57930 [e24a] 
0x7960,0x7957,0x795f,0x795a,0x7955,0x7953,0x797a,0x797f,0x798a,0x799d,//	57940 [e254] 
0x79a7,0x9f4b,0x79aa,0x79ae,0x79b3,0x79b9,0x79ba,0x79c9,0x79d5,0x79e7,//	57950 [e25e] 
0x79ec,0x79e1,0x79e3,0x7a08,0x7a0d,0x7a18,0x7a19,0x7a20,0x7a1f,0x7980,//	57960 [e268] 
0x7a31,0x7a3b,0x7a3e,0x7a37,0x7a43,0x7a57,0x7a49,0x7a61,0x7a62,0x7a69,//	57970 [e272] 
0x9f9d,0x7a70,0x7a79,0x7a7d,0x7a88,0x7a97,0x7a95,0x7a98,0x7a96,0x7aa9,//	57980 [e27c] 
0x7ac8,0x7ab0,0x0000,0x7ab6,0x7ac5,0x7ac4,0x7abf,0x9083,0x7ac7,0x7aca,//	57990 [e286] 
0x7acd,0x7acf,0x7ad5,0x7ad3,0x7ad9,0x7ada,0x7add,0x7ae1,0x7ae2,0x7ae6,//	58000 [e290] 
0x7aed,0x7af0,0x7b02,0x7b0f,0x7b0a,0x7b06,0x7b33,0x7b18,0x7b19,0x7b1e,//	58010 [e29a] 
0x7b35,0x7b28,0x7b36,0x7b50,0x7b7a,0x7b04,0x7b4d,0x7b0b,0x7b4c,0x7b45,//	58020 [e2a4] 
0x7b75,0x7b65,0x7b74,0x7b67,0x7b70,0x7b71,0x7b6c,0x7b6e,0x7b9d,0x7b98,//	58030 [e2ae] 
0x7b9f,0x7b8d,0x7b9c,0x7b9a,0x7b8b,0x7b92,0x7b8f,0x7b5d,0x7b99,0x7bcb,//	58040 [e2b8] 
0x7bc1,0x7bcc,0x7bcf,0x7bb4,0x7bc6,0x7bdd,0x7be9,0x7c11,0x7c14,0x7be6,//	58050 [e2c2] 
0x7be5,0x7c60,0x7c00,0x7c07,0x7c13,0x7bf3,0x7bf7,0x7c17,0x7c0d,0x7bf6,//	58060 [e2cc] 
0x7c23,0x7c27,0x7c2a,0x7c1f,0x7c37,0x7c2b,0x7c3d,0x7c4c,0x7c43,0x7c54,//	58070 [e2d6] 
0x7c4f,0x7c40,0x7c50,0x7c58,0x7c5f,0x7c64,0x7c56,0x7c65,0x7c6c,0x7c75,//	58080 [e2e0] 
0x7c83,0x7c90,0x7ca4,0x7cad,0x7ca2,0x7cab,0x7ca1,0x7ca8,0x7cb3,0x7cb2,//	58090 [e2ea] 
0x7cb1,0x7cae,0x7cb9,0x7cbd,0x7cc0,0x7cc5,0x7cc2,0x7cd8,0x7cd2,0x7cdc,//	58100 [e2f4] 
0x7ce2,0x9b3b,0x7cef,0x7cf2,0x7cf4,0x7cf6,0x7cfa,0x7d06,0x0000,0x0000,//	58110 [e2fe] 
0x0000,0x0000,0x0000,0x0000,0x0000,0x0000,0x0000,0x0000,0x0000,0x0000,//	58120 [e308] 
0x0000,0x0000,0x0000,0x0000,0x0000,0x0000,0x0000,0x0000,0x0000,0x0000,//	58130 [e312] 
0x0000,0x0000,0x0000,0x0000,0x0000,0x0000,0x0000,0x0000,0x0000,0x0000,//	58140 [e31c] 
0x0000,0x0000,0x0000,0x0000,0x0000,0x0000,0x0000,0x0000,0x0000,0x0000,//	58150 [e326] 
0x0000,0x0000,0x0000,0x0000,0x0000,0x0000,0x0000,0x0000,0x0000,0x0000,//	58160 [e330] 
0x0000,0x0000,0x0000,0x0000,0x0000,0x0000,0x0000,0x0000,0x0000,0x0000,//	58170 [e33a] 
0x0000,0x0000,0x0000,0x0000,0x0000,0x7d02,0x7d1c,0x7d15,0x7d0a,0x7d45,//	58180 [e344] 
0x7d4b,0x7d2e,0x7d32,0x7d3f,0x7d35,0x7d46,0x7d73,0x7d56,0x7d4e,0x7d72,//	58190 [e34e] 
0x7d68,0x7d6e,0x7d4f,0x7d63,0x7d93,0x7d89,0x7d5b,0x7d8f,0x7d7d,0x7d9b,//	58200 [e358] 
0x7dba,0x7dae,0x7da3,0x7db5,0x7dc7,0x7dbd,0x7dab,0x7e3d,0x7da2,0x7daf,//	58210 [e362] 
0x7ddc,0x7db8,0x7d9f,0x7db0,0x7dd8,0x7ddd,0x7de4,0x7dde,0x7dfb,0x7df2,//	58220 [e36c] 
0x7de1,0x7e05,0x7e0a,0x7e23,0x7e21,0x7e12,0x7e31,0x7e1f,0x7e09,0x7e0b,//	58230 [e376] 
0x7e22,0x7e46,0x7e66,0x7e3b,0x7e35,0x7e39,0x7e43,0x7e37,0x0000,0x7e32,//	58240 [e380] 
0x7e3a,0x7e67,0x7e5d,0x7e56,0x7e5e,0x7e59,0x7e5a,0x7e79,0x7e6a,0x7e69,//	58250 [e38a] 
0x7e7c,0x7e7b,0x7e83,0x7dd5,0x7e7d,0x8fae,0x7e7f,0x7e88,0x7e89,0x7e8c,//	58260 [e394] 
0x7e92,0x7e90,0x7e93,0x7e94,0x7e96,0x7e8e,0x7e9b,0x7e9c,0x7f38,0x7f3a,//	58270 [e39e] 
0x7f45,0x7f4c,0x7f4d,0x7f4e,0x7f50,0x7f51,0x7f55,0x7f54,0x7f58,0x7f5f,//	58280 [e3a8] 
0x7f60,0x7f68,0x7f69,0x7f67,0x7f78,0x7f82,0x7f86,0x7f83,0x7f88,0x7f87,//	58290 [e3b2] 
0x7f8c,0x7f94,0x7f9e,0x7f9d,0x7f9a,0x7fa3,0x7faf,0x7fb2,0x7fb9,0x7fae,//	58300 [e3bc] 
0x7fb6,0x7fb8,0x8b71,0x7fc5,0x7fc6,0x7fca,0x7fd5,0x7fd4,0x7fe1,0x7fe6,//	58310 [e3c6] 
0x7fe9,0x7ff3,0x7ff9,0x98dc,0x8006,0x8004,0x800b,0x8012,0x8018,0x8019,//	58320 [e3d0] 
0x801c,0x8021,0x8028,0x803f,0x803b,0x804a,0x8046,0x8052,0x8058,0x805a,//	58330 [e3da] 
0x805f,0x8062,0x8068,0x8073,0x8072,0x8070,0x8076,0x8079,0x807d,0x807f,//	58340 [e3e4] 
0x8084,0x8086,0x8085,0x809b,0x8093,0x809a,0x80ad,0x5190,0x80ac,0x80db,//	58350 [e3ee] 
0x80e5,0x80d9,0x80dd,0x80c4,0x80da,0x80d6,0x8109,0x80ef,0x80f1,0x811b,//	58360 [e3f8] 
0x8129,0x8123,0x812f,0x814b,0x0000,0x0000,0x0000,0x0000,0x0000,0x0000,//	58370 [e402] 
0x0000,0x0000,0x0000,0x0000,0x0000,0x0000,0x0000,0x0000,0x0000,0x0000,//	58380 [e40c] 
0x0000,0x0000,0x0000,0x0000,0x0000,0x0000,0x0000,0x0000,0x0000,0x0000,//	58390 [e416] 
0x0000,0x0000,0x0000,0x0000,0x0000,0x0000,0x0000,0x0000,0x0000,0x0000,//	58400 [e420] 
0x0000,0x0000,0x0000,0x0000,0x0000,0x0000,0x0000,0x0000,0x0000,0x0000,//	58410 [e42a] 
0x0000,0x0000,0x0000,0x0000,0x0000,0x0000,0x0000,0x0000,0x0000,0x0000,//	58420 [e434] 
0x0000,0x0000,0x0000,0x0000,0x0000,0x0000,0x0000,0x0000,0x0000,0x0000,//	58430 [e43e] 
0x0000,0x968b,0x8146,0x813e,0x8153,0x8151,0x80fc,0x8171,0x816e,0x8165,//	58440 [e448] 
0x8166,0x8174,0x8183,0x8188,0x818a,0x8180,0x8182,0x81a0,0x8195,0x81a4,//	58450 [e452] 
0x81a3,0x815f,0x8193,0x81a9,0x81b0,0x81b5,0x81be,0x81b8,0x81bd,0x81c0,//	58460 [e45c] 
0x81c2,0x81ba,0x81c9,0x81cd,0x81d1,0x81d9,0x81d8,0x81c8,0x81da,0x81df,//	58470 [e466] 
0x81e0,0x81e7,0x81fa,0x81fb,0x81fe,0x8201,0x8202,0x8205,0x8207,0x820a,//	58480 [e470] 
0x820d,0x8210,0x8216,0x8229,0x822b,0x8238,0x8233,0x8240,0x8259,0x8258,//	58490 [e47a] 
0x825d,0x825a,0x825f,0x8264,0x0000,0x8262,0x8268,0x826a,0x826b,0x822e,//	58500 [e484] 
0x8271,0x8277,0x8278,0x827e,0x828d,0x8292,0x82ab,0x829f,0x82bb,0x82ac,//	58510 [e48e] 
0x82e1,0x82e3,0x82df,0x82d2,0x82f4,0x82f3,0x82fa,0x8393,0x8303,0x82fb,//	58520 [e498] 
0x82f9,0x82de,0x8306,0x82dc,0x8309,0x82d9,0x8335,0x8334,0x8316,0x8332,//	58530 [e4a2] 
0x8331,0x8340,0x8339,0x8350,0x8345,0x832f,0x832b,0x8317,0x8318,0x8385,//	58540 [e4ac] 
0x839a,0x83aa,0x839f,0x83a2,0x8396,0x8323,0x838e,0x8387,0x838a,0x837c,//	58550 [e4b6] 
0x83b5,0x8373,0x8375,0x83a0,0x8389,0x83a8,0x83f4,0x8413,0x83eb,0x83ce,//	58560 [e4c0] 
0x83fd,0x8403,0x83d8,0x840b,0x83c1,0x83f7,0x8407,0x83e0,0x83f2,0x840d,//	58570 [e4ca] 
0x8422,0x8420,0x83bd,0x8438,0x8506,0x83fb,0x846d,0x842a,0x843c,0x855a,//	58580 [e4d4] 
0x8484,0x8477,0x846b,0x84ad,0x846e,0x8482,0x8469,0x8446,0x842c,0x846f,//	58590 [e4de] 
0x8479,0x8435,0x84ca,0x8462,0x84b9,0x84bf,0x849f,0x84d9,0x84cd,0x84bb,//	58600 [e4e8] 
0x84da,0x84d0,0x84c1,0x84c6,0x84d6,0x84a1,0x8521,0x84ff,0x84f4,0x8517,//	58610 [e4f2] 
0x8518,0x852c,0x851f,0x8515,0x8514,0x84fc,0x8540,0x8563,0x8558,0x8548,//	58620 [e4fc] 
0x0000,0x0000,0x0000,0x0000,0x0000,0x0000,0x0000,0x0000,0x0000,0x0000,//	58630 [e506] 
0x0000,0x0000,0x0000,0x0000,0x0000,0x0000,0x0000,0x0000,0x0000,0x0000,//	58640 [e510] 
0x0000,0x0000,0x0000,0x0000,0x0000,0x0000,0x0000,0x0000,0x0000,0x0000,//	58650 [e51a] 
0x0000,0x0000,0x0000,0x0000,0x0000,0x0000,0x0000,0x0000,0x0000,0x0000,//	58660 [e524] 
0x0000,0x0000,0x0000,0x0000,0x0000,0x0000,0x0000,0x0000,0x0000,0x0000,//	58670 [e52e] 
0x0000,0x0000,0x0000,0x0000,0x0000,0x0000,0x0000,0x0000,0x0000,0x0000,//	58680 [e538] 
0x0000,0x0000,0x0000,0x0000,0x0000,0x0000,0x0000,0x8541,0x8602,0x854b,//	58690 [e542] 
0x8555,0x8580,0x85a4,0x8588,0x8591,0x858a,0x85a8,0x856d,0x8594,0x859b,//	58700 [e54c] 
0x85ea,0x8587,0x859c,0x8577,0x857e,0x8590,0x85c9,0x85ba,0x85cf,0x85b9,//	58710 [e556] 
0x85d0,0x85d5,0x85dd,0x85e5,0x85dc,0x85f9,0x860a,0x8613,0x860b,0x85fe,//	58720 [e560] 
0x85fa,0x8606,0x8622,0x861a,0x8630,0x863f,0x864d,0x4e55,0x8654,0x865f,//	58730 [e56a] 
0x8667,0x8671,0x8693,0x86a3,0x86a9,0x86aa,0x868b,0x868c,0x86b6,0x86af,//	58740 [e574] 
0x86c4,0x86c6,0x86b0,0x86c9,0x8823,0x86ab,0x86d4,0x86de,0x86e9,0x86ec,//	58750 [e57e] 
0x0000,0x86df,0x86db,0x86ef,0x8712,0x8706,0x8708,0x8700,0x8703,0x86fb,//	58760 [e588] 
0x8711,0x8709,0x870d,0x86f9,0x870a,0x8734,0x873f,0x8737,0x873b,0x8725,//	58770 [e592] 
0x8729,0x871a,0x8760,0x875f,0x8778,0x874c,0x874e,0x8774,0x8757,0x8768,//	58780 [e59c] 
0x876e,0x8759,0x8753,0x8763,0x876a,0x8805,0x87a2,0x879f,0x8782,0x87af,//	58790 [e5a6] 
0x87cb,0x87bd,0x87c0,0x87d0,0x96d6,0x87ab,0x87c4,0x87b3,0x87c7,0x87c6,//	58800 [e5b0] 
0x87bb,0x87ef,0x87f2,0x87e0,0x880f,0x880d,0x87fe,0x87f6,0x87f7,0x880e,//	58810 [e5ba] 
0x87d2,0x8811,0x8816,0x8815,0x8822,0x8821,0x8831,0x8836,0x8839,0x8827,//	58820 [e5c4] 
0x883b,0x8844,0x8842,0x8852,0x8859,0x885e,0x8862,0x886b,0x8881,0x887e,//	58830 [e5ce] 
0x889e,0x8875,0x887d,0x88b5,0x8872,0x8882,0x8897,0x8892,0x88ae,0x8899,//	58840 [e5d8] 
0x88a2,0x888d,0x88a4,0x88b0,0x88bf,0x88b1,0x88c3,0x88c4,0x88d4,0x88d8,//	58850 [e5e2] 
0x88d9,0x88dd,0x88f9,0x8902,0x88fc,0x88f4,0x88e8,0x88f2,0x8904,0x890c,//	58860 [e5ec] 
0x890a,0x8913,0x8943,0x891e,0x8925,0x892a,0x892b,0x8941,0x8944,0x893b,//	58870 [e5f6] 
0x8936,0x8938,0x894c,0x891d,0x8960,0x895e,0x0000,0x0000,0x0000,0x0000,//	58880 [e600] 
0x0000,0x0000,0x0000,0x0000,0x0000,0x0000,0x0000,0x0000,0x0000,0x0000,//	58890 [e60a] 
0x0000,0x0000,0x0000,0x0000,0x0000,0x0000,0x0000,0x0000,0x0000,0x0000,//	58900 [e614] 
0x0000,0x0000,0x0000,0x0000,0x0000,0x0000,0x0000,0x0000,0x0000,0x0000,//	58910 [e61e] 
0x0000,0x0000,0x0000,0x0000,0x0000,0x0000,0x0000,0x0000,0x0000,0x0000,//	58920 [e628] 
0x0000,0x0000,0x0000,0x0000,0x0000,0x0000,0x0000,0x0000,0x0000,0x0000,//	58930 [e632] 
0x0000,0x0000,0x0000,0x0000,0x0000,0x0000,0x0000,0x0000,0x0000,0x0000,//	58940 [e63c] 
0x0000,0x0000,0x0000,0x8966,0x8964,0x896d,0x896a,0x896f,0x8974,0x8977,//	58950 [e646] 
0x897e,0x8983,0x8988,0x898a,0x8993,0x8998,0x89a1,0x89a9,0x89a6,0x89ac,//	58960 [e650] 
0x89af,0x89b2,0x89ba,0x89bd,0x89bf,0x89c0,0x89da,0x89dc,0x89dd,0x89e7,//	58970 [e65a] 
0x89f4,0x89f8,0x8a03,0x8a16,0x8a10,0x8a0c,0x8a1b,0x8a1d,0x8a25,0x8a36,//	58980 [e664] 
0x8a41,0x8a5b,0x8a52,0x8a46,0x8a48,0x8a7c,0x8a6d,0x8a6c,0x8a62,0x8a85,//	58990 [e66e] 
0x8a82,0x8a84,0x8aa8,0x8aa1,0x8a91,0x8aa5,0x8aa6,0x8a9a,0x8aa3,0x8ac4,//	59000 [e678] 
0x8acd,0x8ac2,0x8ada,0x8aeb,0x8af3,0x8ae7,0x0000,0x8ae4,0x8af1,0x8b14,//	59010 [e682] 
0x8ae0,0x8ae2,0x8af7,0x8ade,0x8adb,0x8b0c,0x8b07,0x8b1a,0x8ae1,0x8b16,//	59020 [e68c] 
0x8b10,0x8b17,0x8b20,0x8b33,0x97ab,0x8b26,0x8b2b,0x8b3e,0x8b28,0x8b41,//	59030 [e696] 
0x8b4c,0x8b4f,0x8b4e,0x8b49,0x8b56,0x8b5b,0x8b5a,0x8b6b,0x8b5f,0x8b6c,//	59040 [e6a0] 
0x8b6f,0x8b74,0x8b7d,0x8b80,0x8b8c,0x8b8e,0x8b92,0x8b93,0x8b96,0x8b99,//	59050 [e6aa] 
0x8b9a,0x8c3a,0x8c41,0x8c3f,0x8c48,0x8c4c,0x8c4e,0x8c50,0x8c55,0x8c62,//	59060 [e6b4] 
0x8c6c,0x8c78,0x8c7a,0x8c82,0x8c89,0x8c85,0x8c8a,0x8c8d,0x8c8e,0x8c94,//	59070 [e6be] 
0x8c7c,0x8c98,0x621d,0x8cad,0x8caa,0x8cbd,0x8cb2,0x8cb3,0x8cae,0x8cb6,//	59080 [e6c8] 
0x8cc8,0x8cc1,0x8ce4,0x8ce3,0x8cda,0x8cfd,0x8cfa,0x8cfb,0x8d04,0x8d05,//	59090 [e6d2] 
0x8d0a,0x8d07,0x8d0f,0x8d0d,0x8d10,0x9f4e,0x8d13,0x8ccd,0x8d14,0x8d16,//	59100 [e6dc] 
0x8d67,0x8d6d,0x8d71,0x8d73,0x8d81,0x8d99,0x8dc2,0x8dbe,0x8dba,0x8dcf,//	59110 [e6e6] 
0x8dda,0x8dd6,0x8dcc,0x8ddb,0x8dcb,0x8dea,0x8deb,0x8ddf,0x8de3,0x8dfc,//	59120 [e6f0] 
0x8e08,0x8e09,0x8dff,0x8e1d,0x8e1e,0x8e10,0x8e1f,0x8e42,0x8e35,0x8e30,//	59130 [e6fa] 
0x8e34,0x8e4a,0x0000,0x0000,0x0000,0x0000,0x0000,0x0000,0x0000,0x0000,//	59140 [e704] 
0x0000,0x0000,0x0000,0x0000,0x0000,0x0000,0x0000,0x0000,0x0000,0x0000,//	59150 [e70e] 
0x0000,0x0000,0x0000,0x0000,0x0000,0x0000,0x0000,0x0000,0x0000,0x0000,//	59160 [e718] 
0x0000,0x0000,0x0000,0x0000,0x0000,0x0000,0x0000,0x0000,0x0000,0x0000,//	59170 [e722] 
0x0000,0x0000,0x0000,0x0000,0x0000,0x0000,0x0000,0x0000,0x0000,0x0000,//	59180 [e72c] 
0x0000,0x0000,0x0000,0x0000,0x0000,0x0000,0x0000,0x0000,0x0000,0x0000,//	59190 [e736] 
0x0000,0x0000,0x0000,0x0000,0x0000,0x0000,0x0000,0x0000,0x0000,0x8e47,//	59200 [e740] 
0x8e49,0x8e4c,0x8e50,0x8e48,0x8e59,0x8e64,0x8e60,0x8e2a,0x8e63,0x8e55,//	59210 [e74a] 
0x8e76,0x8e72,0x8e7c,0x8e81,0x8e87,0x8e85,0x8e84,0x8e8b,0x8e8a,0x8e93,//	59220 [e754] 
0x8e91,0x8e94,0x8e99,0x8eaa,0x8ea1,0x8eac,0x8eb0,0x8ec6,0x8eb1,0x8ebe,//	59230 [e75e] 
0x8ec5,0x8ec8,0x8ecb,0x8edb,0x8ee3,0x8efc,0x8efb,0x8eeb,0x8efe,0x8f0a,//	59240 [e768] 
0x8f05,0x8f15,0x8f12,0x8f19,0x8f13,0x8f1c,0x8f1f,0x8f1b,0x8f0c,0x8f26,//	59250 [e772] 
0x8f33,0x8f3b,0x8f39,0x8f45,0x8f42,0x8f3e,0x8f4c,0x8f49,0x8f46,0x8f4e,//	59260 [e77c] 
0x8f57,0x8f5c,0x0000,0x8f62,0x8f63,0x8f64,0x8f9c,0x8f9f,0x8fa3,0x8fad,//	59270 [e786] 
0x8faf,0x8fb7,0x8fda,0x8fe5,0x8fe2,0x8fea,0x8fef,0x9087,0x8ff4,0x9005,//	59280 [e790] 
0x8ff9,0x8ffa,0x9011,0x9015,0x9021,0x900d,0x901e,0x9016,0x900b,0x9027,//	59290 [e79a] 
0x9036,0x9035,0x9039,0x8ff8,0x904f,0x9050,0x9051,0x9052,0x900e,0x9049,//	59300 [e7a4] 
0x903e,0x9056,0x9058,0x905e,0x9068,0x906f,0x9076,0x96a8,0x9072,0x9082,//	59310 [e7ae] 
0x907d,0x9081,0x9080,0x908a,0x9089,0x908f,0x90a8,0x90af,0x90b1,0x90b5,//	59320 [e7b8] 
0x90e2,0x90e4,0x6248,0x90db,0x9102,0x9112,0x9119,0x9132,0x9130,0x914a,//	59330 [e7c2] 
0x9156,0x9158,0x9163,0x9165,0x9169,0x9173,0x9172,0x918b,0x9189,0x9182,//	59340 [e7cc] 
0x91a2,0x91ab,0x91af,0x91aa,0x91b5,0x91b4,0x91ba,0x91c0,0x91c1,0x91c9,//	59350 [e7d6] 
0x91cb,0x91d0,0x91d6,0x91df,0x91e1,0x91db,0x91fc,0x91f5,0x91f6,0x921e,//	59360 [e7e0] 
0x91ff,0x9214,0x922c,0x9215,0x9211,0x925e,0x9257,0x9245,0x9249,0x9264,//	59370 [e7ea] 
0x9248,0x9295,0x923f,0x924b,0x9250,0x929c,0x9296,0x9293,0x929b,0x925a,//	59380 [e7f4] 
0x92cf,0x92b9,0x92b7,0x92e9,0x930f,0x92fa,0x9344,0x932e,0x0000,0x0000,//	59390 [e7fe] 
0x0000,0x0000,0x0000,0x0000,0x0000,0x0000,0x0000,0x0000,0x0000,0x0000,//	59400 [e808] 
0x0000,0x0000,0x0000,0x0000,0x0000,0x0000,0x0000,0x0000,0x0000,0x0000,//	59410 [e812] 
0x0000,0x0000,0x0000,0x0000,0x0000,0x0000,0x0000,0x0000,0x0000,0x0000,//	59420 [e81c] 
0x0000,0x0000,0x0000,0x0000,0x0000,0x0000,0x0000,0x0000,0x0000,0x0000,//	59430 [e826] 
0x0000,0x0000,0x0000,0x0000,0x0000,0x0000,0x0000,0x0000,0x0000,0x0000,//	59440 [e830] 
0x0000,0x0000,0x0000,0x0000,0x0000,0x0000,0x0000,0x0000,0x0000,0x0000,//	59450 [e83a] 
0x0000,0x0000,0x0000,0x0000,0x0000,0x9319,0x9322,0x931a,0x9323,0x933a,//	59460 [e844] 
0x9335,0x933b,0x935c,0x9360,0x937c,0x936e,0x9356,0x93b0,0x93ac,0x93ad,//	59470 [e84e] 
0x9394,0x93b9,0x93d6,0x93d7,0x93e8,0x93e5,0x93d8,0x93c3,0x93dd,0x93d0,//	59480 [e858] 
0x93c8,0x93e4,0x941a,0x9414,0x9413,0x9403,0x9407,0x9410,0x9436,0x942b,//	59490 [e862] 
0x9435,0x9421,0x943a,0x9441,0x9452,0x9444,0x945b,0x9460,0x9462,0x945e,//	59500 [e86c] 
0x946a,0x9229,0x9470,0x9475,0x9477,0x947d,0x945a,0x947c,0x947e,0x9481,//	59510 [e876] 
0x947f,0x9582,0x9587,0x958a,0x9594,0x9596,0x9598,0x9599,0x0000,0x95a0,//	59520 [e880] 
0x95a8,0x95a7,0x95ad,0x95bc,0x95bb,0x95b9,0x95be,0x95ca,0x6ff6,0x95c3,//	59530 [e88a] 
0x95cd,0x95cc,0x95d5,0x95d4,0x95d6,0x95dc,0x95e1,0x95e5,0x95e2,0x9621,//	59540 [e894] 
0x9628,0x962e,0x962f,0x9642,0x964c,0x964f,0x964b,0x9677,0x965c,0x965e,//	59550 [e89e] 
0x965d,0x965f,0x9666,0x9672,0x966c,0x968d,0x9698,0x9695,0x9697,0x96aa,//	59560 [e8a8] 
0x96a7,0x96b1,0x96b2,0x96b0,0x96b4,0x96b6,0x96b8,0x96b9,0x96ce,0x96cb,//	59570 [e8b2] 
0x96c9,0x96cd,0x894d,0x96dc,0x970d,0x96d5,0x96f9,0x9704,0x9706,0x9708,//	59580 [e8bc] 
0x9713,0x970e,0x9711,0x970f,0x9716,0x9719,0x9724,0x972a,0x9730,0x9739,//	59590 [e8c6] 
0x973d,0x973e,0x9744,0x9746,0x9748,0x9742,0x9749,0x975c,0x9760,0x9764,//	59600 [e8d0] 
0x9766,0x9768,0x52d2,0x976b,0x9771,0x9779,0x9785,0x977c,0x9781,0x977a,//	59610 [e8da] 
0x9786,0x978b,0x978f,0x9790,0x979c,0x97a8,0x97a6,0x97a3,0x97b3,0x97b4,//	59620 [e8e4] 
0x97c3,0x97c6,0x97c8,0x97cb,0x97dc,0x97ed,0x9f4f,0x97f2,0x7adf,0x97f6,//	59630 [e8ee] 
0x97f5,0x980f,0x980c,0x9838,0x9824,0x9821,0x9837,0x983d,0x9846,0x984f,//	59640 [e8f8] 
0x984b,0x986b,0x986f,0x9870,0x0000,0x0000,0x0000,0x0000,0x0000,0x0000,//	59650 [e902] 
0x0000,0x0000,0x0000,0x0000,0x0000,0x0000,0x0000,0x0000,0x0000,0x0000,//	59660 [e90c] 
0x0000,0x0000,0x0000,0x0000,0x0000,0x0000,0x0000,0x0000,0x0000,0x0000,//	59670 [e916] 
0x0000,0x0000,0x0000,0x0000,0x0000,0x0000,0x0000,0x0000,0x0000,0x0000,//	59680 [e920] 
0x0000,0x0000,0x0000,0x0000,0x0000,0x0000,0x0000,0x0000,0x0000,0x0000,//	59690 [e92a] 
0x0000,0x0000,0x0000,0x0000,0x0000,0x0000,0x0000,0x0000,0x0000,0x0000,//	59700 [e934] 
0x0000,0x0000,0x0000,0x0000,0x0000,0x0000,0x0000,0x0000,0x0000,0x0000,//	59710 [e93e] 
0x0000,0x9871,0x9874,0x9873,0x98aa,0x98af,0x98b1,0x98b6,0x98c4,0x98c3,//	59720 [e948] 
0x98c6,0x98e9,0x98eb,0x9903,0x9909,0x9912,0x9914,0x9918,0x9921,0x991d,//	59730 [e952] 
0x991e,0x9924,0x9920,0x992c,0x992e,0x993d,0x993e,0x9942,0x9949,0x9945,//	59740 [e95c] 
0x9950,0x994b,0x9951,0x9952,0x994c,0x9955,0x9997,0x9998,0x99a5,0x99ad,//	59750 [e966] 
0x99ae,0x99bc,0x99df,0x99db,0x99dd,0x99d8,0x99d1,0x99ed,0x99ee,0x99f1,//	59760 [e970] 
0x99f2,0x99fb,0x99f8,0x9a01,0x9a0f,0x9a05,0x99e2,0x9a19,0x9a2b,0x9a37,//	59770 [e97a] 
0x9a45,0x9a42,0x9a40,0x9a43,0x0000,0x9a3e,0x9a55,0x9a4d,0x9a5b,0x9a57,//	59780 [e984] 
0x9a5f,0x9a62,0x9a65,0x9a64,0x9a69,0x9a6b,0x9a6a,0x9aad,0x9ab0,0x9abc,//	59790 [e98e] 
0x9ac0,0x9acf,0x9ad1,0x9ad3,0x9ad4,0x9ade,0x9adf,0x9ae2,0x9ae3,0x9ae6,//	59800 [e998] 
0x9aef,0x9aeb,0x9aee,0x9af4,0x9af1,0x9af7,0x9afb,0x9b06,0x9b18,0x9b1a,//	59810 [e9a2] 
0x9b1f,0x9b22,0x9b23,0x9b25,0x9b27,0x9b28,0x9b29,0x9b2a,0x9b2e,0x9b2f,//	59820 [e9ac] 
0x9b32,0x9b44,0x9b43,0x9b4f,0x9b4d,0x9b4e,0x9b51,0x9b58,0x9b74,0x9b93,//	59830 [e9b6] 
0x9b83,0x9b91,0x9b96,0x9b97,0x9b9f,0x9ba0,0x9ba8,0x9bb4,0x9bc0,0x9bca,//	59840 [e9c0] 
0x9bb9,0x9bc6,0x9bcf,0x9bd1,0x9bd2,0x9be3,0x9be2,0x9be4,0x9bd4,0x9be1,//	59850 [e9ca] 
0x9c3a,0x9bf2,0x9bf1,0x9bf0,0x9c15,0x9c14,0x9c09,0x9c13,0x9c0c,0x9c06,//	59860 [e9d4] 
0x9c08,0x9c12,0x9c0a,0x9c04,0x9c2e,0x9c1b,0x9c25,0x9c24,0x9c21,0x9c30,//	59870 [e9de] 
0x9c47,0x9c32,0x9c46,0x9c3e,0x9c5a,0x9c60,0x9c67,0x9c76,0x9c78,0x9ce7,//	59880 [e9e8] 
0x9cec,0x9cf0,0x9d09,0x9d08,0x9ceb,0x9d03,0x9d06,0x9d2a,0x9d26,0x9daf,//	59890 [e9f2] 
0x9d23,0x9d1f,0x9d44,0x9d15,0x9d12,0x9d41,0x9d3f,0x9d3e,0x9d46,0x9d48,//	59900 [e9fc] 
0x0000,0x0000,0x0000,0x0000,0x0000,0x0000,0x0000,0x0000,0x0000,0x0000,//	59910 [ea06] 
0x0000,0x0000,0x0000,0x0000,0x0000,0x0000,0x0000,0x0000,0x0000,0x0000,//	59920 [ea10] 
0x0000,0x0000,0x0000,0x0000,0x0000,0x0000,0x0000,0x0000,0x0000,0x0000,//	59930 [ea1a] 
0x0000,0x0000,0x0000,0x0000,0x0000,0x0000,0x0000,0x0000,0x0000,0x0000,//	59940 [ea24] 
0x0000,0x0000,0x0000,0x0000,0x0000,0x0000,0x0000,0x0000,0x0000,0x0000,//	59950 [ea2e] 
0x0000,0x0000,0x0000,0x0000,0x0000,0x0000,0x0000,0x0000,0x0000,0x0000,//	59960 [ea38] 
0x0000,0x0000,0x0000,0x0000,0x0000,0x0000,0x0000,0x9d5d,0x9d5e,0x9d64,//	59970 [ea42] 
0x9d51,0x9d50,0x9d59,0x9d72,0x9d89,0x9d87,0x9dab,0x9d6f,0x9d7a,0x9d9a,//	59980 [ea4c] 
0x9da4,0x9da9,0x9db2,0x9dc4,0x9dc1,0x9dbb,0x9db8,0x9dba,0x9dc6,0x9dcf,//	59990 [ea56] 
0x9dc2,0x9dd9,0x9dd3,0x9df8,0x9de6,0x9ded,0x9def,0x9dfd,0x9e1a,0x9e1b,//	60000 [ea60] 
0x9e1e,0x9e75,0x9e79,0x9e7d,0x9e81,0x9e88,0x9e8b,0x9e8c,0x9e92,0x9e95,//	60010 [ea6a] 
0x9e91,0x9e9d,0x9ea5,0x9ea9,0x9eb8,0x9eaa,0x9ead,0x9761,0x9ecc,0x9ece,//	60020 [ea74] 
0x9ecf,0x9ed0,0x9ed4,0x9edc,0x9ede,0x9edd,0x9ee0,0x9ee5,0x9ee8,0x9eef,//	60030 [ea7e] 
0x0000,0x9ef4,0x9ef6,0x9ef7,0x9ef9,0x9efb,0x9efc,0x9efd,0x9f07,0x9f08,//	60040 [ea88] 
0x76b7,0x9f15,0x9f21,0x9f2c,0x9f3e,0x9f4a,0x9f52,0x9f54,0x9f63,0x9f5f,//	60050 [ea92] 
0x9f60,0x9f61,0x9f66,0x9f67,0x9f6c,0x9f6a,0x9f77,0x9f72,0x9f76,0x9f95,//	60060 [ea9c] 
0x9f9c,0x9fa0,0x582f,0x69c7,0x9059,0x7464,0x51dc,0x7199,0x0000,0x0000,//	60070 [eaa6] 
0x0000,0x0000,0x0000,0x0000,0x0000,0x0000,0x0000,0x0000,0x0000,0x0000,//	60080 [eab0] 
0x0000,0x0000,0x0000,0x0000,0x0000,0x0000,0x0000,0x0000,0x0000,0x0000,//	60090 [eaba] 
0x0000,0x0000,0x0000,0x0000,0x0000,0x0000,0x0000,0x0000,0x0000,0x0000,//	60100 [eac4] 
0x0000,0x0000,0x0000,0x0000,0x0000,0x0000,0x0000,0x0000,0x0000,0x0000,//	60110 [eace] 
0x0000,0x0000,0x0000,0x0000,0x0000,0x0000,0x0000,0x0000,0x0000,0x0000,//	60120 [ead8] 
0x0000,0x0000,0x0000,0x0000,0x0000,0x0000,0x0000,0x0000,0x0000,0x0000,//	60130 [eae2] 
0x0000,0x0000,0x0000,0x0000,0x0000,0x0000,0x0000,0x0000,0x0000,0x0000,//	60140 [eaec] 
0x0000,0x0000,0x0000,0x0000,0x0000,0x0000,0x0000,0x0000,0x0000,0x0000,//	60150 [eaf6] 
0x0000,0x0000,0x0000,0x0000,0x0000,0x0000,0x0000,0x0000,0x0000,0x0000,//	60160 [eb00] 
0x0000,0x0000,0x0000,0x0000,0x0000,0x0000,0x0000,0x0000,0x0000,0x0000,//	60170 [eb0a] 
0x0000,0x0000,0x0000,0x0000,0x0000,0x0000,0x0000,0x0000,0x0000,0x0000,//	60180 [eb14] 
0x0000,0x0000,0x0000,0x0000,0x0000,0x0000,0x0000,0x0000,0x0000,0x0000,//	60190 [eb1e] 
0x0000,0x0000,0x0000,0x0000,0x0000,0x0000,0x0000,0x0000,0x0000,0x0000,//	60200 [eb28] 
0x0000,0x0000,0x0000,0x0000,0x0000,0x0000,0x0000,0x0000,0x0000,0x0000,//	60210 [eb32] 
0x0000,0x0000,0x0000,0x0000,0x0000,0x0000,0x0000,0x0000,0x0000,0x0000,//	60220 [eb3c] 
0x0000,0x0000,0x0000,0x0000,0x0000,0x0000,0x0000,0x0000,0x0000,0x0000,//	60230 [eb46] 
0x0000,0x0000,0x0000,0x0000,0x0000,0x0000,0x0000,0x0000,0x0000,0x0000,//	60240 [eb50] 
0x0000,0x0000,0x0000,0x0000,0x0000,0x0000,0x0000,0x0000,0x0000,0x0000,//	60250 [eb5a] 
0x0000,0x0000,0x0000,0x0000,0x0000,0x0000,0x0000,0x0000,0x0000,0x0000,//	60260 [eb64] 
0x0000,0x0000,0x0000,0x0000,0x0000,0x0000,0x0000,0x0000,0x0000,0x0000,//	60270 [eb6e] 
0x0000,0x0000,0x0000,0x0000,0x0000,0x0000,0x0000,0x0000,0x0000,0x0000,//	60280 [eb78] 
0x0000,0x0000,0x0000,0x0000,0x0000,0x0000,0x0000,0x0000,0x0000,0x0000,//	60290 [eb82] 
0x0000,0x0000,0x0000,0x0000,0x0000,0x0000,0x0000,0x0000,0x0000,0x0000,//	60300 [eb8c] 
0x0000,0x0000,0x0000,0x0000,0x0000,0x0000,0x0000,0x0000,0x0000,0x0000,//	60310 [eb96] 
0x0000,0x0000,0x0000,0x0000,0x0000,0x0000,0x0000,0x0000,0x0000,0x0000,//	60320 [eba0] 
0x0000,0x0000,0x0000,0x0000,0x0000,0x0000,0x0000,0x0000,0x0000,0x0000,//	60330 [ebaa] 
0x0000,0x0000,0x0000,0x0000,0x0000,0x0000,0x0000,0x0000,0x0000,0x0000,//	60340 [ebb4] 
0x0000,0x0000,0x0000,0x0000,0x0000,0x0000,0x0000,0x0000,0x0000,0x0000,//	60350 [ebbe] 
0x0000,0x0000,0x0000,0x0000,0x0000,0x0000,0x0000,0x0000,0x0000,0x0000,//	60360 [ebc8] 
0x0000,0x0000,0x0000,0x0000,0x0000,0x0000,0x0000,0x0000,0x0000,0x0000,//	60370 [ebd2] 
0x0000,0x0000,0x0000,0x0000,0x0000,0x0000,0x0000,0x0000,0x0000,0x0000,//	60380 [ebdc] 
0x0000,0x0000,0x0000,0x0000,0x0000,0x0000,0x0000,0x0000,0x0000,0x0000,//	60390 [ebe6] 
0x0000,0x0000,0x0000,0x0000,0x0000,0x0000,0x0000,0x0000,0x0000,0x0000,//	60400 [ebf0] 
0x0000,0x0000,0x0000,0x0000,0x0000,0x0000,0x0000,0x0000,0x0000,0x0000,//	60410 [ebfa] 
0x0000,0x0000,0x0000,0x0000,0x0000,0x0000,0x0000,0x0000,0x0000,0x0000,//	60420 [ec04] 
0x0000,0x0000,0x0000,0x0000,0x0000,0x0000,0x0000,0x0000,0x0000,0x0000,//	60430 [ec0e] 
0x0000,0x0000,0x0000,0x0000,0x0000,0x0000,0x0000,0x0000,0x0000,0x0000,//	60440 [ec18] 
0x0000,0x0000,0x0000,0x0000,0x0000,0x0000,0x0000,0x0000,0x0000,0x0000,//	60450 [ec22] 
0x0000,0x0000,0x0000,0x0000,0x0000,0x0000,0x0000,0x0000,0x0000,0x0000,//	60460 [ec2c] 
0x0000,0x0000,0x0000,0x0000,0x0000,0x0000,0x0000,0x0000,0x0000,0x0000,//	60470 [ec36] 
0x0000,0x0000,0x0000,0x0000,0x0000,0x0000,0x0000,0x0000,0x0000,0x0000,//	60480 [ec40] 
0x0000,0x0000,0x0000,0x0000,0x0000,0x0000,0x0000,0x0000,0x0000,0x0000,//	60490 [ec4a] 
0x0000,0x0000,0x0000,0x0000,0x0000,0x0000,0x0000,0x0000,0x0000,0x0000,//	60500 [ec54] 
0x0000,0x0000,0x0000,0x0000,0x0000,0x0000,0x0000,0x0000,0x0000,0x0000,//	60510 [ec5e] 
0x0000,0x0000,0x0000,0x0000,0x0000,0x0000,0x0000,0x0000,0x0000,0x0000,//	60520 [ec68] 
0x0000,0x0000,0x0000,0x0000,0x0000,0x0000,0x0000,0x0000,0x0000,0x0000,//	60530 [ec72] 
0x0000,0x0000,0x0000,0x0000,0x0000,0x0000,0x0000,0x0000,0x0000,0x0000,//	60540 [ec7c] 
0x0000,0x0000,0x0000,0x0000,0x0000,0x0000,0x0000,0x0000,0x0000,0x0000,//	60550 [ec86] 
0x0000,0x0000,0x0000,0x0000,0x0000,0x0000,0x0000,0x0000,0x0000,0x0000,//	60560 [ec90] 
0x0000,0x0000,0x0000,0x0000,0x0000,0x0000,0x0000,0x0000,0x0000,0x0000,//	60570 [ec9a] 
0x0000,0x0000,0x0000,0x0000,0x0000,0x0000,0x0000,0x0000,0x0000,0x0000,//	60580 [eca4] 
0x0000,0x0000,0x0000,0x0000,0x0000,0x0000,0x0000,0x0000,0x0000,0x0000,//	60590 [ecae] 
0x0000,0x0000,0x0000,0x0000,0x0000,0x0000,0x0000,0x0000,0x0000,0x0000,//	60600 [ecb8] 
0x0000,0x0000,0x0000,0x0000,0x0000,0x0000,0x0000,0x0000,0x0000,0x0000,//	60610 [ecc2] 
0x0000,0x0000,0x0000,0x0000,0x0000,0x0000,0x0000,0x0000,0x0000,0x0000,//	60620 [eccc] 
0x0000,0x0000,0x0000,0x0000,0x0000,0x0000,0x0000,0x0000,0x0000,0x0000,//	60630 [ecd6] 
0x0000,0x0000,0x0000,0x0000,0x0000,0x0000,0x0000,0x0000,0x0000,0x0000,//	60640 [ece0] 
0x0000,0x0000,0x0000,0x0000,0x0000,0x0000,0x0000,0x0000,0x0000,0x0000,//	60650 [ecea] 
0x0000,0x0000,0x0000,0x0000,0x0000,0x0000,0x0000,0x0000,0x0000,0x0000,//	60660 [ecf4] 
0x0000,0x0000,0x0000,0x0000,0x0000,0x0000,0x0000,0x0000,0x0000,0x0000,//	60670 [ecfe] 
0x0000,0x0000,0x0000,0x0000,0x0000,0x0000,0x0000,0x0000,0x0000,0x0000,//	60680 [ed08] 
0x0000,0x0000,0x0000,0x0000,0x0000,0x0000,0x0000,0x0000,0x0000,0x0000,//	60690 [ed12] 
0x0000,0x0000,0x0000,0x0000,0x0000,0x0000,0x0000,0x0000,0x0000,0x0000,//	60700 [ed1c] 
0x0000,0x0000,0x0000,0x0000,0x0000,0x0000,0x0000,0x0000,0x0000,0x0000,//	60710 [ed26] 
0x0000,0x0000,0x0000,0x0000,0x0000,0x0000,0x0000,0x0000,0x0000,0x0000,//	60720 [ed30] 
0x0000,0x0000,0x0000,0x0000,0x0000,0x0000,0x0000,0x0000,0x0000,0x0000,//	60730 [ed3a] 
0x0000,0x0000,0x0000,0x0000,0x0000,0x7e8a,0x891c,0x9348,0x9288,0x84dc,//	60740 [ed44] 
0x4fc9,0x70bb,0x6631,0x68c8,0x92f9,0x66fb,0x5f45,0x4e28,0x4ee1,0x4efc,//	60750 [ed4e] 
0x4f00,0x4f03,0x4f39,0x4f56,0x4f92,0x4f8a,0x4f9a,0x4f94,0x4fcd,0x5040,//	60760 [ed58] 
0x5022,0x4fff,0x501e,0x5046,0x5070,0x5042,0x5094,0x50f4,0x50d8,0x514a,//	60770 [ed62] 
0x5164,0x519d,0x51be,0x51ec,0x5215,0x529c,0x52a6,0x52c0,0x52db,0x5300,//	60780 [ed6c] 
0x5307,0x5324,0x5372,0x5393,0x53b2,0x53dd,0xfa0e,0x549c,0x548a,0x54a9,//	60790 [ed76] 
0x54ff,0x5586,0x5759,0x5765,0x57ac,0x57c8,0x57c7,0xfa0f,0x0000,0xfa10,//	60800 [ed80] 
0x589e,0x58b2,0x590b,0x5953,0x595b,0x595d,0x5963,0x59a4,0x59ba,0x5b56,//	60810 [ed8a] 
0x5bc0,0x752f,0x5bd8,0x5bec,0x5c1e,0x5ca6,0x5cba,0x5cf5,0x5d27,0x5d53,//	60820 [ed94] 
0xfa11,0x5d42,0x5d6d,0x5db8,0x5db9,0x5dd0,0x5f21,0x5f34,0x5f67,0x5fb7,//	60830 [ed9e] 
0x5fde,0x605d,0x6085,0x608a,0x60de,0x60d5,0x6120,0x60f2,0x6111,0x6137,//	60840 [eda8] 
0x6130,0x6198,0x6213,0x62a6,0x63f5,0x6460,0x649d,0x64ce,0x654e,0x6600,//	60850 [edb2] 
0x6615,0x663b,0x6609,0x662e,0x661e,0x6624,0x6665,0x6657,0x6659,0xfa12,//	60860 [edbc] 
0x6673,0x6699,0x66a0,0x66b2,0x66bf,0x66fa,0x670e,0xf929,0x6766,0x67bb,//	60870 [edc6] 
0x6852,0x67c0,0x6801,0x6844,0x68cf,0xfa13,0x6968,0xfa14,0x6998,0x69e2,//	60880 [edd0] 
0x6a30,0x6a6b,0x6a46,0x6a73,0x6a7e,0x6ae2,0x6ae4,0x6bd6,0x6c3f,0x6c5c,//	60890 [edda] 
0x6c86,0x6c6f,0x6cda,0x6d04,0x6d87,0x6d6f,0x6d96,0x6dac,0x6dcf,0x6df8,//	60900 [ede4] 
0x6df2,0x6dfc,0x6e39,0x6e5c,0x6e27,0x6e3c,0x6ebf,0x6f88,0x6fb5,0x6ff5,//	60910 [edee] 
0x7005,0x7007,0x7028,0x7085,0x70ab,0x710f,0x7104,0x715c,0x7146,0x7147,//	60920 [edf8] 
0xfa15,0x71c1,0x71fe,0x72b1,0x0000,0x0000,0x0000,0x0000,0x0000,0x0000,//	60930 [ee02] 
0x0000,0x0000,0x0000,0x0000,0x0000,0x0000,0x0000,0x0000,0x0000,0x0000,//	60940 [ee0c] 
0x0000,0x0000,0x0000,0x0000,0x0000,0x0000,0x0000,0x0000,0x0000,0x0000,//	60950 [ee16] 
0x0000,0x0000,0x0000,0x0000,0x0000,0x0000,0x0000,0x0000,0x0000,0x0000,//	60960 [ee20] 
0x0000,0x0000,0x0000,0x0000,0x0000,0x0000,0x0000,0x0000,0x0000,0x0000,//	60970 [ee2a] 
0x0000,0x0000,0x0000,0x0000,0x0000,0x0000,0x0000,0x0000,0x0000,0x0000,//	60980 [ee34] 
0x0000,0x0000,0x0000,0x0000,0x0000,0x0000,0x0000,0x0000,0x0000,0x0000,//	60990 [ee3e] 
0x0000,0x72be,0x7324,0xfa16,0x7377,0x73bd,0x73c9,0x73d6,0x73e3,0x73d2,//	61000 [ee48] 
0x7407,0x73f5,0x7426,0x742a,0x7429,0x742e,0x7462,0x7489,0x749f,0x7501,//	61010 [ee52] 
0x756f,0x7682,0x769c,0x769e,0x769b,0x76a6,0xfa17,0x7746,0x52af,0x7821,//	61020 [ee5c] 
0x784e,0x7864,0x787a,0x7930,0xfa18,0xfa19,0xfa1a,0x7994,0xfa1b,0x799b,//	61030 [ee66] 
0x7ad1,0x7ae7,0xfa1c,0x7aeb,0x7b9e,0xfa1d,0x7d48,0x7d5c,0x7db7,0x7da0,//	61040 [ee70] 
0x7dd6,0x7e52,0x7f47,0x7fa1,0xfa1e,0x8301,0x8362,0x837f,0x83c7,0x83f6,//	61050 [ee7a] 
0x8448,0x84b4,0x8553,0x8559,0x0000,0x856b,0xfa1f,0x85b0,0xfa20,0xfa21,//	61060 [ee84] 
0x8807,0x88f5,0x8a12,0x8a37,0x8a79,0x8aa7,0x8abe,0x8adf,0xfa22,0x8af6,//	61070 [ee8e] 
0x8b53,0x8b7f,0x8cf0,0x8cf4,0x8d12,0x8d76,0xfa23,0x8ecf,0xfa24,0xfa25,//	61080 [ee98] 
0x9067,0x90de,0xfa26,0x9115,0x9127,0x91da,0x91d7,0x91de,0x91ed,0x91ee,//	61090 [eea2] 
0x91e4,0x91e5,0x9206,0x9210,0x920a,0x923a,0x9240,0x923c,0x924e,0x9259,//	61100 [eeac] 
0x9251,0x9239,0x9267,0x92a7,0x9277,0x9278,0x92e7,0x92d7,0x92d9,0x92d0,//	61110 [eeb6] 
0xfa27,0x92d5,0x92e0,0x92d3,0x9325,0x9321,0x92fb,0xfa28,0x931e,0x92ff,//	61120 [eec0] 
0x931d,0x9302,0x9370,0x9357,0x93a4,0x93c6,0x93de,0x93f8,0x9431,0x9445,//	61130 [eeca] 
0x9448,0x9592,0xf9dc,0xfa29,0x969d,0x96af,0x9733,0x973b,0x9743,0x974d,//	61140 [eed4] 
0x974f,0x9751,0x9755,0x9857,0x9865,0xfa2a,0xfa2b,0x9927,0xfa2c,0x999e,//	61150 [eede] 
0x9a4e,0x9ad9,0x9adc,0x9b75,0x9b72,0x9b8f,0x9bb1,0x9bbb,0x9c00,0x9d70,//	61160 [eee8] 
0x9d6b,0xfa2d,0x9e19,0x9ed1,0x0000,0x0000,0x2170,0x2171,0x2172,0x2173,//	61170 [eef2] 
0x2174,0x2175,0x2176,0x2177,0x2178,0x2179,0xffe2,0xffe4,0xff07,0xff02//	    61180 [eefc]
}; //End this file.

 const uint16 C22[] = {
0x2170,
0x2171, 0x2172, 0x2173, 0x2174, 0x2175, 0x2176, 0x2177, 0x2178,
0x2179, 0x2160, 0x2161, 0x2162, 0x2163, 0x2164, 0x2165, 0x2166,
0x2167, 0x2168, 0x2169, 0xFFE2, 0xFFE4, 0xFF07, 0xFF02, 0x3231,
0x2116, 0x2121, 0x2235, 0x7E8A, 0x891C, 0x9348, 0x9288, 0x84DC,
0x4FC9, 0x70BB, 0x6631, 0x68C8, 0x92F9, 0x66FB, 0x5F45, 0x4E28,
0x4EE1, 0x4EFC, 0x4F00, 0x4F03, 0x4F39, 0x4F56, 0x4F92, 0x4F8A,
0x4F9A, 0x4F94, 0x4FCD, 0x5040, 0x5022, 0x4FFF, 0x501E, 0x5046,
0x5070, 0x5042, 0x5094, 0x50F4, 0x50D8, 0x514A, 0x0000, 0x5164,
0x519D, 0x51BE, 0x51EC, 0x5215, 0x529C, 0x52A6, 0x52C0, 0x52DB, 
0x5300, 0x5307, 0x5324, 0x5372, 0x5393, 0x53B2, 0x53DD, 0xFA0E, 
0x549C, 0x548A, 0x54A9, 0x54FF, 0x5586, 0x5759, 0x5765, 0x57AC, 
0x57C8, 0x57C7, 0xFA0F, 0xFA10, 0x589E, 0x58B2, 0x590B, 0x5953, 
0x595B, 0x595D, 0x5963, 0x59A4, 0x59BA, 0x5B56, 0x5BC0, 0x752F, 
0x5BD8, 0x5BEC, 0x5C1E, 0x5CA6, 0x5CBA, 0x5CF5, 0x5D27, 0x5D53, 
0xFA11, 0x5D42, 0x5D6D, 0x5DB8, 0x5DB9, 0x5DD0, 0x5F21, 0x5F34, 
0x5F67, 0x5FB7, 0x5FDE, 0x605D, 0x6085, 0x608A, 0x60DE, 0x60D5, 
0x6120, 0x60F2, 0x6111, 0x6137, 0x6130, 0x6198, 0x6213, 0x62A6, 
0x63F5, 0x6460, 0x649D, 0x64CE, 0x654E, 0x6600, 0x6615, 0x663B, 
0x6609, 0x662E, 0x661E, 0x6624, 0x6665, 0x6657, 0x6659, 0xFA12, 
0x6673, 0x6699, 0x66A0, 0x66B2, 0x66BF, 0x66FA, 0x670E, 0xF929, 
0x6766, 0x67BB, 0x6852, 0x67C0, 0x6801, 0x6844, 0x68CF, 0xFA13, 
0x6968, 0xFA14, 0x6998, 0x69E2, 0x6A30, 0x6A6B, 0x6A46, 0x6A73, 
0x6A7E, 0x6AE2, 0x6AE4, 0x6BD6, 0x6C3F, 0x6C5C, 0x6C86, 0x6C6F, 
0x6CDA, 0x6D04, 0x6D87, 0x6D6F, 0x6D96, 0x6DAC, 0x6DCF, 0x6DF8,
0x6DF2, 0x6DFC, 0x6E39, 0x6E5C, 0x6E27, 0x6E3C, 0x6EBF, 0x6F88, 
0x6FB5, 0x6FF5, 0x7005, 0x7007, 0x7028, 0x7085, 0x70AB, 0x710F,
0x7104, 0x715C, 0x7146, 0x7147, 0xFA15, 0x71C1, 0x71FE, 0x72B1, 
0x72BE, 0x7324, 0xFA16, 0x7377, 0x73BD, 0x73C9, 0x73D6, 0x73E3,
0x73D2, 0x7407, 0x73F5, 0x7426, 0x742A, 0x7429, 0x742E, 0x7462, 
0x7489, 0x749F, 0x7501, 0x756F, 0x7682, 0x769C, 0x769E, 0x769B,
0x76A6, 0xFA17, 0x7746, 0x52AF, 0x7821, 0x784E, 0x7864, 0x787A, 
0x7930, 0xFA18, 0xFA19, 0x0000, 0xFA1A, 0x7994, 0xFA1B, 0x799B, 
0x7AD1, 0x7AE7, 0xFA1C, 0x7AEB, 0x7B9E, 0xFA1D, 0x7D48, 0x7D5C, 
0x7DB7, 0x7DA0, 0x7DD6, 0x7E52, 0x7F47, 0x7FA1, 0xFA1E, 0x8301, 
0x8362, 0x837F, 0x83C7, 0x83F6, 0x8448, 0x84B4, 0x8553, 0x8559, 
0x856B, 0xFA1F, 0x85B0, 0xFA20, 0xFA21, 0x8807, 0x88F5, 0x8A12, 
0x8A37, 0x8A79, 0x8AA7, 0x8ABE, 0x8ADF, 0xFA22, 0x8AF6, 0x8B53, 
0x8B7F, 0x8CF0, 0x8CF4, 0x8D12, 0x8D76, 0xFA23, 0x8ECF, 0xFA24,
0xFA25, 0x9067, 0x90DE, 0xFA26, 0x9115, 0x9127, 0x91DA, 0x91D7, 
0x91DE, 0x91ED, 0x91EE, 0x91E4, 0x91E5, 0x9206, 0x9210, 0x920A,
0x923A, 0x9240, 0x923C, 0x924E, 0x9259, 0x9251, 0x9239, 0x9267,
0x92A7, 0x9277, 0x9278, 0x92E7, 0x92D7, 0x92D9, 0x92D0, 0xFA27, 
0x92D5, 0x92E0, 0x92D3, 0x9325, 0x9321, 0x92FB, 0xFA28, 0x931E, 
0x92FF, 0x931D, 0x9302, 0x9370, 0x9357, 0x93A4, 0x93C6, 0x93DE, 
0x93F8, 0x9431, 0x9445, 0x9448, 0x9592, 0xF9DC, 0xFA29, 0x969D,
0x96AF, 0x9733, 0x973B, 0x9743, 0x974D, 0x974F, 0x9751, 0x9755,
0x9857, 0x9865, 0xFA2A, 0xFA2B, 0x9927, 0xFA2C, 0x999E, 0x9A4E,
0x9AD9, 0x9ADC, 0x9B75, 0x9B72, 0x9B8F, 0x9BB1, 0x9BBB, 0x9C00,
0x9D70, 0x9D6B, 0xFA2D, 0x9E19, 0x9ED1};

 const uint16 C50[] = {
0x3000,//	41280 [a140] 
0xff0c,0x3001,0x3002,0xff0e,0x2022,0xff1b,0xff1a,0xff1f,0xff01,0xfe30,//	41290 [a14a] 
0x2026,0x2025,0xfe50,0xff64,0xfe52,0x00b7,0xfe54,0xfe55,0xfe56,0xfe57,//	41300 [a154] 
0xff5c,0x2013,0xfe31,0x2014,0xfe33,0x2574,0xfe34,0xfe4f,0xff08,0xff09,//	41310 [a15e] 
0xfe35,0xfe36,0xff5b,0xff5d,0xfe37,0xfe38,0x3014,0x3015,0xfe39,0xfe3a,//	41320 [a168] 
0x3010,0x3011,0xfe3b,0xfe3c,0x300a,0x300b,0xfe3d,0xfe3e,0x3008,0x3009,//	41330 [a172] 
0xfe3f,0xfe40,0x300c,0x300d,0xfe41,0xfe42,0x300e,0x300f,0xfe43,0xfe44,//	41340 [a17c] 
0xfe59,0xfe5a,0x0000,0x0000,0x0000,0x0000,0x0000,0x0000,0x0000,0x0000,//	41350 [a186] 
0x0000,0x0000,0x0000,0x0000,0x0000,0x0000,0x0000,0x0000,0x0000,0x0000,//	41360 [a190] 
0x0000,0x0000,0x0000,0x0000,0x0000,0x0000,0x0000,0x0000,0x0000,0x0000,//	41370 [a19a] 
0x0000,0x0000,0x0000,0x0000,0x0000,0x0000,0xfe5b,0xfe5c,0xfe5d,0xfe5e,//	41380 [a1a4] 
0x2018,0x2019,0x201c,0x201d,0x301d,0x301e,0x2035,0x2032,0xff03,0xff06,//	41390 [a1ae] 
0xff0a,0x203b,0x00a7,0x3003,0x25cb,0x25cf,0x25b3,0x25b2,0x25ce,0x2606,//	41400 [a1b8] 
0x2605,0x25c7,0x25c6,0x25a1,0x25a0,0x25bd,0x25bc,0x32a3,0x2105,0x00af,//	41410 [a1c2] 
0xffe3,0xff3f,0x02cd,0xfe49,0xfe4a,0xfe4d,0xfe4e,0xfe4b,0xfe4c,0xfe5f,//	41420 [a1cc] 
0xfe60,0xfe61,0xff0b,0xff0d,0x00d7,0x00f7,0x00b1,0x221a,0xff1c,0xff1e,//	41430 [a1d6] 
0xff1d,0x2266,0x2267,0x2260,0x221e,0x2252,0x2261,0xfe62,0xfe63,0xfe64,//	41440 [a1e0] 
0xfe65,0xfe66,0xff5e,0x2229,0x222a,0x22a5,0x2220,0x221f,0x22bf,0x33d2,//	41450 [a1ea] 
0x33d1,0x222b,0x222e,0x2235,0x2234,0x2640,0x2642,0x2295,0x2299,0x2191,//	41460 [a1f4] 
0x2193,0x2190,0x2192,0x2196,0x2197,0x2199,0x2198,0x2225,0x2223,0xff0f,//	41470 [a1fe] 
0x0000,0x0000,0x0000,0x0000,0x0000,0x0000,0x0000,0x0000,0x0000,0x0000,//	41480 [a208] 
0x0000,0x0000,0x0000,0x0000,0x0000,0x0000,0x0000,0x0000,0x0000,0x0000,//	41490 [a212] 
0x0000,0x0000,0x0000,0x0000,0x0000,0x0000,0x0000,0x0000,0x0000,0x0000,//	41500 [a21c] 
0x0000,0x0000,0x0000,0x0000,0x0000,0x0000,0x0000,0x0000,0x0000,0x0000,//	41510 [a226] 
0x0000,0x0000,0x0000,0x0000,0x0000,0x0000,0x0000,0x0000,0x0000,0x0000,//	41520 [a230] 
0x0000,0x0000,0x0000,0x0000,0x0000,0x0000,0x0000,0x0000,0x0000,0x0000,//	41530 [a23a] 
0x0000,0x0000,0x0000,0x0000,0x0000,0xff3c,0x2215,0xfe68,0xff04,0xffe5,//	41540 [a244] 
0x3012,0xffe0,0xffe1,0xff05,0xff20,0x2103,0x2109,0xfe69,0xfe6a,0xfe6b,//	41550 [a24e] 
0x33d5,0x339c,0x339d,0x339e,0x33ce,0x33a1,0x338e,0x338f,0x33c4,0x00b0,//	41560 [a258] 
0x5159,0x515b,0x515e,0x515d,0x5161,0x5163,0x55e7,0x74e9,0x7cce,0x2581,//	41570 [a262] 
0x2582,0x2583,0x2584,0x2585,0x2586,0x2587,0x2588,0x258f,0x258e,0x258d,//	41580 [a26c] 
0x258c,0x258b,0x258a,0x2589,0x253c,0x2534,0x252c,0x2524,0x251c,0x2594,//	41590 [a276] 
0x2500,0x2502,0x2595,0x250c,0x2510,0x2514,0x2518,0x256d,0x0000,0x0000,//	41600 [a280] 
0x0000,0x0000,0x0000,0x0000,0x0000,0x0000,0x0000,0x0000,0x0000,0x0000,//	41610 [a28a] 
0x0000,0x0000,0x0000,0x0000,0x0000,0x0000,0x0000,0x0000,0x0000,0x0000,//	41620 [a294] 
0x0000,0x0000,0x0000,0x0000,0x0000,0x0000,0x0000,0x0000,0x0000,0x0000,//	41630 [a29e] 
0x0000,0x0000,0x256e,0x2570,0x256f,0x2550,0x255e,0x256a,0x2561,0x25e2,//	41640 [a2a8] 
0x25e3,0x25e5,0x25e4,0x2571,0x2572,0x2573,0xff10,0xff11,0xff12,0xff13,//	41650 [a2b2] 
0xff14,0xff15,0xff16,0xff17,0xff18,0xff19,0x2160,0x2161,0x2162,0x2163,//	41660 [a2bc] 
0x2164,0x2165,0x2166,0x2167,0x2168,0x2169,0x3021,0x3022,0x3023,0x3024,//	41670 [a2c6] 
0x3025,0x3026,0x3027,0x3028,0x3029,0x5341,0x5344,0x5345,0xff21,0xff22,//	41680 [a2d0] 
0xff23,0xff24,0xff25,0xff26,0xff27,0xff28,0xff29,0xff2a,0xff2b,0xff2c,//	41690 [a2da] 
0xff2d,0xff2e,0xff2f,0xff30,0xff31,0xff32,0xff33,0xff34,0xff35,0xff36,//	41700 [a2e4] 
0xff37,0xff38,0xff39,0xff3a,0xff41,0xff42,0xff43,0xff44,0xff45,0xff46,//	41710 [a2ee] 
0xff47,0xff48,0xff49,0xff4a,0xff4b,0xff4c,0xff4d,0xff4e,0xff4f,0xff50,//	41720 [a2f8] 
0xff51,0xff52,0xff53,0xff54,0xff55,0xff56,0x0000,0x0000,0x0000,0x0000,//	41730 [a302] 
0x0000,0x0000,0x0000,0x0000,0x0000,0x0000,0x0000,0x0000,0x0000,0x0000,//	41740 [a30c] 
0x0000,0x0000,0x0000,0x0000,0x0000,0x0000,0x0000,0x0000,0x0000,0x0000,//	41750 [a316] 
0x0000,0x0000,0x0000,0x0000,0x0000,0x0000,0x0000,0x0000,0x0000,0x0000,//	41760 [a320] 
0x0000,0x0000,0x0000,0x0000,0x0000,0x0000,0x0000,0x0000,0x0000,0x0000,//	41770 [a32a] 
0x0000,0x0000,0x0000,0x0000,0x0000,0x0000,0x0000,0x0000,0x0000,0x0000,//	41780 [a334] 
0x0000,0x0000,0x0000,0x0000,0x0000,0x0000,0x0000,0x0000,0x0000,0x0000,//	41790 [a33e] 
0x0000,0xff57,0xff58,0xff59,0xff5a,0x0391,0x0392,0x0393,0x0394,0x0395,//	41800 [a348] 
0x0396,0x0397,0x0398,0x0399,0x039a,0x039b,0x039c,0x039d,0x039e,0x039f,//	41810 [a352] 
0x03a0,0x03a1,0x03a3,0x03a4,0x03a5,0x03a6,0x03a7,0x03a8,0x03a9,0x03b1,//	41820 [a35c] 
0x03b2,0x03b3,0x03b4,0x03b5,0x03b6,0x03b7,0x03b8,0x03b9,0x03ba,0x03bb,//	41830 [a366] 
0x03bc,0x03bd,0x03be,0x03bf,0x03c0,0x03c1,0x03c3,0x03c4,0x03c5,0x03c6,//	41840 [a370] 
0x03c7,0x03c8,0x03c9,0x3105,0x3106,0x3107,0x3108,0x3109,0x310a,0x310b,//	41850 [a37a] 
0x310c,0x310d,0x310e,0x310f,0x0000,0x0000,0x0000,0x0000,0x0000,0x0000,//	41860 [a384] 
0x0000,0x0000,0x0000,0x0000,0x0000,0x0000,0x0000,0x0000,0x0000,0x0000,//	41870 [a38e] 
0x0000,0x0000,0x0000,0x0000,0x0000,0x0000,0x0000,0x0000,0x0000,0x0000,//	41880 [a398] 
0x0000,0x0000,0x0000,0x0000,0x0000,0x0000,0x0000,0x0000,0x3110,0x3111,//	41890 [a3a2] 
0x3112,0x3113,0x3114,0x3115,0x3116,0x3117,0x3118,0x3119,0x311a,0x311b,//	41900 [a3ac] 
0x311c,0x311d,0x311e,0x311f,0x3120,0x3121,0x3122,0x3123,0x3124,0x3125,//	41910 [a3b6] 
0x3126,0x3127,0x3128,0x3129,0x02d9,0x02c9,0x02ca,0x02c7,0x02cb,0x0000,//	41920 [a3c0] 
0x0000,0x0000,0x0000,0x0000,0x0000,0x0000,0x0000,0x0000,0x0000,0x0000,//	41930 [a3ca] 
0x0000,0x0000,0x0000,0x0000,0x0000,0x0000,0x0000,0x0000,0x0000,0x0000,//	41940 [a3d4] 
0x0000,0x0000,0x0000,0x0000,0x0000,0x0000,0x0000,0x0000,0x0000,0x0000,//	41950 [a3de] 
0x0000,0x0000,0x20ac,0x0000,0x0000,0x0000,0x0000,0x0000,0x0000,0x0000,//	41960 [a3e8] 
0x0000,0x0000,0x0000,0x0000,0x0000,0x0000,0x0000,0x0000,0x0000,0x0000,//	41970 [a3f2] 
0x0000,0x0000,0x0000,0x0000,0x0000,0x0000,0x0000,0x0000,0x0000,0x0000,//	41980 [a3fc] 
0x0000,0x0000,0x0000,0x0000,0x0000,0x0000,0x0000,0x0000,0x0000,0x0000,//	41990 [a406] 
0x0000,0x0000,0x0000,0x0000,0x0000,0x0000,0x0000,0x0000,0x0000,0x0000,//	42000 [a410] 
0x0000,0x0000,0x0000,0x0000,0x0000,0x0000,0x0000,0x0000,0x0000,0x0000,//	42010 [a41a] 
0x0000,0x0000,0x0000,0x0000,0x0000,0x0000,0x0000,0x0000,0x0000,0x0000,//	42020 [a424] 
0x0000,0x0000,0x0000,0x0000,0x0000,0x0000,0x0000,0x0000,0x0000,0x0000,//	42030 [a42e] 
0x0000,0x0000,0x0000,0x0000,0x0000,0x0000,0x0000,0x0000,0x0000,0x0000,//	42040 [a438] 
0x0000,0x0000,0x0000,0x0000,0x0000,0x0000,0x0000,0x4e00,0x4e59,0x4e01,//	42050 [a442] 
0x4e03,0x4e43,0x4e5d,0x4e86,0x4e8c,0x4eba,0x513f,0x5165,0x516b,0x51e0,//	42060 [a44c] 
0x5200,0x5201,0x529b,0x5315,0x5341,0x535c,0x53c8,0x4e09,0x4e0b,0x4e08,//	42070 [a456] 
0x4e0a,0x4e2b,0x4e38,0x51e1,0x4e45,0x4e48,0x4e5f,0x4e5e,0x4e8e,0x4ea1,//	42080 [a460] 
0x5140,0x5203,0x52fa,0x5343,0x53c9,0x53e3,0x571f,0x58eb,0x5915,0x5927,//	42090 [a46a] 
0x5973,0x5b50,0x5b51,0x5b53,0x5bf8,0x5c0f,0x5c22,0x5c38,0x5c71,0x5ddd,//	42100 [a474] 
0x5de5,0x5df1,0x5df2,0x5df3,0x5dfe,0x5e72,0x5efe,0x5f0b,0x5f13,0x624d,//	42110 [a47e] 
0x0000,0x0000,0x0000,0x0000,0x0000,0x0000,0x0000,0x0000,0x0000,0x0000,//	42120 [a488] 
0x0000,0x0000,0x0000,0x0000,0x0000,0x0000,0x0000,0x0000,0x0000,0x0000,//	42130 [a492] 
0x0000,0x0000,0x0000,0x0000,0x0000,0x0000,0x0000,0x0000,0x0000,0x0000,//	42140 [a49c] 
0x0000,0x0000,0x0000,0x0000,0x4e11,0x4e10,0x4e0d,0x4e2d,0x4e30,0x4e39,//	42150 [a4a6] 
0x4e4b,0x5c39,0x4e88,0x4e91,0x4e95,0x4e92,0x4e94,0x4ea2,0x4ec1,0x4ec0,//	42160 [a4b0] 
0x4ec3,0x4ec6,0x4ec7,0x4ecd,0x4eca,0x4ecb,0x4ec4,0x5143,0x5141,0x5167,//	42170 [a4ba] 
0x516d,0x516e,0x516c,0x5197,0x51f6,0x5206,0x5207,0x5208,0x52fb,0x52fe,//	42180 [a4c4] 
0x52ff,0x5316,0x5339,0x5348,0x5347,0x5345,0x535e,0x5384,0x53cb,0x53ca,//	42190 [a4ce] 
0x53cd,0x58ec,0x5929,0x592b,0x592a,0x592d,0x5b54,0x5c11,0x5c24,0x5c3a,//	42200 [a4d8] 
0x5c6f,0x5df4,0x5e7b,0x5eff,0x5f14,0x5f15,0x5fc3,0x6208,0x6236,0x624b,//	42210 [a4e2] 
0x624e,0x652f,0x6587,0x6597,0x65a4,0x65b9,0x65e5,0x66f0,0x6708,0x6728,//	42220 [a4ec] 
0x6b20,0x6b62,0x6b79,0x6bcb,0x6bd4,0x6bdb,0x6c0f,0x6c34,0x706b,0x722a,//	42230 [a4f6] 
0x7236,0x723b,0x7247,0x7259,0x725b,0x72ac,0x738b,0x4e19,0x0000,0x0000,//	42240 [a500] 
0x0000,0x0000,0x0000,0x0000,0x0000,0x0000,0x0000,0x0000,0x0000,0x0000,//	42250 [a50a] 
0x0000,0x0000,0x0000,0x0000,0x0000,0x0000,0x0000,0x0000,0x0000,0x0000,//	42260 [a514] 
0x0000,0x0000,0x0000,0x0000,0x0000,0x0000,0x0000,0x0000,0x0000,0x0000,//	42270 [a51e] 
0x0000,0x0000,0x0000,0x0000,0x0000,0x0000,0x0000,0x0000,0x0000,0x0000,//	42280 [a528] 
0x0000,0x0000,0x0000,0x0000,0x0000,0x0000,0x0000,0x0000,0x0000,0x0000,//	42290 [a532] 
0x0000,0x0000,0x0000,0x0000,0x0000,0x0000,0x0000,0x0000,0x0000,0x0000,//	42300 [a53c] 
0x0000,0x0000,0x0000,0x4e16,0x4e15,0x4e14,0x4e18,0x4e3b,0x4e4d,0x4e4f,//	42310 [a546] 
0x4e4e,0x4ee5,0x4ed8,0x4ed4,0x4ed5,0x4ed6,0x4ed7,0x4ee3,0x4ee4,0x4ed9,//	42320 [a550] 
0x4ede,0x5145,0x5144,0x5189,0x518a,0x51ac,0x51f9,0x51fa,0x51f8,0x520a,//	42330 [a55a] 
0x52a0,0x529f,0x5305,0x5306,0x5317,0x531d,0x4edf,0x534a,0x5349,0x5361,//	42340 [a564] 
0x5360,0x536f,0x536e,0x53bb,0x53ef,0x53e4,0x53f3,0x53ec,0x53ee,0x53e9,//	42350 [a56e] 
0x53e8,0x53fc,0x53f8,0x53f5,0x53eb,0x53e6,0x53ea,0x53f2,0x53f1,0x53f0,//	42360 [a578] 
0x53e5,0x53ed,0x53fb,0x56db,0x56da,0x5916,0x0000,0x0000,0x0000,0x0000,//	42370 [a582] 
0x0000,0x0000,0x0000,0x0000,0x0000,0x0000,0x0000,0x0000,0x0000,0x0000,//	42380 [a58c] 
0x0000,0x0000,0x0000,0x0000,0x0000,0x0000,0x0000,0x0000,0x0000,0x0000,//	42390 [a596] 
0x0000,0x0000,0x0000,0x0000,0x0000,0x0000,0x0000,0x0000,0x0000,0x0000,//	42400 [a5a0] 
0x592e,0x5931,0x5974,0x5976,0x5b55,0x5b83,0x5c3c,0x5de8,0x5de7,0x5de6,//	42410 [a5aa] 
0x5e02,0x5e03,0x5e73,0x5e7c,0x5f01,0x5f18,0x5f17,0x5fc5,0x620a,0x6253,//	42420 [a5b4] 
0x6254,0x6252,0x6251,0x65a5,0x65e6,0x672e,0x672c,0x672a,0x672b,0x672d,//	42430 [a5be] 
0x6b63,0x6bcd,0x6c11,0x6c10,0x6c38,0x6c41,0x6c40,0x6c3e,0x72af,0x7384,//	42440 [a5c8] 
0x7389,0x74dc,0x74e6,0x7518,0x751f,0x7528,0x7529,0x7530,0x7531,0x7532,//	42450 [a5d2] 
0x7533,0x758b,0x767d,0x76ae,0x76bf,0x76ee,0x77db,0x77e2,0x77f3,0x793a,//	42460 [a5dc] 
0x79be,0x7a74,0x7acb,0x4e1e,0x4e1f,0x4e52,0x4e53,0x4e69,0x4e99,0x4ea4,//	42470 [a5e6] 
0x4ea6,0x4ea5,0x4eff,0x4f09,0x4f19,0x4f0a,0x4f15,0x4f0d,0x4f10,0x4f11,//	42480 [a5f0] 
0x4f0f,0x4ef2,0x4ef6,0x4efb,0x4ef0,0x4ef3,0x4efd,0x4f01,0x4f0b,0x5149,//	42490 [a5fa] 
0x5147,0x5146,0x5148,0x5168,0x0000,0x0000,0x0000,0x0000,0x0000,0x0000,//	42500 [a604] 
0x0000,0x0000,0x0000,0x0000,0x0000,0x0000,0x0000,0x0000,0x0000,0x0000,//	42510 [a60e] 
0x0000,0x0000,0x0000,0x0000,0x0000,0x0000,0x0000,0x0000,0x0000,0x0000,//	42520 [a618] 
0x0000,0x0000,0x0000,0x0000,0x0000,0x0000,0x0000,0x0000,0x0000,0x0000,//	42530 [a622] 
0x0000,0x0000,0x0000,0x0000,0x0000,0x0000,0x0000,0x0000,0x0000,0x0000,//	42540 [a62c] 
0x0000,0x0000,0x0000,0x0000,0x0000,0x0000,0x0000,0x0000,0x0000,0x0000,//	42550 [a636] 
0x0000,0x0000,0x0000,0x0000,0x0000,0x0000,0x0000,0x0000,0x0000,0x5171,//	42560 [a640] 
0x518d,0x51b0,0x5217,0x5211,0x5212,0x520e,0x5216,0x52a3,0x5308,0x5321,//	42570 [a64a] 
0x5320,0x5370,0x5371,0x5409,0x540f,0x540c,0x540a,0x5410,0x5401,0x540b,//	42580 [a654] 
0x5404,0x5411,0x540d,0x5408,0x5403,0x540e,0x5406,0x5412,0x56e0,0x56de,//	42590 [a65e] 
0x56dd,0x5733,0x5730,0x5728,0x572d,0x572c,0x572f,0x5729,0x5919,0x591a,//	42600 [a668] 
0x5937,0x5938,0x5984,0x5978,0x5983,0x597d,0x5979,0x5982,0x5981,0x5b57,//	42610 [a672] 
0x5b58,0x5b87,0x5b88,0x5b85,0x5b89,0x5bfa,0x5c16,0x5c79,0x5dde,0x5e06,//	42620 [a67c] 
0x5e76,0x5e74,0x0000,0x0000,0x0000,0x0000,0x0000,0x0000,0x0000,0x0000,//	42630 [a686] 
0x0000,0x0000,0x0000,0x0000,0x0000,0x0000,0x0000,0x0000,0x0000,0x0000,//	42640 [a690] 
0x0000,0x0000,0x0000,0x0000,0x0000,0x0000,0x0000,0x0000,0x0000,0x0000,//	42650 [a69a] 
0x0000,0x0000,0x0000,0x0000,0x0000,0x0000,0x5f0f,0x5f1b,0x5fd9,0x5fd6,//	42660 [a6a4] 
0x620e,0x620c,0x620d,0x6210,0x6263,0x625b,0x6258,0x6536,0x65e9,0x65e8,//	42670 [a6ae] 
0x65ec,0x65ed,0x66f2,0x66f3,0x6709,0x673d,0x6734,0x6731,0x6735,0x6b21,//	42680 [a6b8] 
0x6b64,0x6b7b,0x6c16,0x6c5d,0x6c57,0x6c59,0x6c5f,0x6c60,0x6c50,0x6c55,//	42690 [a6c2] 
0x6c61,0x6c5b,0x6c4d,0x6c4e,0x7070,0x725f,0x725d,0x767e,0x7af9,0x7c73,//	42700 [a6cc] 
0x7cf8,0x7f36,0x7f8a,0x7fbd,0x8001,0x8003,0x800c,0x8012,0x8033,0x807f,//	42710 [a6d6] 
0x8089,0x808b,0x808c,0x81e3,0x81ea,0x81f3,0x81fc,0x820c,0x821b,0x821f,//	42720 [a6e0] 
0x826e,0x8272,0x827e,0x866b,0x8840,0x884c,0x8863,0x897f,0x9621,0x4e32,//	42730 [a6ea] 
0x4ea8,0x4f4d,0x4f4f,0x4f47,0x4f57,0x4f5e,0x4f34,0x4f5b,0x4f55,0x4f30,//	42740 [a6f4] 
0x4f50,0x4f51,0x4f3d,0x4f3a,0x4f38,0x4f43,0x4f54,0x4f3c,0x4f46,0x4f63,//	42750 [a6fe] 
0x0000,0x0000,0x0000,0x0000,0x0000,0x0000,0x0000,0x0000,0x0000,0x0000,//	42760 [a708] 
0x0000,0x0000,0x0000,0x0000,0x0000,0x0000,0x0000,0x0000,0x0000,0x0000,//	42770 [a712] 
0x0000,0x0000,0x0000,0x0000,0x0000,0x0000,0x0000,0x0000,0x0000,0x0000,//	42780 [a71c] 
0x0000,0x0000,0x0000,0x0000,0x0000,0x0000,0x0000,0x0000,0x0000,0x0000,//	42790 [a726] 
0x0000,0x0000,0x0000,0x0000,0x0000,0x0000,0x0000,0x0000,0x0000,0x0000,//	42800 [a730] 
0x0000,0x0000,0x0000,0x0000,0x0000,0x0000,0x0000,0x0000,0x0000,0x0000,//	42810 [a73a] 
0x0000,0x0000,0x0000,0x0000,0x0000,0x4f5c,0x4f60,0x4f2f,0x4f4e,0x4f36,//	42820 [a744] 
0x4f59,0x4f5d,0x4f48,0x4f5a,0x514c,0x514b,0x514d,0x5175,0x51b6,0x51b7,//	42830 [a74e] 
0x5225,0x5224,0x5229,0x522a,0x5228,0x52ab,0x52a9,0x52aa,0x52ac,0x5323,//	42840 [a758] 
0x5373,0x5375,0x541d,0x542d,0x541e,0x543e,0x5426,0x544e,0x5427,0x5446,//	42850 [a762] 
0x5443,0x5433,0x5448,0x5442,0x541b,0x5429,0x544a,0x5439,0x543b,0x5438,//	42860 [a76c] 
0x542e,0x5435,0x5436,0x5420,0x543c,0x5440,0x5431,0x542b,0x541f,0x542c,//	42870 [a776] 
0x56ea,0x56f0,0x56e4,0x56eb,0x574a,0x5751,0x5740,0x574d,0x0000,0x0000,//	42880 [a780] 
0x0000,0x0000,0x0000,0x0000,0x0000,0x0000,0x0000,0x0000,0x0000,0x0000,//	42890 [a78a] 
0x0000,0x0000,0x0000,0x0000,0x0000,0x0000,0x0000,0x0000,0x0000,0x0000,//	42900 [a794] 
0x0000,0x0000,0x0000,0x0000,0x0000,0x0000,0x0000,0x0000,0x0000,0x0000,//	42910 [a79e] 
0x0000,0x0000,0x5747,0x574e,0x573e,0x5750,0x574f,0x573b,0x58ef,0x593e,//	42920 [a7a8] 
0x599d,0x5992,0x59a8,0x599e,0x59a3,0x5999,0x5996,0x598d,0x59a4,0x5993,//	42930 [a7b2] 
0x598a,0x59a5,0x5b5d,0x5b5c,0x5b5a,0x5b5b,0x5b8c,0x5b8b,0x5b8f,0x5c2c,//	42940 [a7bc] 
0x5c40,0x5c41,0x5c3f,0x5c3e,0x5c90,0x5c91,0x5c94,0x5c8c,0x5deb,0x5e0c,//	42950 [a7c6] 
0x5e8f,0x5e87,0x5e8a,0x5ef7,0x5f04,0x5f1f,0x5f64,0x5f62,0x5f77,0x5f79,//	42960 [a7d0] 
0x5fd8,0x5fcc,0x5fd7,0x5fcd,0x5ff1,0x5feb,0x5ff8,0x5fea,0x6212,0x6211,//	42970 [a7da] 
0x6284,0x6297,0x6296,0x6280,0x6276,0x6289,0x626d,0x628a,0x627c,0x627e,//	42980 [a7e4] 
0x6279,0x6273,0x6292,0x626f,0x6298,0x626e,0x6295,0x6293,0x6291,0x6286,//	42990 [a7ee] 
0x6539,0x653b,0x6538,0x65f1,0x66f4,0x675f,0x674e,0x674f,0x6750,0x6751,//	43000 [a7f8] 
0x675c,0x6756,0x675e,0x6749,0x6746,0x6760,0x0000,0x0000,0x0000,0x0000,//	43010 [a802] 
0x0000,0x0000,0x0000,0x0000,0x0000,0x0000,0x0000,0x0000,0x0000,0x0000,//	43020 [a80c] 
0x0000,0x0000,0x0000,0x0000,0x0000,0x0000,0x0000,0x0000,0x0000,0x0000,//	43030 [a816] 
0x0000,0x0000,0x0000,0x0000,0x0000,0x0000,0x0000,0x0000,0x0000,0x0000,//	43040 [a820] 
0x0000,0x0000,0x0000,0x0000,0x0000,0x0000,0x0000,0x0000,0x0000,0x0000,//	43050 [a82a] 
0x0000,0x0000,0x0000,0x0000,0x0000,0x0000,0x0000,0x0000,0x0000,0x0000,//	43060 [a834] 
0x0000,0x0000,0x0000,0x0000,0x0000,0x0000,0x0000,0x0000,0x0000,0x0000,//	43070 [a83e] 
0x0000,0x6753,0x6757,0x6b65,0x6bcf,0x6c42,0x6c5e,0x6c99,0x6c81,0x6c88,//	43080 [a848] 
0x6c89,0x6c85,0x6c9b,0x6c6a,0x6c7a,0x6c90,0x6c70,0x6c8c,0x6c68,0x6c96,//	43090 [a852] 
0x6c92,0x6c7d,0x6c83,0x6c72,0x6c7e,0x6c74,0x6c86,0x6c76,0x6c8d,0x6c94,//	43100 [a85c] 
0x6c98,0x6c82,0x7076,0x707c,0x707d,0x7078,0x7262,0x7261,0x7260,0x72c4,//	43110 [a866] 
0x72c2,0x7396,0x752c,0x752b,0x7537,0x7538,0x7682,0x76ef,0x77e3,0x79c1,//	43120 [a870] 
0x79c0,0x79bf,0x7a76,0x7cfb,0x7f55,0x8096,0x8093,0x809d,0x8098,0x809b,//	43130 [a87a] 
0x809a,0x80b2,0x826f,0x8292,0x0000,0x0000,0x0000,0x0000,0x0000,0x0000,//	43140 [a884] 
0x0000,0x0000,0x0000,0x0000,0x0000,0x0000,0x0000,0x0000,0x0000,0x0000,//	43150 [a88e] 
0x0000,0x0000,0x0000,0x0000,0x0000,0x0000,0x0000,0x0000,0x0000,0x0000,//	43160 [a898] 
0x0000,0x0000,0x0000,0x0000,0x0000,0x0000,0x0000,0x0000,0x828b,0x828d,//	43170 [a8a2] 
0x898b,0x89d2,0x8a00,0x8c37,0x8c46,0x8c55,0x8c9d,0x8d64,0x8d70,0x8db3,//	43180 [a8ac] 
0x8eab,0x8eca,0x8f9b,0x8fb0,0x8fc2,0x8fc6,0x8fc5,0x8fc4,0x5de1,0x9091,//	43190 [a8b6] 
0x90a2,0x90aa,0x90a6,0x90a3,0x9149,0x91c6,0x91cc,0x9632,0x962e,0x9631,//	43200 [a8c0] 
0x962a,0x962c,0x4e26,0x4e56,0x4e73,0x4e8b,0x4e9b,0x4e9e,0x4eab,0x4eac,//	43210 [a8ca] 
0x4f6f,0x4f9d,0x4f8d,0x4f73,0x4f7f,0x4f6c,0x4f9b,0x4f8b,0x4f86,0x4f83,//	43220 [a8d4] 
0x4f70,0x4f75,0x4f88,0x4f69,0x4f7b,0x4f96,0x4f7e,0x4f8f,0x4f91,0x4f7a,//	43230 [a8de] 
0x5154,0x5152,0x5155,0x5169,0x5177,0x5176,0x5178,0x51bd,0x51fd,0x523b,//	43240 [a8e8] 
0x5238,0x5237,0x523a,0x5230,0x522e,0x5236,0x5241,0x52be,0x52bb,0x5352,//	43250 [a8f2] 
0x5354,0x5353,0x5351,0x5366,0x5377,0x5378,0x5379,0x53d6,0x53d4,0x53d7,//	43260 [a8fc] 
0x5473,0x5475,0x0000,0x0000,0x0000,0x0000,0x0000,0x0000,0x0000,0x0000,//	43270 [a906] 
0x0000,0x0000,0x0000,0x0000,0x0000,0x0000,0x0000,0x0000,0x0000,0x0000,//	43280 [a910] 
0x0000,0x0000,0x0000,0x0000,0x0000,0x0000,0x0000,0x0000,0x0000,0x0000,//	43290 [a91a] 
0x0000,0x0000,0x0000,0x0000,0x0000,0x0000,0x0000,0x0000,0x0000,0x0000,//	43300 [a924] 
0x0000,0x0000,0x0000,0x0000,0x0000,0x0000,0x0000,0x0000,0x0000,0x0000,//	43310 [a92e] 
0x0000,0x0000,0x0000,0x0000,0x0000,0x0000,0x0000,0x0000,0x0000,0x0000,//	43320 [a938] 
0x0000,0x0000,0x0000,0x0000,0x0000,0x0000,0x0000,0x5496,0x5478,0x5495,//	43330 [a942] 
0x5480,0x547b,0x5477,0x5484,0x5492,0x5486,0x547c,0x5490,0x5471,0x5476,//	43340 [a94c] 
0x548c,0x549a,0x5462,0x5468,0x548b,0x547d,0x548e,0x56fa,0x5783,0x5777,//	43350 [a956] 
0x576a,0x5769,0x5761,0x5766,0x5764,0x577c,0x591c,0x5949,0x5947,0x5948,//	43360 [a960] 
0x5944,0x5954,0x59be,0x59bb,0x59d4,0x59b9,0x59ae,0x59d1,0x59c6,0x59d0,//	43370 [a96a] 
0x59cd,0x59cb,0x59d3,0x59ca,0x59af,0x59b3,0x59d2,0x59c5,0x5b5f,0x5b64,//	43380 [a974] 
0x5b63,0x5b97,0x5b9a,0x5b98,0x5b9c,0x5b99,0x5b9b,0x5c1a,0x5c48,0x5c45,//	43390 [a97e] 
0x0000,0x0000,0x0000,0x0000,0x0000,0x0000,0x0000,0x0000,0x0000,0x0000,//	43400 [a988] 
0x0000,0x0000,0x0000,0x0000,0x0000,0x0000,0x0000,0x0000,0x0000,0x0000,//	43410 [a992] 
0x0000,0x0000,0x0000,0x0000,0x0000,0x0000,0x0000,0x0000,0x0000,0x0000,//	43420 [a99c] 
0x0000,0x0000,0x0000,0x0000,0x5c46,0x5cb7,0x5ca1,0x5cb8,0x5ca9,0x5cab,//	43430 [a9a6] 
0x5cb1,0x5cb3,0x5e18,0x5e1a,0x5e16,0x5e15,0x5e1b,0x5e11,0x5e78,0x5e9a,//	43440 [a9b0] 
0x5e97,0x5e9c,0x5e95,0x5e96,0x5ef6,0x5f26,0x5f27,0x5f29,0x5f80,0x5f81,//	43450 [a9ba] 
0x5f7f,0x5f7c,0x5fdd,0x5fe0,0x5ffd,0x5ff5,0x5fff,0x600f,0x6014,0x602f,//	43460 [a9c4] 
0x6035,0x6016,0x602a,0x6015,0x6021,0x6027,0x6029,0x602b,0x601b,0x6216,//	43470 [a9ce] 
0x6215,0x623f,0x623e,0x6240,0x627f,0x62c9,0x62cc,0x62c4,0x62bf,0x62c2,//	43480 [a9d8] 
0x62b9,0x62d2,0x62db,0x62ab,0x62d3,0x62d4,0x62cb,0x62c8,0x62a8,0x62bd,//	43490 [a9e2] 
0x62bc,0x62d0,0x62d9,0x62c7,0x62cd,0x62b5,0x62da,0x62b1,0x62d8,0x62d6,//	43500 [a9ec] 
0x62d7,0x62c6,0x62ac,0x62ce,0x653e,0x65a7,0x65bc,0x65fa,0x6614,0x6613,//	43510 [a9f6] 
0x660c,0x6606,0x6602,0x660e,0x6600,0x660f,0x6615,0x660a,0x0000,0x0000,//	43520 [aa00] 
0x0000,0x0000,0x0000,0x0000,0x0000,0x0000,0x0000,0x0000,0x0000,0x0000,//	43530 [aa0a] 
0x0000,0x0000,0x0000,0x0000,0x0000,0x0000,0x0000,0x0000,0x0000,0x0000,//	43540 [aa14] 
0x0000,0x0000,0x0000,0x0000,0x0000,0x0000,0x0000,0x0000,0x0000,0x0000,//	43550 [aa1e] 
0x0000,0x0000,0x0000,0x0000,0x0000,0x0000,0x0000,0x0000,0x0000,0x0000,//	43560 [aa28] 
0x0000,0x0000,0x0000,0x0000,0x0000,0x0000,0x0000,0x0000,0x0000,0x0000,//	43570 [aa32] 
0x0000,0x0000,0x0000,0x0000,0x0000,0x0000,0x0000,0x0000,0x0000,0x0000,//	43580 [aa3c] 
0x0000,0x0000,0x0000,0x6607,0x670d,0x670b,0x676d,0x678b,0x6795,0x6771,//	43590 [aa46] 
0x679c,0x6773,0x6777,0x6787,0x679d,0x6797,0x676f,0x6770,0x677f,0x6789,//	43600 [aa50] 
0x677e,0x6790,0x6775,0x679a,0x6793,0x677c,0x676a,0x6772,0x6b23,0x6b66,//	43610 [aa5a] 
0x6b67,0x6b7f,0x6c13,0x6c1b,0x6ce3,0x6ce8,0x6cf3,0x6cb1,0x6ccc,0x6ce5,//	43620 [aa64] 
0x6cb3,0x6cbd,0x6cbe,0x6cbc,0x6ce2,0x6cab,0x6cd5,0x6cd3,0x6cb8,0x6cc4,//	43630 [aa6e] 
0x6cb9,0x6cc1,0x6cae,0x6cd7,0x6cc5,0x6cf1,0x6cbf,0x6cbb,0x6ce1,0x6cdb,//	43640 [aa78] 
0x6cca,0x6cac,0x6cef,0x6cdc,0x6cd6,0x6ce0,0x0000,0x0000,0x0000,0x0000,//	43650 [aa82] 
0x0000,0x0000,0x0000,0x0000,0x0000,0x0000,0x0000,0x0000,0x0000,0x0000,//	43660 [aa8c] 
0x0000,0x0000,0x0000,0x0000,0x0000,0x0000,0x0000,0x0000,0x0000,0x0000,//	43670 [aa96] 
0x0000,0x0000,0x0000,0x0000,0x0000,0x0000,0x0000,0x0000,0x0000,0x0000,//	43680 [aaa0] 
0x7095,0x708e,0x7092,0x708a,0x7099,0x722c,0x722d,0x7238,0x7248,0x7267,//	43690 [aaaa] 
0x7269,0x72c0,0x72ce,0x72d9,0x72d7,0x72d0,0x73a9,0x73a8,0x739f,0x73ab,//	43700 [aab4] 
0x73a5,0x753d,0x759d,0x7599,0x759a,0x7684,0x76c2,0x76f2,0x76f4,0x77e5,//	43710 [aabe] 
0x77fd,0x793e,0x7940,0x7941,0x79c9,0x79c8,0x7a7a,0x7a79,0x7afa,0x7cfe,//	43720 [aac8] 
0x7f54,0x7f8c,0x7f8b,0x8005,0x80ba,0x80a5,0x80a2,0x80b1,0x80a1,0x80ab,//	43730 [aad2] 
0x80a9,0x80b4,0x80aa,0x80af,0x81e5,0x81fe,0x820d,0x82b3,0x829d,0x8299,//	43740 [aadc] 
0x82ad,0x82bd,0x829f,0x82b9,0x82b1,0x82ac,0x82a5,0x82af,0x82b8,0x82a3,//	43750 [aae6] 
0x82b0,0x82be,0x82b7,0x864e,0x8671,0x521d,0x8868,0x8ecb,0x8fce,0x8fd4,//	43760 [aaf0] 
0x8fd1,0x90b5,0x90b8,0x90b1,0x90b6,0x91c7,0x91d1,0x9577,0x9580,0x961c,//	43770 [aafa] 
0x9640,0x963f,0x963b,0x9644,0x0000,0x0000,0x0000,0x0000,0x0000,0x0000,//	43780 [ab04] 
0x0000,0x0000,0x0000,0x0000,0x0000,0x0000,0x0000,0x0000,0x0000,0x0000,//	43790 [ab0e] 
0x0000,0x0000,0x0000,0x0000,0x0000,0x0000,0x0000,0x0000,0x0000,0x0000,//	43800 [ab18] 
0x0000,0x0000,0x0000,0x0000,0x0000,0x0000,0x0000,0x0000,0x0000,0x0000,//	43810 [ab22] 
0x0000,0x0000,0x0000,0x0000,0x0000,0x0000,0x0000,0x0000,0x0000,0x0000,//	43820 [ab2c] 
0x0000,0x0000,0x0000,0x0000,0x0000,0x0000,0x0000,0x0000,0x0000,0x0000,//	43830 [ab36] 
0x0000,0x0000,0x0000,0x0000,0x0000,0x0000,0x0000,0x0000,0x0000,0x9642,//	43840 [ab40] 
0x96b9,0x96e8,0x9752,0x975e,0x4e9f,0x4ead,0x4eae,0x4fe1,0x4fb5,0x4faf,//	43850 [ab4a] 
0x4fbf,0x4fe0,0x4fd1,0x4fcf,0x4fdd,0x4fc3,0x4fb6,0x4fd8,0x4fdf,0x4fca,//	43860 [ab54] 
0x4fd7,0x4fae,0x4fd0,0x4fc4,0x4fc2,0x4fda,0x4fce,0x4fde,0x4fb7,0x5157,//	43870 [ab5e] 
0x5192,0x5191,0x51a0,0x524e,0x5243,0x524a,0x524d,0x524c,0x524b,0x5247,//	43880 [ab68] 
0x52c7,0x52c9,0x52c3,0x52c1,0x530d,0x5357,0x537b,0x539a,0x53db,0x54ac,//	43890 [ab72] 
0x54c0,0x54a8,0x54ce,0x54c9,0x54b8,0x54a6,0x54b3,0x54c7,0x54c2,0x54bd,//	43900 [ab7c] 
0x54aa,0x54c1,0x0000,0x0000,0x0000,0x0000,0x0000,0x0000,0x0000,0x0000,//	43910 [ab86] 
0x0000,0x0000,0x0000,0x0000,0x0000,0x0000,0x0000,0x0000,0x0000,0x0000,//	43920 [ab90] 
0x0000,0x0000,0x0000,0x0000,0x0000,0x0000,0x0000,0x0000,0x0000,0x0000,//	43930 [ab9a] 
0x0000,0x0000,0x0000,0x0000,0x0000,0x0000,0x54c4,0x54c8,0x54af,0x54ab,//	43940 [aba4] 
0x54b1,0x54bb,0x54a9,0x54a7,0x54bf,0x56ff,0x5782,0x578b,0x57a0,0x57a3,//	43950 [abae] 
0x57a2,0x57ce,0x57ae,0x5793,0x5955,0x5951,0x594f,0x594e,0x5950,0x59dc,//	43960 [abb8] 
0x59d8,0x59ff,0x59e3,0x59e8,0x5a03,0x59e5,0x59ea,0x59da,0x59e6,0x5a01,//	43970 [abc2] 
0x59fb,0x5b69,0x5ba3,0x5ba6,0x5ba4,0x5ba2,0x5ba5,0x5c01,0x5c4e,0x5c4f,//	43980 [abcc] 
0x5c4d,0x5c4b,0x5cd9,0x5cd2,0x5df7,0x5e1d,0x5e25,0x5e1f,0x5e7d,0x5ea0,//	43990 [abd6] 
0x5ea6,0x5efa,0x5f08,0x5f2d,0x5f65,0x5f88,0x5f85,0x5f8a,0x5f8b,0x5f87,//	44000 [abe0] 
0x5f8c,0x5f89,0x6012,0x601d,0x6020,0x6025,0x600e,0x6028,0x604d,0x6070,//	44010 [abea] 
0x6068,0x6062,0x6046,0x6043,0x606c,0x606b,0x606a,0x6064,0x6241,0x62dc,//	44020 [abf4] 
0x6316,0x6309,0x62fc,0x62ed,0x6301,0x62ee,0x62fd,0x6307,0x62f1,0x62f7,//	44030 [abfe] 
0x0000,0x0000,0x0000,0x0000,0x0000,0x0000,0x0000,0x0000,0x0000,0x0000,//	44040 [ac08] 
0x0000,0x0000,0x0000,0x0000,0x0000,0x0000,0x0000,0x0000,0x0000,0x0000,//	44050 [ac12] 
0x0000,0x0000,0x0000,0x0000,0x0000,0x0000,0x0000,0x0000,0x0000,0x0000,//	44060 [ac1c] 
0x0000,0x0000,0x0000,0x0000,0x0000,0x0000,0x0000,0x0000,0x0000,0x0000,//	44070 [ac26] 
0x0000,0x0000,0x0000,0x0000,0x0000,0x0000,0x0000,0x0000,0x0000,0x0000,//	44080 [ac30] 
0x0000,0x0000,0x0000,0x0000,0x0000,0x0000,0x0000,0x0000,0x0000,0x0000,//	44090 [ac3a] 
0x0000,0x0000,0x0000,0x0000,0x0000,0x62ef,0x62ec,0x62fe,0x62f4,0x6311,//	44100 [ac44] 
0x6302,0x653f,0x6545,0x65ab,0x65bd,0x65e2,0x6625,0x662d,0x6620,0x6627,//	44110 [ac4e] 
0x662f,0x661f,0x6628,0x6631,0x6624,0x66f7,0x67ff,0x67d3,0x67f1,0x67d4,//	44120 [ac58] 
0x67d0,0x67ec,0x67b6,0x67af,0x67f5,0x67e9,0x67ef,0x67c4,0x67d1,0x67b4,//	44130 [ac62] 
0x67da,0x67e5,0x67b8,0x67cf,0x67de,0x67f3,0x67b0,0x67d9,0x67e2,0x67dd,//	44140 [ac6c] 
0x67d2,0x6b6a,0x6b83,0x6b86,0x6bb5,0x6bd2,0x6bd7,0x6c1f,0x6cc9,0x6d0b,//	44150 [ac76] 
0x6d32,0x6d2a,0x6d41,0x6d25,0x6d0c,0x6d31,0x6d1e,0x6d17,0x0000,0x0000,//	44160 [ac80] 
0x0000,0x0000,0x0000,0x0000,0x0000,0x0000,0x0000,0x0000,0x0000,0x0000,//	44170 [ac8a] 
0x0000,0x0000,0x0000,0x0000,0x0000,0x0000,0x0000,0x0000,0x0000,0x0000,//	44180 [ac94] 
0x0000,0x0000,0x0000,0x0000,0x0000,0x0000,0x0000,0x0000,0x0000,0x0000,//	44190 [ac9e] 
0x0000,0x0000,0x6d3b,0x6d3d,0x6d3e,0x6d36,0x6d1b,0x6cf5,0x6d39,0x6d27,//	44200 [aca8] 
0x6d38,0x6d29,0x6d2e,0x6d35,0x6d0e,0x6d2b,0x70ab,0x70ba,0x70b3,0x70ac,//	44210 [acb2] 
0x70af,0x70ad,0x70b8,0x70ae,0x70a4,0x7230,0x7272,0x726f,0x7274,0x72e9,//	44220 [acbc] 
0x72e0,0x72e1,0x73b7,0x73ca,0x73bb,0x73b2,0x73cd,0x73c0,0x73b3,0x751a,//	44230 [acc6] 
0x752d,0x754f,0x754c,0x754e,0x754b,0x75ab,0x75a4,0x75a5,0x75a2,0x75a3,//	44240 [acd0] 
0x7678,0x7686,0x7687,0x7688,0x76c8,0x76c6,0x76c3,0x76c5,0x7701,0x76f9,//	44250 [acda] 
0x76f8,0x7709,0x770b,0x76fe,0x76fc,0x7707,0x77dc,0x7802,0x7814,0x780c,//	44260 [ace4] 
0x780d,0x7946,0x7949,0x7948,0x7947,0x79b9,0x79ba,0x79d1,0x79d2,0x79cb,//	44270 [acee] 
0x7a7f,0x7a81,0x7aff,0x7afd,0x7c7d,0x7d02,0x7d05,0x7d00,0x7d09,0x7d07,//	44280 [acf8] 
0x7d04,0x7d06,0x7f38,0x7f8e,0x7fbf,0x8004,0x0000,0x0000,0x0000,0x0000,//	44290 [ad02] 
0x0000,0x0000,0x0000,0x0000,0x0000,0x0000,0x0000,0x0000,0x0000,0x0000,//	44300 [ad0c] 
0x0000,0x0000,0x0000,0x0000,0x0000,0x0000,0x0000,0x0000,0x0000,0x0000,//	44310 [ad16] 
0x0000,0x0000,0x0000,0x0000,0x0000,0x0000,0x0000,0x0000,0x0000,0x0000,//	44320 [ad20] 
0x0000,0x0000,0x0000,0x0000,0x0000,0x0000,0x0000,0x0000,0x0000,0x0000,//	44330 [ad2a] 
0x0000,0x0000,0x0000,0x0000,0x0000,0x0000,0x0000,0x0000,0x0000,0x0000,//	44340 [ad34] 
0x0000,0x0000,0x0000,0x0000,0x0000,0x0000,0x0000,0x0000,0x0000,0x0000,//	44350 [ad3e] 
0x0000,0x8010,0x800d,0x8011,0x8036,0x80d6,0x80e5,0x80da,0x80c3,0x80c4,//	44360 [ad48] 
0x80cc,0x80e1,0x80db,0x80ce,0x80de,0x80e4,0x80dd,0x81f4,0x8222,0x82e7,//	44370 [ad52] 
0x8303,0x8305,0x82e3,0x82db,0x82e6,0x8304,0x82e5,0x8302,0x8309,0x82d2,//	44380 [ad5c] 
0x82d7,0x82f1,0x8301,0x82dc,0x82d4,0x82d1,0x82de,0x82d3,0x82df,0x82ef,//	44390 [ad66] 
0x8306,0x8650,0x8679,0x867b,0x867a,0x884d,0x886b,0x8981,0x89d4,0x8a08,//	44400 [ad70] 
0x8a02,0x8a03,0x8c9e,0x8ca0,0x8d74,0x8d73,0x8db4,0x8ecd,0x8ecc,0x8ff0,//	44410 [ad7a] 
0x8fe6,0x8fe2,0x8fea,0x8fe5,0x0000,0x0000,0x0000,0x0000,0x0000,0x0000,//	44420 [ad84] 
0x0000,0x0000,0x0000,0x0000,0x0000,0x0000,0x0000,0x0000,0x0000,0x0000,//	44430 [ad8e] 
0x0000,0x0000,0x0000,0x0000,0x0000,0x0000,0x0000,0x0000,0x0000,0x0000,//	44440 [ad98] 
0x0000,0x0000,0x0000,0x0000,0x0000,0x0000,0x0000,0x0000,0x8fed,0x8feb,//	44450 [ada2] 
0x8fe4,0x8fe8,0x90ca,0x90ce,0x90c1,0x90c3,0x914b,0x914a,0x91cd,0x9582,//	44460 [adac] 
0x9650,0x964b,0x964c,0x964d,0x9762,0x9769,0x97cb,0x97ed,0x97f3,0x9801,//	44470 [adb6] 
0x98a8,0x98db,0x98df,0x9996,0x9999,0x4e58,0x4eb3,0x500c,0x500d,0x5023,//	44480 [adc0] 
0x4fef,0x5026,0x5025,0x4ff8,0x5029,0x5016,0x5006,0x503c,0x501f,0x501a,//	44490 [adca] 
0x5012,0x5011,0x4ffa,0x5000,0x5014,0x5028,0x4ff1,0x5021,0x500b,0x5019,//	44500 [add4] 
0x5018,0x4ff3,0x4fee,0x502d,0x502a,0x4ffe,0x502b,0x5009,0x517c,0x51a4,//	44510 [adde] 
0x51a5,0x51a2,0x51cd,0x51cc,0x51c6,0x51cb,0x5256,0x525c,0x5254,0x525b,//	44520 [ade8] 
0x525d,0x532a,0x537f,0x539f,0x539d,0x53df,0x54e8,0x5510,0x5501,0x5537,//	44530 [adf2] 
0x54fc,0x54e5,0x54f2,0x5506,0x54fa,0x5514,0x54e9,0x54ed,0x54e1,0x5509,//	44540 [adfc] 
0x54ee,0x54ea,0x0000,0x0000,0x0000,0x0000,0x0000,0x0000,0x0000,0x0000,//	44550 [ae06] 
0x0000,0x0000,0x0000,0x0000,0x0000,0x0000,0x0000,0x0000,0x0000,0x0000,//	44560 [ae10] 
0x0000,0x0000,0x0000,0x0000,0x0000,0x0000,0x0000,0x0000,0x0000,0x0000,//	44570 [ae1a] 
0x0000,0x0000,0x0000,0x0000,0x0000,0x0000,0x0000,0x0000,0x0000,0x0000,//	44580 [ae24] 
0x0000,0x0000,0x0000,0x0000,0x0000,0x0000,0x0000,0x0000,0x0000,0x0000,//	44590 [ae2e] 
0x0000,0x0000,0x0000,0x0000,0x0000,0x0000,0x0000,0x0000,0x0000,0x0000,//	44600 [ae38] 
0x0000,0x0000,0x0000,0x0000,0x0000,0x0000,0x0000,0x54e6,0x5527,0x5507,//	44610 [ae42] 
0x54fd,0x550f,0x5703,0x5704,0x57c2,0x57d4,0x57cb,0x57c3,0x5809,0x590f,//	44620 [ae4c] 
0x5957,0x5958,0x595a,0x5a11,0x5a18,0x5a1c,0x5a1f,0x5a1b,0x5a13,0x59ec,//	44630 [ae56] 
0x5a20,0x5a23,0x5a29,0x5a25,0x5a0c,0x5a09,0x5b6b,0x5c58,0x5bb0,0x5bb3,//	44640 [ae60] 
0x5bb6,0x5bb4,0x5bae,0x5bb5,0x5bb9,0x5bb8,0x5c04,0x5c51,0x5c55,0x5c50,//	44650 [ae6a] 
0x5ced,0x5cfd,0x5cfb,0x5cea,0x5ce8,0x5cf0,0x5cf6,0x5d01,0x5cf4,0x5dee,//	44660 [ae74] 
0x5e2d,0x5e2b,0x5eab,0x5ead,0x5ea7,0x5f31,0x5f92,0x5f91,0x5f90,0x6059,//	44670 [ae7e] 
0x0000,0x0000,0x0000,0x0000,0x0000,0x0000,0x0000,0x0000,0x0000,0x0000,//	44680 [ae88] 
0x0000,0x0000,0x0000,0x0000,0x0000,0x0000,0x0000,0x0000,0x0000,0x0000,//	44690 [ae92] 
0x0000,0x0000,0x0000,0x0000,0x0000,0x0000,0x0000,0x0000,0x0000,0x0000,//	44700 [ae9c] 
0x0000,0x0000,0x0000,0x0000,0x6063,0x6065,0x6050,0x6055,0x606d,0x6069,//	44710 [aea6] 
0x606f,0x6084,0x609f,0x609a,0x608d,0x6094,0x608c,0x6085,0x6096,0x6247,//	44720 [aeb0] 
0x62f3,0x6308,0x62ff,0x634e,0x633e,0x632f,0x6355,0x6342,0x6346,0x634f,//	44730 [aeba] 
0x6349,0x633a,0x6350,0x633d,0x632a,0x632b,0x6328,0x634d,0x634c,0x6548,//	44740 [aec4] 
0x6549,0x6599,0x65c1,0x65c5,0x6642,0x6649,0x664f,0x6643,0x6652,0x664c,//	44750 [aece] 
0x6645,0x6641,0x66f8,0x6714,0x6715,0x6717,0x6821,0x6838,0x6848,0x6846,//	44760 [aed8] 
0x6853,0x6839,0x6842,0x6854,0x6829,0x68b3,0x6817,0x684c,0x6851,0x683d,//	44770 [aee2] 
0x67f4,0x6850,0x6840,0x683c,0x6843,0x682a,0x6845,0x6813,0x6818,0x6841,//	44780 [aeec] 
0x6b8a,0x6b89,0x6bb7,0x6c23,0x6c27,0x6c28,0x6c26,0x6c24,0x6cf0,0x6d6a,//	44790 [aef6] 
0x6d95,0x6d88,0x6d87,0x6d66,0x6d78,0x6d77,0x6d59,0x6d93,0x0000,0x0000,//	44800 [af00] 
0x0000,0x0000,0x0000,0x0000,0x0000,0x0000,0x0000,0x0000,0x0000,0x0000,//	44810 [af0a] 
0x0000,0x0000,0x0000,0x0000,0x0000,0x0000,0x0000,0x0000,0x0000,0x0000,//	44820 [af14] 
0x0000,0x0000,0x0000,0x0000,0x0000,0x0000,0x0000,0x0000,0x0000,0x0000,//	44830 [af1e] 
0x0000,0x0000,0x0000,0x0000,0x0000,0x0000,0x0000,0x0000,0x0000,0x0000,//	44840 [af28] 
0x0000,0x0000,0x0000,0x0000,0x0000,0x0000,0x0000,0x0000,0x0000,0x0000,//	44850 [af32] 
0x0000,0x0000,0x0000,0x0000,0x0000,0x0000,0x0000,0x0000,0x0000,0x0000,//	44860 [af3c] 
0x0000,0x0000,0x0000,0x6d6c,0x6d89,0x6d6e,0x6d5a,0x6d74,0x6d69,0x6d8c,//	44870 [af46] 
0x6d8a,0x6d79,0x6d85,0x6d65,0x6d94,0x70ca,0x70d8,0x70e4,0x70d9,0x70c8,//	44880 [af50] 
0x70cf,0x7239,0x7279,0x72fc,0x72f9,0x72fd,0x72f8,0x72f7,0x7386,0x73ed,//	44890 [af5a] 
0x7409,0x73ee,0x73e0,0x73ea,0x73de,0x7554,0x755d,0x755c,0x755a,0x7559,//	44900 [af64] 
0x75be,0x75c5,0x75c7,0x75b2,0x75b3,0x75bd,0x75bc,0x75b9,0x75c2,0x75b8,//	44910 [af6e] 
0x768b,0x76b0,0x76ca,0x76cd,0x76ce,0x7729,0x771f,0x7720,0x7728,0x77e9,//	44920 [af78] 
0x7830,0x7827,0x7838,0x781d,0x7834,0x7837,0x0000,0x0000,0x0000,0x0000,//	44930 [af82] 
0x0000,0x0000,0x0000,0x0000,0x0000,0x0000,0x0000,0x0000,0x0000,0x0000,//	44940 [af8c] 
0x0000,0x0000,0x0000,0x0000,0x0000,0x0000,0x0000,0x0000,0x0000,0x0000,//	44950 [af96] 
0x0000,0x0000,0x0000,0x0000,0x0000,0x0000,0x0000,0x0000,0x0000,0x0000,//	44960 [afa0] 
0x7825,0x782d,0x7820,0x781f,0x7832,0x7955,0x7950,0x7960,0x795f,0x7956,//	44970 [afaa] 
0x795e,0x795d,0x7957,0x795a,0x79e4,0x79e3,0x79e7,0x79df,0x79e6,0x79e9,//	44980 [afb4] 
0x79d8,0x7a84,0x7a88,0x7ad9,0x7b06,0x7b11,0x7c89,0x7d21,0x7d17,0x7d0b,//	44990 [afbe] 
0x7d0a,0x7d20,0x7d22,0x7d14,0x7d10,0x7d15,0x7d1a,0x7d1c,0x7d0d,0x7d19,//	45000 [afc8] 
0x7d1b,0x7f3a,0x7f5f,0x7f94,0x7fc5,0x7fc1,0x8006,0x8018,0x8015,0x8019,//	45010 [afd2] 
0x8017,0x803d,0x803f,0x80f1,0x8102,0x80f0,0x8105,0x80ed,0x80f4,0x8106,//	45020 [afdc] 
0x80f8,0x80f3,0x8108,0x80fd,0x810a,0x80fc,0x80ef,0x81ed,0x81ec,0x8200,//	45030 [afe6] 
0x8210,0x822a,0x822b,0x8228,0x822c,0x82bb,0x832b,0x8352,0x8354,0x834a,//	45040 [aff0] 
0x8338,0x8350,0x8349,0x8335,0x8334,0x834f,0x8332,0x8339,0x8336,0x8317,//	45050 [affa] 
0x8340,0x8331,0x8328,0x8343,0x0000,0x0000,0x0000,0x0000,0x0000,0x0000,//	45060 [b004] 
0x0000,0x0000,0x0000,0x0000,0x0000,0x0000,0x0000,0x0000,0x0000,0x0000,//	45070 [b00e] 
0x0000,0x0000,0x0000,0x0000,0x0000,0x0000,0x0000,0x0000,0x0000,0x0000,//	45080 [b018] 
0x0000,0x0000,0x0000,0x0000,0x0000,0x0000,0x0000,0x0000,0x0000,0x0000,//	45090 [b022] 
0x0000,0x0000,0x0000,0x0000,0x0000,0x0000,0x0000,0x0000,0x0000,0x0000,//	45100 [b02c] 
0x0000,0x0000,0x0000,0x0000,0x0000,0x0000,0x0000,0x0000,0x0000,0x0000,//	45110 [b036] 
0x0000,0x0000,0x0000,0x0000,0x0000,0x0000,0x0000,0x0000,0x0000,0x8654,//	45120 [b040] 
0x868a,0x86aa,0x8693,0x86a4,0x86a9,0x868c,0x86a3,0x869c,0x8870,0x8877,//	45130 [b04a] 
0x8881,0x8882,0x887d,0x8879,0x8a18,0x8a10,0x8a0e,0x8a0c,0x8a15,0x8a0a,//	45140 [b054] 
0x8a17,0x8a13,0x8a16,0x8a0f,0x8a11,0x8c48,0x8c7a,0x8c79,0x8ca1,0x8ca2,//	45150 [b05e] 
0x8d77,0x8eac,0x8ed2,0x8ed4,0x8ecf,0x8fb1,0x9001,0x9006,0x8ff7,0x9000,//	45160 [b068] 
0x8ffa,0x8ff4,0x9003,0x8ffd,0x9005,0x8ff8,0x9095,0x90e1,0x90dd,0x90e2,//	45170 [b072] 
0x9152,0x914d,0x914c,0x91d8,0x91dd,0x91d7,0x91dc,0x91d9,0x9583,0x9662,//	45180 [b07c] 
0x9663,0x9661,0x0000,0x0000,0x0000,0x0000,0x0000,0x0000,0x0000,0x0000,//	45190 [b086] 
0x0000,0x0000,0x0000,0x0000,0x0000,0x0000,0x0000,0x0000,0x0000,0x0000,//	45200 [b090] 
0x0000,0x0000,0x0000,0x0000,0x0000,0x0000,0x0000,0x0000,0x0000,0x0000,//	45210 [b09a] 
0x0000,0x0000,0x0000,0x0000,0x0000,0x0000,0x965b,0x965d,0x9664,0x9658,//	45220 [b0a4] 
0x965e,0x96bb,0x98e2,0x99ac,0x9aa8,0x9ad8,0x9b25,0x9b32,0x9b3c,0x4e7e,//	45230 [b0ae] 
0x507a,0x507d,0x505c,0x5047,0x5043,0x504c,0x505a,0x5049,0x5065,0x5076,//	45240 [b0b8] 
0x504e,0x5055,0x5075,0x5074,0x5077,0x504f,0x500f,0x506f,0x506d,0x515c,//	45250 [b0c2] 
0x5195,0x51f0,0x526a,0x526f,0x52d2,0x52d9,0x52d8,0x52d5,0x5310,0x530f,//	45260 [b0cc] 
0x5319,0x533f,0x5340,0x533e,0x53c3,0x66fc,0x5546,0x556a,0x5566,0x5544,//	45270 [b0d6] 
0x555e,0x5561,0x5543,0x554a,0x5531,0x5556,0x554f,0x5555,0x552f,0x5564,//	45280 [b0e0] 
0x5538,0x552e,0x555c,0x552c,0x5563,0x5533,0x5541,0x5557,0x5708,0x570b,//	45290 [b0ea] 
0x5709,0x57df,0x5805,0x580a,0x5806,0x57e0,0x57e4,0x57fa,0x5802,0x5835,//	45300 [b0f4] 
0x57f7,0x57f9,0x5920,0x5962,0x5a36,0x5a41,0x5a49,0x5a66,0x5a6a,0x5a40,//	45310 [b0fe] 
0x0000,0x0000,0x0000,0x0000,0x0000,0x0000,0x0000,0x0000,0x0000,0x0000,//	45320 [b108] 
0x0000,0x0000,0x0000,0x0000,0x0000,0x0000,0x0000,0x0000,0x0000,0x0000,//	45330 [b112] 
0x0000,0x0000,0x0000,0x0000,0x0000,0x0000,0x0000,0x0000,0x0000,0x0000,//	45340 [b11c] 
0x0000,0x0000,0x0000,0x0000,0x0000,0x0000,0x0000,0x0000,0x0000,0x0000,//	45350 [b126] 
0x0000,0x0000,0x0000,0x0000,0x0000,0x0000,0x0000,0x0000,0x0000,0x0000,//	45360 [b130] 
0x0000,0x0000,0x0000,0x0000,0x0000,0x0000,0x0000,0x0000,0x0000,0x0000,//	45370 [b13a] 
0x0000,0x0000,0x0000,0x0000,0x0000,0x5a3c,0x5a62,0x5a5a,0x5a46,0x5a4a,//	45380 [b144] 
0x5b70,0x5bc7,0x5bc5,0x5bc4,0x5bc2,0x5bbf,0x5bc6,0x5c09,0x5c08,0x5c07,//	45390 [b14e] 
0x5c60,0x5c5c,0x5c5d,0x5d07,0x5d06,0x5d0e,0x5d1b,0x5d16,0x5d22,0x5d11,//	45400 [b158] 
0x5d29,0x5d14,0x5d19,0x5d24,0x5d27,0x5d17,0x5de2,0x5e38,0x5e36,0x5e33,//	45410 [b162] 
0x5e37,0x5eb7,0x5eb8,0x5eb6,0x5eb5,0x5ebe,0x5f35,0x5f37,0x5f57,0x5f6c,//	45420 [b16c] 
0x5f69,0x5f6b,0x5f97,0x5f99,0x5f9e,0x5f98,0x5fa1,0x5fa0,0x5f9c,0x607f,//	45430 [b176] 
0x60a3,0x6089,0x60a0,0x60a8,0x60cb,0x60b4,0x60e6,0x60bd,0x0000,0x0000,//	45440 [b180] 
0x0000,0x0000,0x0000,0x0000,0x0000,0x0000,0x0000,0x0000,0x0000,0x0000,//	45450 [b18a] 
0x0000,0x0000,0x0000,0x0000,0x0000,0x0000,0x0000,0x0000,0x0000,0x0000,//	45460 [b194] 
0x0000,0x0000,0x0000,0x0000,0x0000,0x0000,0x0000,0x0000,0x0000,0x0000,//	45470 [b19e] 
0x0000,0x0000,0x60c5,0x60bb,0x60b5,0x60dc,0x60bc,0x60d8,0x60d5,0x60c6,//	45480 [b1a8] 
0x60df,0x60b8,0x60da,0x60c7,0x621a,0x621b,0x6248,0x63a0,0x63a7,0x6372,//	45490 [b1b2] 
0x6396,0x63a2,0x63a5,0x6377,0x6367,0x6398,0x63aa,0x6371,0x63a9,0x6389,//	45500 [b1bc] 
0x6383,0x639b,0x636b,0x63a8,0x6384,0x6388,0x6399,0x63a1,0x63ac,0x6392,//	45510 [b1c6] 
0x638f,0x6380,0x637b,0x6369,0x6368,0x637a,0x655d,0x6556,0x6551,0x6559,//	45520 [b1d0] 
0x6557,0x555f,0x654f,0x6558,0x6555,0x6554,0x659c,0x659b,0x65ac,0x65cf,//	45530 [b1da] 
0x65cb,0x65cc,0x65ce,0x665d,0x665a,0x6664,0x6668,0x6666,0x665e,0x66f9,//	45540 [b1e4] 
0x52d7,0x671b,0x6881,0x68af,0x68a2,0x6893,0x68b5,0x687f,0x6876,0x68b1,//	45550 [b1ee] 
0x68a7,0x6897,0x68b0,0x6883,0x68c4,0x68ad,0x6886,0x6885,0x6894,0x689d,//	45560 [b1f8] 
0x68a8,0x689f,0x68a1,0x6882,0x6b32,0x6bba,0x0000,0x0000,0x0000,0x0000,//	45570 [b202] 
0x0000,0x0000,0x0000,0x0000,0x0000,0x0000,0x0000,0x0000,0x0000,0x0000,//	45580 [b20c] 
0x0000,0x0000,0x0000,0x0000,0x0000,0x0000,0x0000,0x0000,0x0000,0x0000,//	45590 [b216] 
0x0000,0x0000,0x0000,0x0000,0x0000,0x0000,0x0000,0x0000,0x0000,0x0000,//	45600 [b220] 
0x0000,0x0000,0x0000,0x0000,0x0000,0x0000,0x0000,0x0000,0x0000,0x0000,//	45610 [b22a] 
0x0000,0x0000,0x0000,0x0000,0x0000,0x0000,0x0000,0x0000,0x0000,0x0000,//	45620 [b234] 
0x0000,0x0000,0x0000,0x0000,0x0000,0x0000,0x0000,0x0000,0x0000,0x0000,//	45630 [b23e] 
0x0000,0x6beb,0x6bec,0x6c2b,0x6d8e,0x6dbc,0x6df3,0x6dd9,0x6db2,0x6de1,//	45640 [b248] 
0x6dcc,0x6de4,0x6dfb,0x6dfa,0x6e05,0x6dc7,0x6dcb,0x6daf,0x6dd1,0x6dae,//	45650 [b252] 
0x6dde,0x6df9,0x6db8,0x6df7,0x6df5,0x6dc5,0x6dd2,0x6e1a,0x6db5,0x6dda,//	45660 [b25c] 
0x6deb,0x6dd8,0x6dea,0x6df1,0x6dee,0x6de8,0x6dc6,0x6dc4,0x6daa,0x6dec,//	45670 [b266] 
0x6dbf,0x6de6,0x70f9,0x7109,0x710a,0x70fd,0x70ef,0x723d,0x727d,0x7281,//	45680 [b270] 
0x731c,0x731b,0x7316,0x7313,0x7319,0x7387,0x7405,0x740a,0x7403,0x7406,//	45690 [b27a] 
0x73fe,0x740d,0x74e0,0x74f6,0x0000,0x0000,0x0000,0x0000,0x0000,0x0000,//	45700 [b284] 
0x0000,0x0000,0x0000,0x0000,0x0000,0x0000,0x0000,0x0000,0x0000,0x0000,//	45710 [b28e] 
0x0000,0x0000,0x0000,0x0000,0x0000,0x0000,0x0000,0x0000,0x0000,0x0000,//	45720 [b298] 
0x0000,0x0000,0x0000,0x0000,0x0000,0x0000,0x0000,0x0000,0x74f7,0x751c,//	45730 [b2a2] 
0x7522,0x7565,0x7566,0x7562,0x7570,0x758f,0x75d4,0x75d5,0x75b5,0x75ca,//	45740 [b2ac] 
0x75cd,0x768e,0x76d4,0x76d2,0x76db,0x7737,0x773e,0x773c,0x7736,0x7738,//	45750 [b2b6] 
0x773a,0x786b,0x7843,0x784e,0x7965,0x7968,0x796d,0x79fb,0x7a92,0x7a95,//	45760 [b2c0] 
0x7b20,0x7b28,0x7b1b,0x7b2c,0x7b26,0x7b19,0x7b1e,0x7b2e,0x7c92,0x7c97,//	45770 [b2ca] 
0x7c95,0x7d46,0x7d43,0x7d71,0x7d2e,0x7d39,0x7d3c,0x7d40,0x7d30,0x7d33,//	45780 [b2d4] 
0x7d44,0x7d2f,0x7d42,0x7d32,0x7d31,0x7f3d,0x7f9e,0x7f9a,0x7fcc,0x7fce,//	45790 [b2de] 
0x7fd2,0x801c,0x804a,0x8046,0x812f,0x8116,0x8123,0x812b,0x8129,0x8130,//	45800 [b2e8] 
0x8124,0x8202,0x8235,0x8237,0x8236,0x8239,0x838e,0x839e,0x8398,0x8378,//	45810 [b2f2] 
0x83a2,0x8396,0x83bd,0x83ab,0x8392,0x838a,0x8393,0x8389,0x83a0,0x8377,//	45820 [b2fc] 
0x837b,0x837c,0x0000,0x0000,0x0000,0x0000,0x0000,0x0000,0x0000,0x0000,//	45830 [b306] 
0x0000,0x0000,0x0000,0x0000,0x0000,0x0000,0x0000,0x0000,0x0000,0x0000,//	45840 [b310] 
0x0000,0x0000,0x0000,0x0000,0x0000,0x0000,0x0000,0x0000,0x0000,0x0000,//	45850 [b31a] 
0x0000,0x0000,0x0000,0x0000,0x0000,0x0000,0x0000,0x0000,0x0000,0x0000,//	45860 [b324] 
0x0000,0x0000,0x0000,0x0000,0x0000,0x0000,0x0000,0x0000,0x0000,0x0000,//	45870 [b32e] 
0x0000,0x0000,0x0000,0x0000,0x0000,0x0000,0x0000,0x0000,0x0000,0x0000,//	45880 [b338] 
0x0000,0x0000,0x0000,0x0000,0x0000,0x0000,0x0000,0x8386,0x83a7,0x8655,//	45890 [b342] 
0x5f6a,0x86c7,0x86c0,0x86b6,0x86c4,0x86b5,0x86c6,0x86cb,0x86b1,0x86af,//	45900 [b34c] 
0x86c9,0x8853,0x889e,0x8888,0x88ab,0x8892,0x8896,0x888d,0x888b,0x8993,//	45910 [b356] 
0x898f,0x8a2a,0x8a1d,0x8a23,0x8a25,0x8a31,0x8a2d,0x8a1f,0x8a1b,0x8a22,//	45920 [b360] 
0x8c49,0x8c5a,0x8ca9,0x8cac,0x8cab,0x8ca8,0x8caa,0x8ca7,0x8d67,0x8d66,//	45930 [b36a] 
0x8dbe,0x8dba,0x8edb,0x8edf,0x9019,0x900d,0x901a,0x9017,0x9023,0x901f,//	45940 [b374] 
0x901d,0x9010,0x9015,0x901e,0x9020,0x900f,0x9022,0x9016,0x901b,0x9014,//	45950 [b37e] 
0x0000,0x0000,0x0000,0x0000,0x0000,0x0000,0x0000,0x0000,0x0000,0x0000,//	45960 [b388] 
0x0000,0x0000,0x0000,0x0000,0x0000,0x0000,0x0000,0x0000,0x0000,0x0000,//	45970 [b392] 
0x0000,0x0000,0x0000,0x0000,0x0000,0x0000,0x0000,0x0000,0x0000,0x0000,//	45980 [b39c] 
0x0000,0x0000,0x0000,0x0000,0x90e8,0x90ed,0x90fd,0x9157,0x91ce,0x91f5,//	45990 [b3a6] 
0x91e6,0x91e3,0x91e7,0x91ed,0x91e9,0x9589,0x966a,0x9675,0x9673,0x9678,//	46000 [b3b0] 
0x9670,0x9674,0x9676,0x9677,0x966c,0x96c0,0x96ea,0x96e9,0x7ae0,0x7adf,//	46010 [b3ba] 
0x9802,0x9803,0x9b5a,0x9ce5,0x9e75,0x9e7f,0x9ea5,0x9ebb,0x50a2,0x508d,//	46020 [b3c4] 
0x5085,0x5099,0x5091,0x5080,0x5096,0x5098,0x509a,0x6700,0x51f1,0x5272,//	46030 [b3ce] 
0x5274,0x5275,0x5269,0x52de,0x52dd,0x52db,0x535a,0x53a5,0x557b,0x5580,//	46040 [b3d8] 
0x55a7,0x557c,0x558a,0x559d,0x5598,0x5582,0x559c,0x55aa,0x5594,0x5587,//	46050 [b3e2] 
0x558b,0x5583,0x55b3,0x55ae,0x559f,0x553e,0x55b2,0x559a,0x55bb,0x55ac,//	46060 [b3ec] 
0x55b1,0x557e,0x5589,0x55ab,0x5599,0x570d,0x582f,0x582a,0x5834,0x5824,//	46070 [b3f6] 
0x5830,0x5831,0x5821,0x581d,0x5820,0x58f9,0x58fa,0x5960,0x0000,0x0000,//	46080 [b400] 
0x0000,0x0000,0x0000,0x0000,0x0000,0x0000,0x0000,0x0000,0x0000,0x0000,//	46090 [b40a] 
0x0000,0x0000,0x0000,0x0000,0x0000,0x0000,0x0000,0x0000,0x0000,0x0000,//	46100 [b414] 
0x0000,0x0000,0x0000,0x0000,0x0000,0x0000,0x0000,0x0000,0x0000,0x0000,//	46110 [b41e] 
0x0000,0x0000,0x0000,0x0000,0x0000,0x0000,0x0000,0x0000,0x0000,0x0000,//	46120 [b428] 
0x0000,0x0000,0x0000,0x0000,0x0000,0x0000,0x0000,0x0000,0x0000,0x0000,//	46130 [b432] 
0x0000,0x0000,0x0000,0x0000,0x0000,0x0000,0x0000,0x0000,0x0000,0x0000,//	46140 [b43c] 
0x0000,0x0000,0x0000,0x5a77,0x5a9a,0x5a7f,0x5a92,0x5a9b,0x5aa7,0x5b73,//	46150 [b446] 
0x5b71,0x5bd2,0x5bcc,0x5bd3,0x5bd0,0x5c0a,0x5c0b,0x5c31,0x5d4c,0x5d50,//	46160 [b450] 
0x5d34,0x5d47,0x5dfd,0x5e45,0x5e3d,0x5e40,0x5e43,0x5e7e,0x5eca,0x5ec1,//	46170 [b45a] 
0x5ec2,0x5ec4,0x5f3c,0x5f6d,0x5fa9,0x5faa,0x5fa8,0x60d1,0x60e1,0x60b2,//	46180 [b464] 
0x60b6,0x60e0,0x611c,0x6123,0x60fa,0x6115,0x60f0,0x60fb,0x60f4,0x6168,//	46190 [b46e] 
0x60f1,0x610e,0x60f6,0x6109,0x6100,0x6112,0x621f,0x6249,0x63a3,0x638c,//	46200 [b478] 
0x63cf,0x63c0,0x63e9,0x63c9,0x63c6,0x63cd,0x0000,0x0000,0x0000,0x0000,//	46210 [b482] 
0x0000,0x0000,0x0000,0x0000,0x0000,0x0000,0x0000,0x0000,0x0000,0x0000,//	46220 [b48c] 
0x0000,0x0000,0x0000,0x0000,0x0000,0x0000,0x0000,0x0000,0x0000,0x0000,//	46230 [b496] 
0x0000,0x0000,0x0000,0x0000,0x0000,0x0000,0x0000,0x0000,0x0000,0x0000,//	46240 [b4a0] 
0x63d2,0x63e3,0x63d0,0x63e1,0x63d6,0x63ed,0x63ee,0x6376,0x63f4,0x63ea,//	46250 [b4aa] 
0x63db,0x6452,0x63da,0x63f9,0x655e,0x6566,0x6562,0x6563,0x6591,0x6590,//	46260 [b4b4] 
0x65af,0x666e,0x6670,0x6674,0x6676,0x666f,0x6691,0x667a,0x667e,0x6677,//	46270 [b4be] 
0x66fe,0x66ff,0x671f,0x671d,0x68fa,0x68d5,0x68e0,0x68d8,0x68d7,0x6905,//	46280 [b4c8] 
0x68df,0x68f5,0x68ee,0x68e7,0x68f9,0x68d2,0x68f2,0x68e3,0x68cb,0x68cd,//	46290 [b4d2] 
0x690d,0x6912,0x690e,0x68c9,0x68da,0x696e,0x68fb,0x6b3e,0x6b3a,0x6b3d,//	46300 [b4dc] 
0x6b98,0x6b96,0x6bbc,0x6bef,0x6c2e,0x6c2f,0x6c2c,0x6e2f,0x6e38,0x6e54,//	46310 [b4e6] 
0x6e21,0x6e32,0x6e67,0x6e4a,0x6e20,0x6e25,0x6e23,0x6e1b,0x6e5b,0x6e58,//	46320 [b4f0] 
0x6e24,0x6e56,0x6e6e,0x6e2d,0x6e26,0x6e6f,0x6e34,0x6e4d,0x6e3a,0x6e2c,//	46330 [b4fa] 
0x6e43,0x6e1d,0x6e3e,0x6ecb,0x0000,0x0000,0x0000,0x0000,0x0000,0x0000,//	46340 [b504] 
0x0000,0x0000,0x0000,0x0000,0x0000,0x0000,0x0000,0x0000,0x0000,0x0000,//	46350 [b50e] 
0x0000,0x0000,0x0000,0x0000,0x0000,0x0000,0x0000,0x0000,0x0000,0x0000,//	46360 [b518] 
0x0000,0x0000,0x0000,0x0000,0x0000,0x0000,0x0000,0x0000,0x0000,0x0000,//	46370 [b522] 
0x0000,0x0000,0x0000,0x0000,0x0000,0x0000,0x0000,0x0000,0x0000,0x0000,//	46380 [b52c] 
0x0000,0x0000,0x0000,0x0000,0x0000,0x0000,0x0000,0x0000,0x0000,0x0000,//	46390 [b536] 
0x0000,0x0000,0x0000,0x0000,0x0000,0x0000,0x0000,0x0000,0x0000,0x6e89,//	46400 [b540] 
0x6e19,0x6e4e,0x6e63,0x6e44,0x6e72,0x6e69,0x6e5f,0x7119,0x711a,0x7126,//	46410 [b54a] 
0x7130,0x7121,0x7136,0x716e,0x711c,0x724c,0x7284,0x7280,0x7336,0x7325,//	46420 [b554] 
0x7334,0x7329,0x743a,0x742a,0x7433,0x7422,0x7425,0x7435,0x7436,0x7434,//	46430 [b55e] 
0x742f,0x741b,0x7426,0x7428,0x7525,0x7526,0x756b,0x756a,0x75e2,0x75db,//	46440 [b568] 
0x75e3,0x75d9,0x75d8,0x75de,0x75e0,0x767b,0x767c,0x7696,0x7693,0x76b4,//	46450 [b572] 
0x76dc,0x774f,0x77ed,0x785d,0x786c,0x786f,0x7a0d,0x7a08,0x7a0b,0x7a05,//	46460 [b57c] 
0x7a00,0x7a98,0x0000,0x0000,0x0000,0x0000,0x0000,0x0000,0x0000,0x0000,//	46470 [b586] 
0x0000,0x0000,0x0000,0x0000,0x0000,0x0000,0x0000,0x0000,0x0000,0x0000,//	46480 [b590] 
0x0000,0x0000,0x0000,0x0000,0x0000,0x0000,0x0000,0x0000,0x0000,0x0000,//	46490 [b59a] 
0x0000,0x0000,0x0000,0x0000,0x0000,0x0000,0x7a97,0x7a96,0x7ae5,0x7ae3,//	46500 [b5a4] 
0x7b49,0x7b56,0x7b46,0x7b50,0x7b52,0x7b54,0x7b4d,0x7b4b,0x7b4f,0x7b51,//	46510 [b5ae] 
0x7c9f,0x7ca5,0x7d5e,0x7d50,0x7d68,0x7d55,0x7d2b,0x7d6e,0x7d72,0x7d61,//	46520 [b5b8] 
0x7d66,0x7d62,0x7d70,0x7d73,0x5584,0x7fd4,0x7fd5,0x800b,0x8052,0x8085,//	46530 [b5c2] 
0x8155,0x8154,0x814b,0x8151,0x814e,0x8139,0x8146,0x813e,0x814c,0x8153,//	46540 [b5cc] 
0x8174,0x8212,0x821c,0x83e9,0x8403,0x83f8,0x840d,0x83e0,0x83c5,0x840b,//	46550 [b5d6] 
0x83c1,0x83ef,0x83f1,0x83f4,0x8457,0x840a,0x83f0,0x840c,0x83cc,0x83fd,//	46560 [b5e0] 
0x83f2,0x83ca,0x8438,0x840e,0x8404,0x83dc,0x8407,0x83d4,0x83df,0x865b,//	46570 [b5ea] 
0x86df,0x86d9,0x86ed,0x86d4,0x86db,0x86e4,0x86d0,0x86de,0x8857,0x88c1,//	46580 [b5f4] 
0x88c2,0x88b1,0x8983,0x8996,0x8a3b,0x8a60,0x8a55,0x8a5e,0x8a3c,0x8a41,//	46590 [b5fe] 
0x0000,0x0000,0x0000,0x0000,0x0000,0x0000,0x0000,0x0000,0x0000,0x0000,//	46600 [b608] 
0x0000,0x0000,0x0000,0x0000,0x0000,0x0000,0x0000,0x0000,0x0000,0x0000,//	46610 [b612] 
0x0000,0x0000,0x0000,0x0000,0x0000,0x0000,0x0000,0x0000,0x0000,0x0000,//	46620 [b61c] 
0x0000,0x0000,0x0000,0x0000,0x0000,0x0000,0x0000,0x0000,0x0000,0x0000,//	46630 [b626] 
0x0000,0x0000,0x0000,0x0000,0x0000,0x0000,0x0000,0x0000,0x0000,0x0000,//	46640 [b630] 
0x0000,0x0000,0x0000,0x0000,0x0000,0x0000,0x0000,0x0000,0x0000,0x0000,//	46650 [b63a] 
0x0000,0x0000,0x0000,0x0000,0x0000,0x8a54,0x8a5b,0x8a50,0x8a46,0x8a34,//	46660 [b644] 
0x8a3a,0x8a36,0x8a56,0x8c61,0x8c82,0x8caf,0x8cbc,0x8cb3,0x8cbd,0x8cc1,//	46670 [b64e] 
0x8cbb,0x8cc0,0x8cb4,0x8cb7,0x8cb6,0x8cbf,0x8cb8,0x8d8a,0x8d85,0x8d81,//	46680 [b658] 
0x8dce,0x8ddd,0x8dcb,0x8dda,0x8dd1,0x8dcc,0x8ddb,0x8dc6,0x8efb,0x8ef8,//	46690 [b662] 
0x8efc,0x8f9c,0x902e,0x9035,0x9031,0x9038,0x9032,0x9036,0x9102,0x90f5,//	46700 [b66c] 
0x9109,0x90fe,0x9163,0x9165,0x91cf,0x9214,0x9215,0x9223,0x9209,0x921e,//	46710 [b676] 
0x920d,0x9210,0x9207,0x9211,0x9594,0x958f,0x958b,0x9591,0x0000,0x0000,//	46720 [b680] 
0x0000,0x0000,0x0000,0x0000,0x0000,0x0000,0x0000,0x0000,0x0000,0x0000,//	46730 [b68a] 
0x0000,0x0000,0x0000,0x0000,0x0000,0x0000,0x0000,0x0000,0x0000,0x0000,//	46740 [b694] 
0x0000,0x0000,0x0000,0x0000,0x0000,0x0000,0x0000,0x0000,0x0000,0x0000,//	46750 [b69e] 
0x0000,0x0000,0x9593,0x9592,0x958e,0x968a,0x968e,0x968b,0x967d,0x9685,//	46760 [b6a8] 
0x9686,0x968d,0x9672,0x9684,0x96c1,0x96c5,0x96c4,0x96c6,0x96c7,0x96ef,//	46770 [b6b2] 
0x96f2,0x97cc,0x9805,0x9806,0x9808,0x98e7,0x98ea,0x98ef,0x98e9,0x98f2,//	46780 [b6bc] 
0x98ed,0x99ae,0x99ad,0x9ec3,0x9ecd,0x9ed1,0x4e82,0x50ad,0x50b5,0x50b2,//	46790 [b6c6] 
0x50b3,0x50c5,0x50be,0x50ac,0x50b7,0x50bb,0x50af,0x50c7,0x527f,0x5277,//	46800 [b6d0] 
0x527d,0x52df,0x52e6,0x52e4,0x52e2,0x52e3,0x532f,0x55df,0x55e8,0x55d3,//	46810 [b6da] 
0x55e6,0x55ce,0x55dc,0x55c7,0x55d1,0x55e3,0x55e4,0x55ef,0x55da,0x55e1,//	46820 [b6e4] 
0x55c5,0x55c6,0x55e5,0x55c9,0x5712,0x5713,0x585e,0x5851,0x5858,0x5857,//	46830 [b6ee] 
0x585a,0x5854,0x586b,0x584c,0x586d,0x584a,0x5862,0x5852,0x584b,0x5967,//	46840 [b6f8] 
0x5ac1,0x5ac9,0x5acc,0x5abe,0x5abd,0x5abc,0x0000,0x0000,0x0000,0x0000,//	46850 [b702] 
0x0000,0x0000,0x0000,0x0000,0x0000,0x0000,0x0000,0x0000,0x0000,0x0000,//	46860 [b70c] 
0x0000,0x0000,0x0000,0x0000,0x0000,0x0000,0x0000,0x0000,0x0000,0x0000,//	46870 [b716] 
0x0000,0x0000,0x0000,0x0000,0x0000,0x0000,0x0000,0x0000,0x0000,0x0000,//	46880 [b720] 
0x0000,0x0000,0x0000,0x0000,0x0000,0x0000,0x0000,0x0000,0x0000,0x0000,//	46890 [b72a] 
0x0000,0x0000,0x0000,0x0000,0x0000,0x0000,0x0000,0x0000,0x0000,0x0000,//	46900 [b734] 
0x0000,0x0000,0x0000,0x0000,0x0000,0x0000,0x0000,0x0000,0x0000,0x0000,//	46910 [b73e] 
0x0000,0x5ab3,0x5ac2,0x5ab2,0x5d69,0x5d6f,0x5e4c,0x5e79,0x5ec9,0x5ec8,//	46920 [b748] 
0x5f12,0x5f59,0x5fac,0x5fae,0x611a,0x610f,0x6148,0x611f,0x60f3,0x611b,//	46930 [b752] 
0x60f9,0x6101,0x6108,0x614e,0x614c,0x6144,0x614d,0x613e,0x6134,0x6127,//	46940 [b75c] 
0x610d,0x6106,0x6137,0x6221,0x6222,0x6413,0x643e,0x641e,0x642a,0x642d,//	46950 [b766] 
0x643d,0x642c,0x640f,0x641c,0x6414,0x640d,0x6436,0x6416,0x6417,0x6406,//	46960 [b770] 
0x656c,0x659f,0x65b0,0x6697,0x6689,0x6687,0x6688,0x6696,0x6684,0x6698,//	46970 [b77a] 
0x668d,0x6703,0x6994,0x696d,0x0000,0x0000,0x0000,0x0000,0x0000,0x0000,//	46980 [b784] 
0x0000,0x0000,0x0000,0x0000,0x0000,0x0000,0x0000,0x0000,0x0000,0x0000,//	46990 [b78e] 
0x0000,0x0000,0x0000,0x0000,0x0000,0x0000,0x0000,0x0000,0x0000,0x0000,//	47000 [b798] 
0x0000,0x0000,0x0000,0x0000,0x0000,0x0000,0x0000,0x0000,0x695a,0x6977,//	47010 [b7a2] 
0x6960,0x6954,0x6975,0x6930,0x6982,0x694a,0x6968,0x696b,0x695e,0x6953,//	47020 [b7ac] 
0x6979,0x6986,0x695d,0x6963,0x695b,0x6b47,0x6b72,0x6bc0,0x6bbf,0x6bd3,//	47030 [b7b6] 
0x6bfd,0x6ea2,0x6eaf,0x6ed3,0x6eb6,0x6ec2,0x6e90,0x6e9d,0x6ec7,0x6ec5,//	47040 [b7c0] 
0x6ea5,0x6e98,0x6ebc,0x6eba,0x6eab,0x6ed1,0x6e96,0x6e9c,0x6ec4,0x6ed4,//	47050 [b7ca] 
0x6eaa,0x6ea7,0x6eb4,0x714e,0x7159,0x7169,0x7164,0x7149,0x7167,0x715c,//	47060 [b7d4] 
0x716c,0x7166,0x714c,0x7165,0x715e,0x7146,0x7168,0x7156,0x723a,0x7252,//	47070 [b7de] 
0x7337,0x7345,0x733f,0x733e,0x746f,0x745a,0x7455,0x745f,0x745e,0x7441,//	47080 [b7e8] 
0x743f,0x7459,0x745b,0x745c,0x7576,0x7578,0x7600,0x75f0,0x7601,0x75f2,//	47090 [b7f2] 
0x75f1,0x75fa,0x75ff,0x75f4,0x75f3,0x76de,0x76df,0x775b,0x776b,0x7766,//	47100 [b7fc] 
0x775e,0x7763,0x0000,0x0000,0x0000,0x0000,0x0000,0x0000,0x0000,0x0000,//	47110 [b806] 
0x0000,0x0000,0x0000,0x0000,0x0000,0x0000,0x0000,0x0000,0x0000,0x0000,//	47120 [b810] 
0x0000,0x0000,0x0000,0x0000,0x0000,0x0000,0x0000,0x0000,0x0000,0x0000,//	47130 [b81a] 
0x0000,0x0000,0x0000,0x0000,0x0000,0x0000,0x0000,0x0000,0x0000,0x0000,//	47140 [b824] 
0x0000,0x0000,0x0000,0x0000,0x0000,0x0000,0x0000,0x0000,0x0000,0x0000,//	47150 [b82e] 
0x0000,0x0000,0x0000,0x0000,0x0000,0x0000,0x0000,0x0000,0x0000,0x0000,//	47160 [b838] 
0x0000,0x0000,0x0000,0x0000,0x0000,0x0000,0x0000,0x7779,0x776a,0x776c,//	47170 [b842] 
0x775c,0x7765,0x7768,0x7762,0x77ee,0x788e,0x78b0,0x7897,0x7898,0x788c,//	47180 [b84c] 
0x7889,0x787c,0x7891,0x7893,0x787f,0x797a,0x797f,0x7981,0x842c,0x79bd,//	47190 [b856] 
0x7a1c,0x7a1a,0x7a20,0x7a14,0x7a1f,0x7a1e,0x7a9f,0x7aa0,0x7b77,0x7bc0,//	47200 [b860] 
0x7b60,0x7b6e,0x7b67,0x7cb1,0x7cb3,0x7cb5,0x7d93,0x7d79,0x7d91,0x7d81,//	47210 [b86a] 
0x7d8f,0x7d5b,0x7f6e,0x7f69,0x7f6a,0x7f72,0x7fa9,0x7fa8,0x7fa4,0x8056,//	47220 [b874] 
0x8058,0x8086,0x8084,0x8171,0x8170,0x8178,0x8165,0x816e,0x8173,0x816b,//	47230 [b87e] 
0x0000,0x0000,0x0000,0x0000,0x0000,0x0000,0x0000,0x0000,0x0000,0x0000,//	47240 [b888] 
0x0000,0x0000,0x0000,0x0000,0x0000,0x0000,0x0000,0x0000,0x0000,0x0000,//	47250 [b892] 
0x0000,0x0000,0x0000,0x0000,0x0000,0x0000,0x0000,0x0000,0x0000,0x0000,//	47260 [b89c] 
0x0000,0x0000,0x0000,0x0000,0x8179,0x817a,0x8166,0x8205,0x8247,0x8482,//	47270 [b8a6] 
0x8477,0x843d,0x8431,0x8475,0x8466,0x846b,0x8449,0x846c,0x845b,0x843c,//	47280 [b8b0] 
0x8435,0x8461,0x8463,0x8469,0x846d,0x8446,0x865e,0x865c,0x865f,0x86f9,//	47290 [b8ba] 
0x8713,0x8708,0x8707,0x8700,0x86fe,0x86fb,0x8702,0x8703,0x8706,0x870a,//	47300 [b8c4] 
0x8859,0x88df,0x88d4,0x88d9,0x88dc,0x88d8,0x88dd,0x88e1,0x88ca,0x88d5,//	47310 [b8ce] 
0x88d2,0x899c,0x89e3,0x8a6b,0x8a72,0x8a73,0x8a66,0x8a69,0x8a70,0x8a87,//	47320 [b8d8] 
0x8a7c,0x8a63,0x8aa0,0x8a71,0x8a85,0x8a6d,0x8a62,0x8a6e,0x8a6c,0x8a79,//	47330 [b8e2] 
0x8a7b,0x8a3e,0x8a68,0x8c62,0x8c8a,0x8c89,0x8cca,0x8cc7,0x8cc8,0x8cc4,//	47340 [b8ec] 
0x8cb2,0x8cc3,0x8cc2,0x8cc5,0x8de1,0x8ddf,0x8de8,0x8def,0x8df3,0x8dfa,//	47350 [b8f6] 
0x8dea,0x8de4,0x8de6,0x8eb2,0x8f03,0x8f09,0x8efe,0x8f0a,0x0000,0x0000,//	47360 [b900] 
0x0000,0x0000,0x0000,0x0000,0x0000,0x0000,0x0000,0x0000,0x0000,0x0000,//	47370 [b90a] 
0x0000,0x0000,0x0000,0x0000,0x0000,0x0000,0x0000,0x0000,0x0000,0x0000,//	47380 [b914] 
0x0000,0x0000,0x0000,0x0000,0x0000,0x0000,0x0000,0x0000,0x0000,0x0000,//	47390 [b91e] 
0x0000,0x0000,0x0000,0x0000,0x0000,0x0000,0x0000,0x0000,0x0000,0x0000,//	47400 [b928] 
0x0000,0x0000,0x0000,0x0000,0x0000,0x0000,0x0000,0x0000,0x0000,0x0000,//	47410 [b932] 
0x0000,0x0000,0x0000,0x0000,0x0000,0x0000,0x0000,0x0000,0x0000,0x0000,//	47420 [b93c] 
0x0000,0x0000,0x0000,0x8f9f,0x8fb2,0x904b,0x904a,0x9053,0x9042,0x9054,//	47430 [b946] 
0x903c,0x9055,0x9050,0x9047,0x904f,0x904e,0x904d,0x9051,0x903e,0x9041,//	47440 [b950] 
0x9112,0x9117,0x916c,0x916a,0x9169,0x91c9,0x9237,0x9257,0x9238,0x923d,//	47450 [b95a] 
0x9240,0x923e,0x925b,0x924b,0x9264,0x9251,0x9234,0x9249,0x924d,0x9245,//	47460 [b964] 
0x9239,0x923f,0x925a,0x9598,0x9698,0x9694,0x9695,0x96cd,0x96cb,0x96c9,//	47470 [b96e] 
0x96ca,0x96f7,0x96fb,0x96f9,0x96f6,0x9756,0x9774,0x9776,0x9810,0x9811,//	47480 [b978] 
0x9813,0x980a,0x9812,0x980c,0x98fc,0x98f4,0x0000,0x0000,0x0000,0x0000,//	47490 [b982] 
0x0000,0x0000,0x0000,0x0000,0x0000,0x0000,0x0000,0x0000,0x0000,0x0000,//	47500 [b98c] 
0x0000,0x0000,0x0000,0x0000,0x0000,0x0000,0x0000,0x0000,0x0000,0x0000,//	47510 [b996] 
0x0000,0x0000,0x0000,0x0000,0x0000,0x0000,0x0000,0x0000,0x0000,0x0000,//	47520 [b9a0] 
0x98fd,0x98fe,0x99b3,0x99b1,0x99b4,0x9ae1,0x9ce9,0x9e82,0x9f0e,0x9f13,//	47530 [b9aa] 
0x9f20,0x50e7,0x50ee,0x50e5,0x50d6,0x50ed,0x50da,0x50d5,0x50cf,0x50d1,//	47540 [b9b4] 
0x50f1,0x50ce,0x50e9,0x5162,0x51f3,0x5283,0x5282,0x5331,0x53ad,0x55fe,//	47550 [b9be] 
0x5600,0x561b,0x5617,0x55fd,0x5614,0x5606,0x5609,0x560d,0x560e,0x55f7,//	47560 [b9c8] 
0x5616,0x561f,0x5608,0x5610,0x55f6,0x5718,0x5716,0x5875,0x587e,0x5883,//	47570 [b9d2] 
0x5893,0x588a,0x5879,0x5885,0x587d,0x58fd,0x5925,0x5922,0x5924,0x596a,//	47580 [b9dc] 
0x5969,0x5ae1,0x5ae6,0x5ae9,0x5ad7,0x5ad6,0x5ad8,0x5ae3,0x5b75,0x5bde,//	47590 [b9e6] 
0x5be7,0x5be1,0x5be5,0x5be6,0x5be8,0x5be2,0x5be4,0x5bdf,0x5c0d,0x5c62,//	47600 [b9f0] 
0x5d84,0x5d87,0x5e5b,0x5e63,0x5e55,0x5e57,0x5e54,0x5ed3,0x5ed6,0x5f0a,//	47610 [b9fa] 
0x5f46,0x5f70,0x5fb9,0x6147,0x0000,0x0000,0x0000,0x0000,0x0000,0x0000,//	47620 [ba04] 
0x0000,0x0000,0x0000,0x0000,0x0000,0x0000,0x0000,0x0000,0x0000,0x0000,//	47630 [ba0e] 
0x0000,0x0000,0x0000,0x0000,0x0000,0x0000,0x0000,0x0000,0x0000,0x0000,//	47640 [ba18] 
0x0000,0x0000,0x0000,0x0000,0x0000,0x0000,0x0000,0x0000,0x0000,0x0000,//	47650 [ba22] 
0x0000,0x0000,0x0000,0x0000,0x0000,0x0000,0x0000,0x0000,0x0000,0x0000,//	47660 [ba2c] 
0x0000,0x0000,0x0000,0x0000,0x0000,0x0000,0x0000,0x0000,0x0000,0x0000,//	47670 [ba36] 
0x0000,0x0000,0x0000,0x0000,0x0000,0x0000,0x0000,0x0000,0x0000,0x613f,//	47680 [ba40] 
0x614b,0x6177,0x6162,0x6163,0x615f,0x615a,0x6158,0x6175,0x622a,0x6487,//	47690 [ba4a] 
0x6458,0x6454,0x64a4,0x6478,0x645f,0x647a,0x6451,0x6467,0x6434,0x646d,//	47700 [ba54] 
0x647b,0x6572,0x65a1,0x65d7,0x65d6,0x66a2,0x66a8,0x669d,0x699c,0x69a8,//	47710 [ba5e] 
0x6995,0x69c1,0x69ae,0x69d3,0x69cb,0x699b,0x69b7,0x69bb,0x69ab,0x69b4,//	47720 [ba68] 
0x69d0,0x69cd,0x69ad,0x69cc,0x69a6,0x69c3,0x69a3,0x6b49,0x6b4c,0x6c33,//	47730 [ba72] 
0x6f33,0x6f14,0x6efe,0x6f13,0x6ef4,0x6f29,0x6f3e,0x6f20,0x6f2c,0x6f0f,//	47740 [ba7c] 
0x6f02,0x6f22,0x0000,0x0000,0x0000,0x0000,0x0000,0x0000,0x0000,0x0000,//	47750 [ba86] 
0x0000,0x0000,0x0000,0x0000,0x0000,0x0000,0x0000,0x0000,0x0000,0x0000,//	47760 [ba90] 
0x0000,0x0000,0x0000,0x0000,0x0000,0x0000,0x0000,0x0000,0x0000,0x0000,//	47770 [ba9a] 
0x0000,0x0000,0x0000,0x0000,0x0000,0x0000,0x6eff,0x6eef,0x6f06,0x6f31,//	47780 [baa4] 
0x6f38,0x6f32,0x6f23,0x6f15,0x6f2b,0x6f2f,0x6f88,0x6f2a,0x6eec,0x6f01,//	47790 [baae] 
0x6ef2,0x6ecc,0x6ef7,0x7194,0x7199,0x717d,0x718a,0x7184,0x7192,0x723e,//	47800 [bab8] 
0x7292,0x7296,0x7344,0x7350,0x7464,0x7463,0x746a,0x7470,0x746d,0x7504,//	47810 [bac2] 
0x7591,0x7627,0x760d,0x760b,0x7609,0x7613,0x76e1,0x76e3,0x7784,0x777d,//	47820 [bacc] 
0x777f,0x7761,0x78c1,0x789f,0x78a7,0x78b3,0x78a9,0x78a3,0x798e,0x798f,//	47830 [bad6] 
0x798d,0x7a2e,0x7a31,0x7aaa,0x7aa9,0x7aed,0x7aef,0x7ba1,0x7b95,0x7b8b,//	47840 [bae0] 
0x7b75,0x7b97,0x7b9d,0x7b94,0x7b8f,0x7bb8,0x7b87,0x7b84,0x7cb9,0x7cbd,//	47850 [baea] 
0x7cbe,0x7dbb,0x7db0,0x7d9c,0x7dbd,0x7dbe,0x7da0,0x7dca,0x7db4,0x7db2,//	47860 [baf4] 
0x7db1,0x7dba,0x7da2,0x7dbf,0x7db5,0x7db8,0x7dad,0x7dd2,0x7dc7,0x7dac,//	47870 [bafe] 
0x0000,0x0000,0x0000,0x0000,0x0000,0x0000,0x0000,0x0000,0x0000,0x0000,//	47880 [bb08] 
0x0000,0x0000,0x0000,0x0000,0x0000,0x0000,0x0000,0x0000,0x0000,0x0000,//	47890 [bb12] 
0x0000,0x0000,0x0000,0x0000,0x0000,0x0000,0x0000,0x0000,0x0000,0x0000,//	47900 [bb1c] 
0x0000,0x0000,0x0000,0x0000,0x0000,0x0000,0x0000,0x0000,0x0000,0x0000,//	47910 [bb26] 
0x0000,0x0000,0x0000,0x0000,0x0000,0x0000,0x0000,0x0000,0x0000,0x0000,//	47920 [bb30] 
0x0000,0x0000,0x0000,0x0000,0x0000,0x0000,0x0000,0x0000,0x0000,0x0000,//	47930 [bb3a] 
0x0000,0x0000,0x0000,0x0000,0x0000,0x7f70,0x7fe0,0x7fe1,0x7fdf,0x805e,//	47940 [bb44] 
0x805a,0x8087,0x8150,0x8180,0x818f,0x8188,0x818a,0x817f,0x8182,0x81e7,//	47950 [bb4e] 
0x81fa,0x8207,0x8214,0x821e,0x824b,0x84c9,0x84bf,0x84c6,0x84c4,0x8499,//	47960 [bb58] 
0x849e,0x84b2,0x849c,0x84cb,0x84b8,0x84c0,0x84d3,0x8490,0x84bc,0x84d1,//	47970 [bb62] 
0x84ca,0x873f,0x871c,0x873b,0x8722,0x8725,0x8734,0x8718,0x8755,0x8737,//	47980 [bb6c] 
0x8729,0x88f3,0x8902,0x88f4,0x88f9,0x88f8,0x88fd,0x88e8,0x891a,0x88ef,//	47990 [bb76] 
0x8aa6,0x8a8c,0x8a9e,0x8aa3,0x8a8d,0x8aa1,0x8a93,0x8aa4,0x0000,0x0000,//	48000 [bb80] 
0x0000,0x0000,0x0000,0x0000,0x0000,0x0000,0x0000,0x0000,0x0000,0x0000,//	48010 [bb8a] 
0x0000,0x0000,0x0000,0x0000,0x0000,0x0000,0x0000,0x0000,0x0000,0x0000,//	48020 [bb94] 
0x0000,0x0000,0x0000,0x0000,0x0000,0x0000,0x0000,0x0000,0x0000,0x0000,//	48030 [bb9e] 
0x0000,0x0000,0x8aaa,0x8aa5,0x8aa8,0x8a98,0x8a91,0x8a9a,0x8aa7,0x8c6a,//	48040 [bba8] 
0x8c8d,0x8c8c,0x8cd3,0x8cd1,0x8cd2,0x8d6b,0x8d99,0x8d95,0x8dfc,0x8f14,//	48050 [bbb2] 
0x8f12,0x8f15,0x8f13,0x8fa3,0x9060,0x9058,0x905c,0x9063,0x9059,0x905e,//	48060 [bbbc] 
0x9062,0x905d,0x905b,0x9119,0x9118,0x911e,0x9175,0x9178,0x9177,0x9174,//	48070 [bbc6] 
0x9278,0x9280,0x9285,0x9298,0x9296,0x927b,0x9293,0x929c,0x92a8,0x927c,//	48080 [bbd0] 
0x9291,0x95a1,0x95a8,0x95a9,0x95a3,0x95a5,0x95a4,0x9699,0x969c,0x969b,//	48090 [bbda] 
0x96cc,0x96d2,0x9700,0x977c,0x9785,0x97f6,0x9817,0x9818,0x98af,0x98b1,//	48100 [bbe4] 
0x9903,0x9905,0x990c,0x9909,0x99c1,0x9aaf,0x9ab0,0x9ae6,0x9b41,0x9b42,//	48110 [bbee] 
0x9cf4,0x9cf6,0x9cf3,0x9ebc,0x9f3b,0x9f4a,0x5104,0x5100,0x50fb,0x50f5,//	48120 [bbf8] 
0x50f9,0x5102,0x5108,0x5109,0x5105,0x51dc,0x0000,0x0000,0x0000,0x0000,//	48130 [bc02] 
0x0000,0x0000,0x0000,0x0000,0x0000,0x0000,0x0000,0x0000,0x0000,0x0000,//	48140 [bc0c] 
0x0000,0x0000,0x0000,0x0000,0x0000,0x0000,0x0000,0x0000,0x0000,0x0000,//	48150 [bc16] 
0x0000,0x0000,0x0000,0x0000,0x0000,0x0000,0x0000,0x0000,0x0000,0x0000,//	48160 [bc20] 
0x0000,0x0000,0x0000,0x0000,0x0000,0x0000,0x0000,0x0000,0x0000,0x0000,//	48170 [bc2a] 
0x0000,0x0000,0x0000,0x0000,0x0000,0x0000,0x0000,0x0000,0x0000,0x0000,//	48180 [bc34] 
0x0000,0x0000,0x0000,0x0000,0x0000,0x0000,0x0000,0x0000,0x0000,0x0000,//	48190 [bc3e] 
0x0000,0x5287,0x5288,0x5289,0x528d,0x528a,0x52f0,0x53b2,0x562e,0x563b,//	48200 [bc48] 
0x5639,0x5632,0x563f,0x5634,0x5629,0x5653,0x564e,0x5657,0x5674,0x5636,//	48210 [bc52] 
0x562f,0x5630,0x5880,0x589f,0x589e,0x58b3,0x589c,0x58ae,0x58a9,0x58a6,//	48220 [bc5c] 
0x596d,0x5b09,0x5afb,0x5b0b,0x5af5,0x5b0c,0x5b08,0x5bee,0x5bec,0x5be9,//	48230 [bc66] 
0x5beb,0x5c64,0x5c65,0x5d9d,0x5d94,0x5e62,0x5e5f,0x5e61,0x5ee2,0x5eda,//	48240 [bc70] 
0x5edf,0x5edd,0x5ee3,0x5ee0,0x5f48,0x5f71,0x5fb7,0x5fb5,0x6176,0x6167,//	48250 [bc7a] 
0x616e,0x615d,0x6155,0x6182,0x0000,0x0000,0x0000,0x0000,0x0000,0x0000,//	48260 [bc84] 
0x0000,0x0000,0x0000,0x0000,0x0000,0x0000,0x0000,0x0000,0x0000,0x0000,//	48270 [bc8e] 
0x0000,0x0000,0x0000,0x0000,0x0000,0x0000,0x0000,0x0000,0x0000,0x0000,//	48280 [bc98] 
0x0000,0x0000,0x0000,0x0000,0x0000,0x0000,0x0000,0x0000,0x617c,0x6170,//	48290 [bca2] 
0x616b,0x617e,0x61a7,0x6190,0x61ab,0x618e,0x61ac,0x619a,0x61a4,0x6194,//	48300 [bcac] 
0x61ae,0x622e,0x6469,0x646f,0x6479,0x649e,0x64b2,0x6488,0x6490,0x64b0,//	48310 [bcb6] 
0x64a5,0x6493,0x6495,0x64a9,0x6492,0x64ae,0x64ad,0x64ab,0x649a,0x64ac,//	48320 [bcc0] 
0x6499,0x64a2,0x64b3,0x6575,0x6577,0x6578,0x66ae,0x66ab,0x66b4,0x66b1,//	48330 [bcca] 
0x6a23,0x6a1f,0x69e8,0x6a01,0x6a1e,0x6a19,0x69fd,0x6a21,0x6a13,0x6a0a,//	48340 [bcd4] 
0x69f3,0x6a02,0x6a05,0x69ed,0x6a11,0x6b50,0x6b4e,0x6ba4,0x6bc5,0x6bc6,//	48350 [bcde] 
0x6f3f,0x6f7c,0x6f84,0x6f51,0x6f66,0x6f54,0x6f86,0x6f6d,0x6f5b,0x6f78,//	48360 [bce8] 
0x6f6e,0x6f8e,0x6f7a,0x6f70,0x6f64,0x6f97,0x6f58,0x6ed5,0x6f6f,0x6f60,//	48370 [bcf2] 
0x6f5f,0x719f,0x71ac,0x71b1,0x71a8,0x7256,0x729b,0x734e,0x7357,0x7469,//	48380 [bcfc] 
0x748b,0x7483,0x0000,0x0000,0x0000,0x0000,0x0000,0x0000,0x0000,0x0000,//	48390 [bd06] 
0x0000,0x0000,0x0000,0x0000,0x0000,0x0000,0x0000,0x0000,0x0000,0x0000,//	48400 [bd10] 
0x0000,0x0000,0x0000,0x0000,0x0000,0x0000,0x0000,0x0000,0x0000,0x0000,//	48410 [bd1a] 
0x0000,0x0000,0x0000,0x0000,0x0000,0x0000,0x0000,0x0000,0x0000,0x0000,//	48420 [bd24] 
0x0000,0x0000,0x0000,0x0000,0x0000,0x0000,0x0000,0x0000,0x0000,0x0000,//	48430 [bd2e] 
0x0000,0x0000,0x0000,0x0000,0x0000,0x0000,0x0000,0x0000,0x0000,0x0000,//	48440 [bd38] 
0x0000,0x0000,0x0000,0x0000,0x0000,0x0000,0x0000,0x747e,0x7480,0x757f,//	48450 [bd42] 
0x7620,0x7629,0x761f,0x7624,0x7626,0x7621,0x7622,0x769a,0x76ba,0x76e4,//	48460 [bd4c] 
0x778e,0x7787,0x778c,0x7791,0x778b,0x78cb,0x78c5,0x78ba,0x78ca,0x78be,//	48470 [bd56] 
0x78d5,0x78bc,0x78d0,0x7a3f,0x7a3c,0x7a40,0x7a3d,0x7a37,0x7a3b,0x7aaf,//	48480 [bd60] 
0x7aae,0x7bad,0x7bb1,0x7bc4,0x7bb4,0x7bc6,0x7bc7,0x7bc1,0x7ba0,0x7bcc,//	48490 [bd6a] 
0x7cca,0x7de0,0x7df4,0x7def,0x7dfb,0x7dd8,0x7dec,0x7ddd,0x7de8,0x7de3,//	48500 [bd74] 
0x7dda,0x7dde,0x7de9,0x7d9e,0x7dd9,0x7df2,0x7df9,0x7f75,0x7f77,0x7faf,//	48510 [bd7e] 
0x0000,0x0000,0x0000,0x0000,0x0000,0x0000,0x0000,0x0000,0x0000,0x0000,//	48520 [bd88] 
0x0000,0x0000,0x0000,0x0000,0x0000,0x0000,0x0000,0x0000,0x0000,0x0000,//	48530 [bd92] 
0x0000,0x0000,0x0000,0x0000,0x0000,0x0000,0x0000,0x0000,0x0000,0x0000,//	48540 [bd9c] 
0x0000,0x0000,0x0000,0x0000,0x7fe9,0x8026,0x819b,0x819c,0x819d,0x81a0,//	48550 [bda6] 
0x819a,0x8198,0x8517,0x853d,0x851a,0x84ee,0x852c,0x852d,0x8513,0x8511,//	48560 [bdb0] 
0x8523,0x8521,0x8514,0x84ec,0x8525,0x84ff,0x8506,0x8782,0x8774,0x8776,//	48570 [bdba] 
0x8760,0x8766,0x8778,0x8768,0x8759,0x8757,0x874c,0x8753,0x885b,0x885d,//	48580 [bdc4] 
0x8910,0x8907,0x8912,0x8913,0x8915,0x890a,0x8abc,0x8ad2,0x8ac7,0x8ac4,//	48590 [bdce] 
0x8a95,0x8acb,0x8af8,0x8ab2,0x8ac9,0x8ac2,0x8abf,0x8ab0,0x8ad6,0x8acd,//	48600 [bdd8] 
0x8ab6,0x8ab9,0x8adb,0x8c4c,0x8c4e,0x8c6c,0x8ce0,0x8cde,0x8ce6,0x8ce4,//	48610 [bde2] 
0x8cec,0x8ced,0x8ce2,0x8ce3,0x8cdc,0x8cea,0x8ce1,0x8d6d,0x8d9f,0x8da3,//	48620 [bdec] 
0x8e2b,0x8e10,0x8e1d,0x8e22,0x8e0f,0x8e29,0x8e1f,0x8e21,0x8e1e,0x8eba,//	48630 [bdf6] 
0x8f1d,0x8f1b,0x8f1f,0x8f29,0x8f26,0x8f2a,0x8f1c,0x8f1e,0x0000,0x0000,//	48640 [be00] 
0x0000,0x0000,0x0000,0x0000,0x0000,0x0000,0x0000,0x0000,0x0000,0x0000,//	48650 [be0a] 
0x0000,0x0000,0x0000,0x0000,0x0000,0x0000,0x0000,0x0000,0x0000,0x0000,//	48660 [be14] 
0x0000,0x0000,0x0000,0x0000,0x0000,0x0000,0x0000,0x0000,0x0000,0x0000,//	48670 [be1e] 
0x0000,0x0000,0x0000,0x0000,0x0000,0x0000,0x0000,0x0000,0x0000,0x0000,//	48680 [be28] 
0x0000,0x0000,0x0000,0x0000,0x0000,0x0000,0x0000,0x0000,0x0000,0x0000,//	48690 [be32] 
0x0000,0x0000,0x0000,0x0000,0x0000,0x0000,0x0000,0x0000,0x0000,0x0000,//	48700 [be3c] 
0x0000,0x0000,0x0000,0x8f25,0x9069,0x906e,0x9068,0x906d,0x9077,0x9130,//	48710 [be46] 
0x912d,0x9127,0x9131,0x9187,0x9189,0x918b,0x9183,0x92c5,0x92bb,0x92b7,//	48720 [be50] 
0x92ea,0x92ac,0x92e4,0x92c1,0x92b3,0x92bc,0x92d2,0x92c7,0x92f0,0x92b2,//	48730 [be5a] 
0x95ad,0x95b1,0x9704,0x9706,0x9707,0x9709,0x9760,0x978d,0x978b,0x978f,//	48740 [be64] 
0x9821,0x982b,0x981c,0x98b3,0x990a,0x9913,0x9912,0x9918,0x99dd,0x99d0,//	48750 [be6e] 
0x99df,0x99db,0x99d1,0x99d5,0x99d2,0x99d9,0x9ab7,0x9aee,0x9aef,0x9b27,//	48760 [be78] 
0x9b45,0x9b44,0x9b77,0x9b6f,0x9d06,0x9d09,0x0000,0x0000,0x0000,0x0000,//	48770 [be82] 
0x0000,0x0000,0x0000,0x0000,0x0000,0x0000,0x0000,0x0000,0x0000,0x0000,//	48780 [be8c] 
0x0000,0x0000,0x0000,0x0000,0x0000,0x0000,0x0000,0x0000,0x0000,0x0000,//	48790 [be96] 
0x0000,0x0000,0x0000,0x0000,0x0000,0x0000,0x0000,0x0000,0x0000,0x0000,//	48800 [bea0] 
0x9d03,0x9ea9,0x9ebe,0x9ece,0x58a8,0x9f52,0x5112,0x5118,0x5114,0x5110,//	48810 [beaa] 
0x5115,0x5180,0x51aa,0x51dd,0x5291,0x5293,0x52f3,0x5659,0x566b,0x5679,//	48820 [beb4] 
0x5669,0x5664,0x5678,0x566a,0x5668,0x5665,0x5671,0x566f,0x566c,0x5662,//	48830 [bebe] 
0x5676,0x58c1,0x58be,0x58c7,0x58c5,0x596e,0x5b1d,0x5b34,0x5b78,0x5bf0,//	48840 [bec8] 
0x5c0e,0x0000,0x61b2,0x6191,0x61a9,0x618a,0x61cd,0x61b6,0x61be,0x61ca,//	48850 [bed2] 
0x61c8,0x6230,0x64c5,0x64c1,0x64cb,0x64bb,0x64bc,0x64da,0x64c4,0x64c7,//	48860 [bedc] 
0x64c2,0x64cd,0x64bf,0x64d2,0x64d4,0x64be,0x6574,0x66c6,0x66c9,0x66b9,//	48870 [bee6] 
0x66c4,0x66c7,0x66b8,0x6a3d,0x6a38,0x6a3a,0x6a59,0x6a6b,0x6a58,0x6a39,//	48880 [bef0] 
0x6a44,0x6a62,0x6a61,0x6a4b,0x6a47,0x6a35,0x6a5f,0x6a48,0x6b59,0x6b77,//	48890 [befa] 
0x6c05,0x6fc2,0x6fb1,0x6fa1,0x0000,0x0000,0x0000,0x0000,0x0000,0x0000,//	48900 [bf04] 
0x0000,0x0000,0x0000,0x0000,0x0000,0x0000,0x0000,0x0000,0x0000,0x0000,//	48910 [bf0e] 
0x0000,0x0000,0x0000,0x0000,0x0000,0x0000,0x0000,0x0000,0x0000,0x0000,//	48920 [bf18] 
0x0000,0x0000,0x0000,0x0000,0x0000,0x0000,0x0000,0x0000,0x0000,0x0000,//	48930 [bf22] 
0x0000,0x0000,0x0000,0x0000,0x0000,0x0000,0x0000,0x0000,0x0000,0x0000,//	48940 [bf2c] 
0x0000,0x0000,0x0000,0x0000,0x0000,0x0000,0x0000,0x0000,0x0000,0x0000,//	48950 [bf36] 
0x0000,0x0000,0x0000,0x0000,0x0000,0x0000,0x0000,0x0000,0x0000,0x6fc3,//	48960 [bf40] 
0x6fa4,0x6fc1,0x6fa7,0x6fb3,0x6fc0,0x6fb9,0x6fb6,0x6fa6,0x6fa0,0x6fb4,//	48970 [bf4a] 
0x71be,0x71c9,0x71d0,0x71d2,0x71c8,0x71d5,0x71b9,0x71ce,0x71d9,0x71dc,//	48980 [bf54] 
0x71c3,0x71c4,0x7368,0x749c,0x74a3,0x7498,0x749f,0x749e,0x74e2,0x750c,//	48990 [bf5e] 
0x750d,0x7634,0x7638,0x763a,0x76e7,0x76e5,0x77a0,0x779e,0x779f,0x77a5,//	49000 [bf68] 
0x78e8,0x78da,0x78ec,0x78e7,0x79a6,0x7a4d,0x7a4e,0x7a46,0x7a4c,0x7a4b,//	49010 [bf72] 
0x7aba,0x7bd9,0x7c11,0x7bc9,0x7be4,0x7bdb,0x7be1,0x7be9,0x7be6,0x7cd5,//	49020 [bf7c] 
0x7cd6,0x7e0a,0x0000,0x0000,0x0000,0x0000,0x0000,0x0000,0x0000,0x0000,//	49030 [bf86] 
0x0000,0x0000,0x0000,0x0000,0x0000,0x0000,0x0000,0x0000,0x0000,0x0000,//	49040 [bf90] 
0x0000,0x0000,0x0000,0x0000,0x0000,0x0000,0x0000,0x0000,0x0000,0x0000,//	49050 [bf9a] 
0x0000,0x0000,0x0000,0x0000,0x0000,0x0000,0x7e11,0x7e08,0x7e1b,0x7e23,//	49060 [bfa4] 
0x7e1e,0x7e1d,0x7e09,0x7e10,0x7f79,0x7fb2,0x7ff0,0x7ff1,0x7fee,0x8028,//	49070 [bfae] 
0x81b3,0x81a9,0x81a8,0x81fb,0x8208,0x8258,0x8259,0x854a,0x8559,0x8548,//	49080 [bfb8] 
0x8568,0x8569,0x8543,0x8549,0x856d,0x856a,0x855e,0x8783,0x879f,0x879e,//	49090 [bfc2] 
0x87a2,0x878d,0x8861,0x892a,0x8932,0x8925,0x892b,0x8921,0x89aa,0x89a6,//	49100 [bfcc] 
0x8ae6,0x8afa,0x8aeb,0x8af1,0x8b00,0x8adc,0x8ae7,0x8aee,0x8afe,0x8b01,//	49110 [bfd6] 
0x8b02,0x8af7,0x8aed,0x8af3,0x8af6,0x8afc,0x8c6b,0x8c6d,0x8c93,0x8cf4,//	49120 [bfe0] 
0x8e44,0x8e31,0x8e34,0x8e42,0x8e39,0x8e35,0x8f3b,0x8f2f,0x8f38,0x8f33,//	49130 [bfea] 
0x8fa8,0x8fa6,0x9075,0x9074,0x9078,0x9072,0x907c,0x907a,0x9134,0x9192,//	49140 [bff4] 
0x9320,0x9336,0x92f8,0x9333,0x932f,0x9322,0x92fc,0x932b,0x9304,0x931a,//	49150 [bffe] 
0x0000,0x0000,0x0000,0x0000,0x0000,0x0000,0x0000,0x0000,0x0000,0x0000,//	49160 [c008] 
0x0000,0x0000,0x0000,0x0000,0x0000,0x0000,0x0000,0x0000,0x0000,0x0000,//	49170 [c012] 
0x0000,0x0000,0x0000,0x0000,0x0000,0x0000,0x0000,0x0000,0x0000,0x0000,//	49180 [c01c] 
0x0000,0x0000,0x0000,0x0000,0x0000,0x0000,0x0000,0x0000,0x0000,0x0000,//	49190 [c026] 
0x0000,0x0000,0x0000,0x0000,0x0000,0x0000,0x0000,0x0000,0x0000,0x0000,//	49200 [c030] 
0x0000,0x0000,0x0000,0x0000,0x0000,0x0000,0x0000,0x0000,0x0000,0x0000,//	49210 [c03a] 
0x0000,0x0000,0x0000,0x0000,0x0000,0x9310,0x9326,0x9321,0x9315,0x932e,//	49220 [c044] 
0x9319,0x95bb,0x96a7,0x96a8,0x96aa,0x96d5,0x970e,0x9711,0x9716,0x970d,//	49230 [c04e] 
0x9713,0x970f,0x975b,0x975c,0x9766,0x9798,0x9830,0x9838,0x983b,0x9837,//	49240 [c058] 
0x982d,0x9839,0x9824,0x9910,0x9928,0x991e,0x991b,0x9921,0x991a,0x99ed,//	49250 [c062] 
0x99e2,0x99f1,0x9ab8,0x9abc,0x9afb,0x9aed,0x9b28,0x9b91,0x9d15,0x9d23,//	49260 [c06c] 
0x9d26,0x9d28,0x9d12,0x9d1b,0x9ed8,0x9ed4,0x9f8d,0x9f9c,0x512a,0x511f,//	49270 [c076] 
0x5121,0x5132,0x52f5,0x568e,0x5680,0x5690,0x5685,0x5687,0x0000,0x0000,//	49280 [c080] 
0x0000,0x0000,0x0000,0x0000,0x0000,0x0000,0x0000,0x0000,0x0000,0x0000,//	49290 [c08a] 
0x0000,0x0000,0x0000,0x0000,0x0000,0x0000,0x0000,0x0000,0x0000,0x0000,//	49300 [c094] 
0x0000,0x0000,0x0000,0x0000,0x0000,0x0000,0x0000,0x0000,0x0000,0x0000,//	49310 [c09e] 
0x0000,0x0000,0x568f,0x58d5,0x58d3,0x58d1,0x58ce,0x5b30,0x5b2a,0x5b24,//	49320 [c0a8] 
0x5b7a,0x5c37,0x5c68,0x5dbc,0x5dba,0x5dbd,0x5db8,0x5e6b,0x5f4c,0x5fbd,//	49330 [c0b2] 
0x61c9,0x61c2,0x61c7,0x61e6,0x61cb,0x6232,0x6234,0x64ce,0x64ca,0x64d8,//	49340 [c0bc] 
0x64e0,0x64f0,0x64e6,0x64ec,0x64f1,0x64e2,0x64ed,0x6582,0x6583,0x66d9,//	49350 [c0c6] 
0x66d6,0x6a80,0x6a94,0x6a84,0x6aa2,0x6a9c,0x6adb,0x6aa3,0x6a7e,0x6a97,//	49360 [c0d0] 
0x6a90,0x6aa0,0x6b5c,0x6bae,0x6bda,0x6c08,0x6fd8,0x6ff1,0x6fdf,0x6fe0,//	49370 [c0da] 
0x6fdb,0x6fe4,0x6feb,0x6fef,0x6f80,0x6fec,0x6fe1,0x6fe9,0x6fd5,0x6fee,//	49380 [c0e4] 
0x6ff0,0x71e7,0x71df,0x71ee,0x71e6,0x71e5,0x71ed,0x71ec,0x71f4,0x71e0,//	49390 [c0ee] 
0x7235,0x7246,0x7370,0x7372,0x74a9,0x74b0,0x74a6,0x74a8,0x7646,0x7642,//	49400 [c0f8] 
0x764c,0x76ea,0x77b3,0x77aa,0x77b0,0x77ac,0x0000,0x0000,0x0000,0x0000,//	49410 [c102] 
0x0000,0x0000,0x0000,0x0000,0x0000,0x0000,0x0000,0x0000,0x0000,0x0000,//	49420 [c10c] 
0x0000,0x0000,0x0000,0x0000,0x0000,0x0000,0x0000,0x0000,0x0000,0x0000,//	49430 [c116] 
0x0000,0x0000,0x0000,0x0000,0x0000,0x0000,0x0000,0x0000,0x0000,0x0000,//	49440 [c120] 
0x0000,0x0000,0x0000,0x0000,0x0000,0x0000,0x0000,0x0000,0x0000,0x0000,//	49450 [c12a] 
0x0000,0x0000,0x0000,0x0000,0x0000,0x0000,0x0000,0x0000,0x0000,0x0000,//	49460 [c134] 
0x0000,0x0000,0x0000,0x0000,0x0000,0x0000,0x0000,0x0000,0x0000,0x0000,//	49470 [c13e] 
0x0000,0x77a7,0x77ad,0x77ef,0x78f7,0x78fa,0x78f4,0x78ef,0x7901,0x79a7,//	49480 [c148] 
0x79aa,0x7a57,0x7abf,0x7c07,0x7c0d,0x7bfe,0x7bf7,0x7c0c,0x7be0,0x7ce0,//	49490 [c152] 
0x7cdc,0x7cde,0x7ce2,0x7cdf,0x7cd9,0x7cdd,0x7e2e,0x7e3e,0x7e46,0x7e37,//	49500 [c15c] 
0x7e32,0x7e43,0x7e2b,0x7e3d,0x7e31,0x7e45,0x7e41,0x7e34,0x7e39,0x7e48,//	49510 [c166] 
0x7e35,0x7e3f,0x7e2f,0x7f44,0x7ff3,0x7ffc,0x8071,0x8072,0x8070,0x806f,//	49520 [c170] 
0x8073,0x81c6,0x81c3,0x81ba,0x81c2,0x81c0,0x81bf,0x81bd,0x81c9,0x81be,//	49530 [c17a] 
0x81e8,0x8209,0x8271,0x85aa,0x0000,0x0000,0x0000,0x0000,0x0000,0x0000,//	49540 [c184] 
0x0000,0x0000,0x0000,0x0000,0x0000,0x0000,0x0000,0x0000,0x0000,0x0000,//	49550 [c18e] 
0x0000,0x0000,0x0000,0x0000,0x0000,0x0000,0x0000,0x0000,0x0000,0x0000,//	49560 [c198] 
0x0000,0x0000,0x0000,0x0000,0x0000,0x0000,0x0000,0x0000,0x8584,0x857e,//	49570 [c1a2] 
0x859c,0x8591,0x8594,0x85af,0x859b,0x8587,0x85a8,0x858a,0x8667,0x87c0,//	49580 [c1ac] 
0x87d1,0x87b3,0x87d2,0x87c6,0x87ab,0x87bb,0x87ba,0x87c8,0x87cb,0x893b,//	49590 [c1b6] 
0x8936,0x8944,0x8938,0x893d,0x89ac,0x8b0e,0x8b17,0x8b19,0x8b1b,0x8b0a,//	49600 [c1c0] 
0x8b20,0x8b1d,0x8b04,0x8b10,0x8c41,0x8c3f,0x8c73,0x8cfa,0x8cfd,0x8cfc,//	49610 [c1ca] 
0x8cf8,0x8cfb,0x8da8,0x8e49,0x8e4b,0x8e48,0x8e4a,0x8f44,0x8f3e,0x8f42,//	49620 [c1d4] 
0x8f45,0x8f3f,0x907f,0x907d,0x9084,0x9081,0x9082,0x9080,0x9139,0x91a3,//	49630 [c1de] 
0x919e,0x919c,0x934d,0x9382,0x9328,0x9375,0x934a,0x9365,0x934b,0x9318,//	49640 [c1e8] 
0x937e,0x936c,0x935b,0x9370,0x935a,0x9354,0x95ca,0x95cb,0x95cc,0x95c8,//	49650 [c1f2] 
0x95c6,0x96b1,0x96b8,0x96d6,0x971c,0x971e,0x97a0,0x97d3,0x9846,0x98b6,//	49660 [c1fc] 
0x9935,0x9a01,0x0000,0x0000,0x0000,0x0000,0x0000,0x0000,0x0000,0x0000,//	49670 [c206] 
0x0000,0x0000,0x0000,0x0000,0x0000,0x0000,0x0000,0x0000,0x0000,0x0000,//	49680 [c210] 
0x0000,0x0000,0x0000,0x0000,0x0000,0x0000,0x0000,0x0000,0x0000,0x0000,//	49690 [c21a] 
0x0000,0x0000,0x0000,0x0000,0x0000,0x0000,0x0000,0x0000,0x0000,0x0000,//	49700 [c224] 
0x0000,0x0000,0x0000,0x0000,0x0000,0x0000,0x0000,0x0000,0x0000,0x0000,//	49710 [c22e] 
0x0000,0x0000,0x0000,0x0000,0x0000,0x0000,0x0000,0x0000,0x0000,0x0000,//	49720 [c238] 
0x0000,0x0000,0x0000,0x0000,0x0000,0x0000,0x0000,0x99ff,0x9bae,0x9bab,//	49730 [c242] 
0x9baa,0x9bad,0x9d3b,0x9d3f,0x9e8b,0x9ecf,0x9ede,0x9edc,0x9edd,0x9edb,//	49740 [c24c] 
0x9f3e,0x9f4b,0x53e2,0x5695,0x56ae,0x58d9,0x58d8,0x5b38,0x5f5d,0x61e3,//	49750 [c256] 
0x6233,0x64f4,0x64f2,0x64fe,0x6506,0x64fa,0x64fb,0x64f7,0x65b7,0x66dc,//	49760 [c260] 
0x6726,0x6ab3,0x6aac,0x6ac3,0x6abb,0x6ab8,0x6ac2,0x6aae,0x6aaf,0x6b5f,//	49770 [c26a] 
0x6b78,0x6baf,0x7009,0x700b,0x6ffe,0x7006,0x6ffa,0x7011,0x700f,0x71fb,//	49780 [c274] 
0x71fc,0x71fe,0x71f8,0x7377,0x7375,0x74a7,0x74bf,0x7515,0x7656,0x7658,//	49790 [c27e] 
0x0000,0x0000,0x0000,0x0000,0x0000,0x0000,0x0000,0x0000,0x0000,0x0000,//	49800 [c288] 
0x0000,0x0000,0x0000,0x0000,0x0000,0x0000,0x0000,0x0000,0x0000,0x0000,//	49810 [c292] 
0x0000,0x0000,0x0000,0x0000,0x0000,0x0000,0x0000,0x0000,0x0000,0x0000,//	49820 [c29c] 
0x0000,0x0000,0x0000,0x0000,0x7652,0x77bd,0x77bf,0x77bb,0x77bc,0x790e,//	49830 [c2a6] 
0x79ae,0x7a61,0x7a62,0x7a60,0x7ac4,0x7ac5,0x7c2b,0x7c27,0x7c2a,0x7c1e,//	49840 [c2b0] 
0x7c23,0x7c21,0x7ce7,0x7e54,0x7e55,0x7e5e,0x7e5a,0x7e61,0x7e52,0x7e59,//	49850 [c2ba] 
0x7f48,0x7ff9,0x7ffb,0x8077,0x8076,0x81cd,0x81cf,0x820a,0x85cf,0x85a9,//	49860 [c2c4] 
0x85cd,0x85d0,0x85c9,0x85b0,0x85ba,0x85b9,0x85a6,0x87ef,0x87ec,0x87f2,//	49870 [c2ce] 
0x87e0,0x8986,0x89b2,0x89f4,0x8b28,0x8b39,0x8b2c,0x8b2b,0x8c50,0x8d05,//	49880 [c2d8] 
0x8e59,0x8e63,0x8e66,0x8e64,0x8e5f,0x8e55,0x8ec0,0x8f49,0x8f4d,0x9087,//	49890 [c2e2] 
0x9083,0x9088,0x91ab,0x91ac,0x91d0,0x9394,0x938a,0x9396,0x93a2,0x93b3,//	49900 [c2ec] 
0x93ae,0x93ac,0x93b0,0x9398,0x939a,0x9397,0x95d4,0x95d6,0x95d0,0x95d5,//	49910 [c2f6] 
0x96e2,0x96dc,0x96d9,0x96db,0x96de,0x9724,0x97a3,0x97a6,0x0000,0x0000,//	49920 [c300] 
0x0000,0x0000,0x0000,0x0000,0x0000,0x0000,0x0000,0x0000,0x0000,0x0000,//	49930 [c30a] 
0x0000,0x0000,0x0000,0x0000,0x0000,0x0000,0x0000,0x0000,0x0000,0x0000,//	49940 [c314] 
0x0000,0x0000,0x0000,0x0000,0x0000,0x0000,0x0000,0x0000,0x0000,0x0000,//	49950 [c31e] 
0x0000,0x0000,0x0000,0x0000,0x0000,0x0000,0x0000,0x0000,0x0000,0x0000,//	49960 [c328] 
0x0000,0x0000,0x0000,0x0000,0x0000,0x0000,0x0000,0x0000,0x0000,0x0000,//	49970 [c332] 
0x0000,0x0000,0x0000,0x0000,0x0000,0x0000,0x0000,0x0000,0x0000,0x0000,//	49980 [c33c] 
0x0000,0x0000,0x0000,0x97ad,0x97f9,0x984d,0x984f,0x984c,0x984e,0x9853,//	49990 [c346] 
0x98ba,0x993e,0x993f,0x993d,0x992e,0x99a5,0x9a0e,0x9ac1,0x9b03,0x9b06,//	50000 [c350] 
0x9b4f,0x9b4e,0x9b4d,0x9bca,0x9bc9,0x9bfd,0x9bc8,0x9bc0,0x9d51,0x9d5d,//	50010 [c35a] 
0x9d60,0x9ee0,0x9f15,0x9f2c,0x5133,0x56a5,0x58de,0x58df,0x58e2,0x5bf5,//	50020 [c364] 
0x9f90,0x5eec,0x61f2,0x61f7,0x61f6,0x61f5,0x6500,0x650f,0x66e0,0x66dd,//	50030 [c36e] 
0x6ae5,0x6add,0x6ada,0x6ad3,0x701b,0x701f,0x7028,0x701a,0x701d,0x7015,//	50040 [c378] 
0x7018,0x7206,0x720d,0x7258,0x72a2,0x7378,0x0000,0x0000,0x0000,0x0000,//	50050 [c382] 
0x0000,0x0000,0x0000,0x0000,0x0000,0x0000,0x0000,0x0000,0x0000,0x0000,//	50060 [c38c] 
0x0000,0x0000,0x0000,0x0000,0x0000,0x0000,0x0000,0x0000,0x0000,0x0000,//	50070 [c396] 
0x0000,0x0000,0x0000,0x0000,0x0000,0x0000,0x0000,0x0000,0x0000,0x0000,//	50080 [c3a0] 
0x737a,0x74bd,0x74ca,0x74e3,0x7587,0x7586,0x765f,0x7661,0x77c7,0x7919,//	50090 [c3aa] 
0x79b1,0x7a6b,0x7a69,0x7c3e,0x7c3f,0x7c38,0x7c3d,0x7c37,0x7c40,0x7e6b,//	50100 [c3b4] 
0x7e6d,0x7e79,0x7e69,0x7e6a,0x7f85,0x7e73,0x7fb6,0x7fb9,0x7fb8,0x81d8,//	50110 [c3be] 
0x85e9,0x85dd,0x85ea,0x85d5,0x85e4,0x85e5,0x85f7,0x87fb,0x8805,0x880d,//	50120 [c3c8] 
0x87f9,0x87fe,0x8960,0x895f,0x8956,0x895e,0x8b41,0x8b5c,0x8b58,0x8b49,//	50130 [c3d2] 
0x8b5a,0x8b4e,0x8b4f,0x8b46,0x8b59,0x8d08,0x8d0a,0x8e7c,0x8e72,0x8e87,//	50140 [c3dc] 
0x8e76,0x8e6c,0x8e7a,0x8e74,0x8f54,0x8f4e,0x8fad,0x908a,0x908b,0x91b1,//	50150 [c3e6] 
0x91ae,0x93e1,0x93d1,0x93df,0x93c3,0x93c8,0x93dc,0x93dd,0x93d6,0x93e2,//	50160 [c3f0] 
0x93cd,0x93d8,0x93e4,0x93d7,0x93e8,0x95dc,0x96b4,0x96e3,0x972a,0x9727,//	50170 [c3fa] 
0x9761,0x97dc,0x97fb,0x985e,0x0000,0x0000,0x0000,0x0000,0x0000,0x0000,//	50180 [c404] 
0x0000,0x0000,0x0000,0x0000,0x0000,0x0000,0x0000,0x0000,0x0000,0x0000,//	50190 [c40e] 
0x0000,0x0000,0x0000,0x0000,0x0000,0x0000,0x0000,0x0000,0x0000,0x0000,//	50200 [c418] 
0x0000,0x0000,0x0000,0x0000,0x0000,0x0000,0x0000,0x0000,0x0000,0x0000,//	50210 [c422] 
0x0000,0x0000,0x0000,0x0000,0x0000,0x0000,0x0000,0x0000,0x0000,0x0000,//	50220 [c42c] 
0x0000,0x0000,0x0000,0x0000,0x0000,0x0000,0x0000,0x0000,0x0000,0x0000,//	50230 [c436] 
0x0000,0x0000,0x0000,0x0000,0x0000,0x0000,0x0000,0x0000,0x0000,0x9858,//	50240 [c440] 
0x985b,0x98bc,0x9945,0x9949,0x9a16,0x9a19,0x9b0d,0x9be8,0x9be7,0x9bd6,//	50250 [c44a] 
0x9bdb,0x9d89,0x9d61,0x9d72,0x9d6a,0x9d6c,0x9e92,0x9e97,0x9e93,0x9eb4,//	50260 [c454] 
0x52f8,0x56a8,0x56b7,0x56b6,0x56b4,0x56bc,0x58e4,0x5b40,0x5b43,0x5b7d,//	50270 [c45e] 
0x5bf6,0x5dc9,0x61f8,0x61fa,0x6518,0x6514,0x6519,0x66e6,0x6727,0x6aec,//	50280 [c468] 
0x703e,0x7030,0x7032,0x7210,0x737b,0x74cf,0x7662,0x7665,0x7926,0x792a,//	50290 [c472] 
0x792c,0x792b,0x7ac7,0x7af6,0x7c4c,0x7c43,0x7c4d,0x7cef,0x7cf0,0x8fae,//	50300 [c47c] 
0x7e7d,0x7e7c,0x0000,0x0000,0x0000,0x0000,0x0000,0x0000,0x0000,0x0000,//	50310 [c486] 
0x0000,0x0000,0x0000,0x0000,0x0000,0x0000,0x0000,0x0000,0x0000,0x0000,//	50320 [c490] 
0x0000,0x0000,0x0000,0x0000,0x0000,0x0000,0x0000,0x0000,0x0000,0x0000,//	50330 [c49a] 
0x0000,0x0000,0x0000,0x0000,0x0000,0x0000,0x7e82,0x7f4c,0x8000,0x81da,//	50340 [c4a4] 
0x8266,0x85fb,0x85f9,0x8611,0x85fa,0x8606,0x860b,0x8607,0x860a,0x8814,//	50350 [c4ae] 
0x8815,0x8964,0x89ba,0x89f8,0x8b70,0x8b6c,0x8b66,0x8b6f,0x8b5f,0x8b6b,//	50360 [c4b8] 
0x8d0f,0x8d0d,0x8e89,0x8e81,0x8e85,0x8e82,0x91b4,0x91cb,0x9418,0x9403,//	50370 [c4c2] 
0x93fd,0x95e1,0x9730,0x98c4,0x9952,0x9951,0x99a8,0x9a2b,0x9a30,0x9a37,//	50380 [c4cc] 
0x9a35,0x9c13,0x9c0d,0x9e79,0x9eb5,0x9ee8,0x9f2f,0x9f5f,0x9f63,0x9f61,//	50390 [c4d6] 
0x5137,0x5138,0x56c1,0x56c0,0x56c2,0x5914,0x5c6c,0x5dcd,0x61fc,0x61fe,//	50400 [c4e0] 
0x651d,0x651c,0x6595,0x66e9,0x6afb,0x6b04,0x6afa,0x6bb2,0x704c,0x721b,//	50410 [c4ea] 
0x72a7,0x74d6,0x74d4,0x7669,0x77d3,0x7c50,0x7e8f,0x7e8c,0x7fbc,0x8617,//	50420 [c4f4] 
0x862d,0x861a,0x8823,0x8822,0x8821,0x881f,0x896a,0x896c,0x89bd,0x8b74,//	50430 [c4fe] 
0x0000,0x0000,0x0000,0x0000,0x0000,0x0000,0x0000,0x0000,0x0000,0x0000,//	50440 [c508] 
0x0000,0x0000,0x0000,0x0000,0x0000,0x0000,0x0000,0x0000,0x0000,0x0000,//	50450 [c512] 
0x0000,0x0000,0x0000,0x0000,0x0000,0x0000,0x0000,0x0000,0x0000,0x0000,//	50460 [c51c] 
0x0000,0x0000,0x0000,0x0000,0x0000,0x0000,0x0000,0x0000,0x0000,0x0000,//	50470 [c526] 
0x0000,0x0000,0x0000,0x0000,0x0000,0x0000,0x0000,0x0000,0x0000,0x0000,//	50480 [c530] 
0x0000,0x0000,0x0000,0x0000,0x0000,0x0000,0x0000,0x0000,0x0000,0x0000,//	50490 [c53a] 
0x0000,0x0000,0x0000,0x0000,0x0000,0x8b77,0x8b7d,0x8d13,0x8e8a,0x8e8d,//	50500 [c544] 
0x8e8b,0x8f5f,0x8faf,0x91ba,0x942e,0x9433,0x9435,0x943a,0x9438,0x9432,//	50510 [c54e] 
0x942b,0x95e2,0x9738,0x9739,0x9732,0x97ff,0x9867,0x9865,0x9957,0x9a45,//	50520 [c558] 
0x9a43,0x9a40,0x9a3e,0x9acf,0x9b54,0x9b51,0x9c2d,0x9c25,0x9daf,0x9db4,//	50530 [c562] 
0x9dc2,0x9db8,0x9e9d,0x9eef,0x9f19,0x9f5c,0x9f66,0x9f67,0x513c,0x513b,//	50540 [c56c] 
0x56c8,0x56ca,0x56c9,0x5b7f,0x5dd4,0x5dd2,0x5f4e,0x61ff,0x6524,0x6b0a,//	50550 [c576] 
0x6b61,0x7051,0x7058,0x7380,0x74e4,0x758a,0x766e,0x766c,0x0000,0x0000,//	50560 [c580] 
0x0000,0x0000,0x0000,0x0000,0x0000,0x0000,0x0000,0x0000,0x0000,0x0000,//	50570 [c58a] 
0x0000,0x0000,0x0000,0x0000,0x0000,0x0000,0x0000,0x0000,0x0000,0x0000,//	50580 [c594] 
0x0000,0x0000,0x0000,0x0000,0x0000,0x0000,0x0000,0x0000,0x0000,0x0000,//	50590 [c59e] 
0x0000,0x0000,0x79b3,0x7c60,0x7c5f,0x807e,0x807d,0x81df,0x8972,0x896f,//	50600 [c5a8] 
0x89fc,0x8b80,0x8d16,0x8d17,0x8e91,0x8e93,0x8f61,0x9148,0x9444,0x9451,//	50610 [c5b2] 
0x9452,0x973d,0x973e,0x97c3,0x97c1,0x986b,0x9955,0x9a55,0x9a4d,0x9ad2,//	50620 [c5bc] 
0x9b1a,0x9c49,0x9c31,0x9c3e,0x9c3b,0x9dd3,0x9dd7,0x9f34,0x9f6c,0x9f6a,//	50630 [c5c6] 
0x9f94,0x56cc,0x5dd6,0x6200,0x6523,0x652b,0x652a,0x66ec,0x6b10,0x74da,//	50640 [c5d0] 
0x7aca,0x7c64,0x7c63,0x7c65,0x7e93,0x7e96,0x7e94,0x81e2,0x8638,0x863f,//	50650 [c5da] 
0x8831,0x8b8a,0x9090,0x908f,0x9463,0x9460,0x9464,0x9768,0x986f,0x995c,//	50660 [c5e4] 
0x9a5a,0x9a5b,0x9a57,0x9ad3,0x9ad4,0x9ad1,0x9c54,0x9c57,0x9c56,0x9de5,//	50670 [c5ee] 
0x9e9f,0x9ef4,0x56d1,0x58e9,0x652c,0x705e,0x7671,0x7672,0x77d7,0x7f50,//	50680 [c5f8] 
0x7f88,0x8836,0x8839,0x8862,0x8b93,0x8b92,0x0000,0x0000,0x0000,0x0000,//	50690 [c602] 
0x0000,0x0000,0x0000,0x0000,0x0000,0x0000,0x0000,0x0000,0x0000,0x0000,//	50700 [c60c] 
0x0000,0x0000,0x0000,0x0000,0x0000,0x0000,0x0000,0x0000,0x0000,0x0000,//	50710 [c616] 
0x0000,0x0000,0x0000,0x0000,0x0000,0x0000,0x0000,0x0000,0x0000,0x0000,//	50720 [c620] 
0x0000,0x0000,0x0000,0x0000,0x0000,0x0000,0x0000,0x0000,0x0000,0x0000,//	50730 [c62a] 
0x0000,0x0000,0x0000,0x0000,0x0000,0x0000,0x0000,0x0000,0x0000,0x0000,//	50740 [c634] 
0x0000,0x0000,0x0000,0x0000,0x0000,0x0000,0x0000,0x0000,0x0000,0x0000,//	50750 [c63e] 
0x0000,0x8b96,0x8277,0x8d1b,0x91c0,0x946a,0x9742,0x9748,0x9744,0x97c6,//	50760 [c648] 
0x9870,0x9a5f,0x9b22,0x9b58,0x9c5f,0x9df9,0x9dfa,0x9e7c,0x9e7d,0x9f07,//	50770 [c652] 
0x9f77,0x9f72,0x5ef3,0x6b16,0x7063,0x7c6c,0x7c6e,0x883b,0x89c0,0x8ea1,//	50780 [c65c] 
0x91c1,0x9472,0x9470,0x9871,0x995e,0x9ad6,0x9b23,0x9ecc,0x7064,0x77da,//	50790 [c666] 
0x8b9a,0x9477,0x97c9,0x9a62,0x9a65,0x7e9c,0x8b9c,0x8eaa,0x91c5,0x947d,//	50800 [c670] 
0x947e,0x947c,0x9c77,0x9c78,0x9ef7,0x8c54,0x947f,0x9e1a,0x7228,0x9a6a,//	50810 [c67a] 
0x9b31,0x9e1b,0x9e1e,0x7c72,0x0000,0x0000,0x0000,0x0000,0x0000,0x0000,//	50820 [c684] 
0x0000,0x0000,0x0000,0x0000,0x0000,0x0000,0x0000,0x0000,0x0000,0x0000,//	50830 [c68e] 
0x0000,0x0000,0x0000,0x0000,0x0000,0x0000,0x0000,0x0000,0x0000,0x0000,//	50840 [c698] 
0x0000,0x0000,0x0000,0x0000,0x0000,0x0000,0x0000,0x0000,0x30fe,0x309d,//	50850 [c6a2] 
0x309e,0x3005,0x3041,0x3042,0x3043,0x3044,0x3045,0x3046,0x3047,0x3048,//	50860 [c6ac] 
0x3049,0x304a,0x304b,0x304c,0x304d,0x304e,0x304f,0x3050,0x3051,0x3052,//	50870 [c6b6] 
0x3053,0x3054,0x3055,0x3056,0x3057,0x3058,0x3059,0x305a,0x305b,0x305c,//	50880 [c6c0] 
0x305d,0x305e,0x305f,0x3060,0x3061,0x3062,0x3063,0x3064,0x3065,0x3066,//	50890 [c6ca] 
0x3067,0x3068,0x3069,0x306a,0x306b,0x306c,0x306d,0x306e,0x306f,0x3070,//	50900 [c6d4] 
0x3071,0x3072,0x3073,0x3074,0x3075,0x3076,0x3077,0x3078,0x3079,0x307a,//	50910 [c6de] 
0x307b,0x307c,0x307d,0x307e,0x307f,0x3080,0x3081,0x3082,0x3083,0x3084,//	50920 [c6e8] 
0x3085,0x3086,0x3087,0x3088,0x3089,0x308a,0x308b,0x308c,0x308d,0x308e,//	50930 [c6f2] 
0x308f,0x3090,0x3091,0x3092,0x3093,0x30a1,0x30a2,0x30a3,0x30a4,0x30a5,//	50940 [c6fc] 
0x30a6,0x30a7,0x0000,0x0000,0x0000,0x0000,0x0000,0x0000,0x0000,0x0000,//	50950 [c706] 
0x0000,0x0000,0x0000,0x0000,0x0000,0x0000,0x0000,0x0000,0x0000,0x0000,//	50960 [c710] 
0x0000,0x0000,0x0000,0x0000,0x0000,0x0000,0x0000,0x0000,0x0000,0x0000,//	50970 [c71a] 
0x0000,0x0000,0x0000,0x0000,0x0000,0x0000,0x0000,0x0000,0x0000,0x0000,//	50980 [c724] 
0x0000,0x0000,0x0000,0x0000,0x0000,0x0000,0x0000,0x0000,0x0000,0x0000,//	50990 [c72e] 
0x0000,0x0000,0x0000,0x0000,0x0000,0x0000,0x0000,0x0000,0x0000,0x0000,//	51000 [c738] 
0x0000,0x0000,0x0000,0x0000,0x0000,0x0000,0x0000,0x30a8,0x30a9,0x30aa,//	51010 [c742] 
0x30ab,0x30ac,0x30ad,0x30ae,0x30af,0x30b0,0x30b1,0x30b2,0x30b3,0x30b4,//	51020 [c74c] 
0x30b5,0x30b6,0x30b7,0x30b8,0x30b9,0x30ba,0x30bb,0x30bc,0x30bd,0x30be,//	51030 [c756] 
0x30bf,0x30c0,0x30c1,0x30c2,0x30c3,0x30c4,0x30c5,0x30c6,0x30c7,0x30c8,//	51040 [c760] 
0x30c9,0x30ca,0x30cb,0x30cc,0x30cd,0x30ce,0x30cf,0x30d0,0x30d1,0x30d2,//	51050 [c76a] 
0x30d3,0x30d4,0x30d5,0x30d6,0x30d7,0x30d8,0x30d9,0x30da,0x30db,0x30dc,//	51060 [c774] 
0x30dd,0x30de,0x30df,0x30e0,0x30e1,0x30e2,0x30e3,0x30e4,0x30e5,0x30e6,//	51070 [c77e] 
0x0000,0x0000,0x0000,0x0000,0x0000,0x0000,0x0000,0x0000,0x0000,0x0000,//	51080 [c788] 
0x0000,0x0000,0x0000,0x0000,0x0000,0x0000,0x0000,0x0000,0x0000,0x0000,//	51090 [c792] 
0x0000,0x0000,0x0000,0x0000,0x0000,0x0000,0x0000,0x0000,0x0000,0x0000,//	51100 [c79c] 
0x0000,0x0000,0x0000,0x0000,0x30e7,0x30e8,0x30e9,0x30ea,0x30eb,0x30ec,//	51110 [c7a6] 
0x30ed,0x30ee,0x30ef,0x30f0,0x30f1,0x30f2,0x30f3,0x30f4,0x30f5,0x30f6,//	51120 [c7b0] 
0x0414,0x0415,0x0401,0x0416,0x0417,0x0418,0x0419,0x041a,0x041b,0x041c,//	51130 [c7ba] 
0x0423,0x0424,0x0425,0x0426,0x0427,0x0428,0x0429,0x042a,0x042b,0x042c,//	51140 [c7c4] 
0x042d,0x042e,0x042f,0x0430,0x0431,0x0432,0x0433,0x0434,0x0435,0x0451,//	51150 [c7ce] 
0x0436,0x0437,0x0438,0x0439,0x043a,0x043b,0x043c,0x043d,0x043e,0x043f,//	51160 [c7d8] 
0x0440,0x0441,0x0442,0x0443,0x0444,0x0445,0x0446,0x0447,0x0448,0x0449,//	51170 [c7e2] 
0x044a,0x044b,0x044c,0x044d,0x044e,0x044f,0x2460,0x2461,0x2462,0x2463,//	51180 [c7ec] 
0x2464,0x2465,0x2466,0x2467,0x2468,0x2469,0x2474,0x2475,0x2476,0x2477,//	51190 [c7f6] 
0x2478,0x2479,0x247a,0x247b,0x247c,0x247d,0x0000,0x0000,0x0000,0x0000,//	51200 [c800] 
0x0000,0x0000,0x0000,0x0000,0x0000,0x0000,0x0000,0x0000,0x0000,0x0000,//	51210 [c80a] 
0x0000,0x0000,0x0000,0x0000,0x0000,0x0000,0x0000,0x0000,0x0000,0x0000,//	51220 [c814] 
0x0000,0x0000,0x0000,0x0000,0x0000,0x0000,0x0000,0x0000,0x0000,0x0000,//	51230 [c81e] 
0x0000,0x0000,0x0000,0x0000,0x0000,0x0000,0x0000,0x0000,0x0000,0x0000,//	51240 [c828] 
0x0000,0x0000,0x0000,0x0000,0x0000,0x0000,0x0000,0x0000,0x0000,0x0000,//	51250 [c832] 
0x0000,0x0000,0x0000,0x0000,0x0000,0x0000,0x0000,0x0000,0x0000,0x0000,//	51260 [c83c] 
0x0000,0x0000,0x0000,0x0000,0x0000,0x0000,0x0000,0x0000,0x0000,0x0000,//	51270 [c846] 
0x0000,0x0000,0x0000,0x0000,0x0000,0x0000,0x0000,0x0000,0x0000,0x0000,//	51280 [c850] 
0x0000,0x0000,0x0000,0x0000,0x0000,0x0000,0x0000,0x0000,0x0000,0x0000,//	51290 [c85a] 
0x0000,0x0000,0x0000,0x0000,0x0000,0x0000,0x0000,0x0000,0x0000,0x0000,//	51300 [c864] 
0x0000,0x0000,0x0000,0x0000,0x0000,0x0000,0x0000,0x0000,0x0000,0x0000,//	51310 [c86e] 
0x0000,0x0000,0x0000,0x0000,0x0000,0x0000,0x0000,0x0000,0x0000,0x0000,//	51320 [c878] 
0x0000,0x0000,0x0000,0x0000,0x0000,0x0000,0x0000,0x0000,0x0000,0x0000,//	51330 [c882] 
0x0000,0x0000,0x0000,0x0000,0x0000,0x0000,0x0000,0x0000,0x0000,0x0000,//	51340 [c88c] 
0x0000,0x0000,0x0000,0x0000,0x0000,0x0000,0x0000,0x0000,0x0000,0x0000,//	51350 [c896] 
0x0000,0x0000,0x0000,0x0000,0x0000,0x0000,0x0000,0x0000,0x0000,0x0000,//	51360 [c8a0] 
0x0000,0x0000,0x0000,0x0000,0x0000,0x0000,0x0000,0x0000,0x0000,0x0000,//	51370 [c8aa] 
0x0000,0x0000,0x0000,0x0000,0x0000,0x0000,0x0000,0x0000,0x0000,0x0000,//	51380 [c8b4] 
0x0000,0x0000,0x0000,0x0000,0x0000,0x0000,0x0000,0x0000,0x0000,0x0000,//	51390 [c8be] 
0x0000,0x0000,0x0000,0x0000,0x0000,0x0000,0x0000,0x0000,0x0000,0x0000,//	51400 [c8c8] 
0x0000,0x0000,0x0000,0x0000,0x0000,0x0000,0x0000,0x0000,0x0000,0x0000,//	51410 [c8d2] 
0x0000,0x0000,0x0000,0x0000,0x0000,0x0000,0x0000,0x0000,0x0000,0x0000,//	51420 [c8dc] 
0x0000,0x0000,0x0000,0x0000,0x0000,0x0000,0x0000,0x0000,0x0000,0x0000,//	51430 [c8e6] 
0x0000,0x0000,0x0000,0x0000,0x0000,0x0000,0x0000,0x0000,0x0000,0x0000,//	51440 [c8f0] 
0x0000,0x0000,0x0000,0x0000,0x0000,0x0000,0x0000,0x0000,0x0000,0x0000,//	51450 [c8fa] 
0x0000,0x0000,0x0000,0x0000,0x0000,0x0000,0x0000,0x0000,0x0000,0x0000,//	51460 [c904] 
0x0000,0x0000,0x0000,0x0000,0x0000,0x0000,0x0000,0x0000,0x0000,0x0000,//	51470 [c90e] 
0x0000,0x0000,0x0000,0x0000,0x0000,0x0000,0x0000,0x0000,0x0000,0x0000,//	51480 [c918] 
0x0000,0x0000,0x0000,0x0000,0x0000,0x0000,0x0000,0x0000,0x0000,0x0000,//	51490 [c922] 
0x0000,0x0000,0x0000,0x0000,0x0000,0x0000,0x0000,0x0000,0x0000,0x0000,//	51500 [c92c] 
0x0000,0x0000,0x0000,0x0000,0x0000,0x0000,0x0000,0x0000,0x0000,0x0000,//	51510 [c936] 
0x0000,0x0000,0x0000,0x0000,0x0000,0x0000,0x0000,0x0000,0x0000,0x4e42,//	51520 [c940] 
0x4e5c,0x51f5,0x531a,0x5382,0x4e07,0x4e0c,0x4e47,0x4e8d,0x56d7,0xfa0c,//	51530 [c94a] 
0x5c6e,0x5f73,0x4e0f,0x5187,0x4e0e,0x4e2e,0x4e93,0x4ec2,0x4ec9,0x4ec8,//	51540 [c954] 
0x5198,0x52fc,0x536c,0x53b9,0x5720,0x5903,0x592c,0x5c10,0x5dff,0x65e1,//	51550 [c95e] 
0x6bb3,0x6bcc,0x6c14,0x723f,0x4e31,0x4e3c,0x4ee8,0x4edc,0x4ee9,0x4ee1,//	51560 [c968] 
0x4edd,0x4eda,0x520c,0x531c,0x534c,0x5722,0x5723,0x5917,0x592f,0x5b81,//	51570 [c972] 
0x5b84,0x5c12,0x5c3b,0x5c74,0x5c73,0x5e04,0x5e80,0x5e82,0x5fc9,0x6209,//	51580 [c97c] 
0x6250,0x6c15,0x0000,0x0000,0x0000,0x0000,0x0000,0x0000,0x0000,0x0000,//	51590 [c986] 
0x0000,0x0000,0x0000,0x0000,0x0000,0x0000,0x0000,0x0000,0x0000,0x0000,//	51600 [c990] 
0x0000,0x0000,0x0000,0x0000,0x0000,0x0000,0x0000,0x0000,0x0000,0x0000,//	51610 [c99a] 
0x0000,0x0000,0x0000,0x0000,0x0000,0x0000,0x6c36,0x6c43,0x6c3f,0x6c3b,//	51620 [c9a4] 
0x72ae,0x72b0,0x738a,0x79b8,0x808a,0x961e,0x4f0e,0x4f18,0x4f2c,0x4ef5,//	51630 [c9ae] 
0x4f14,0x4ef1,0x4f00,0x4ef7,0x4f08,0x4f1d,0x4f02,0x4f05,0x4f22,0x4f13,//	51640 [c9b8] 
0x4f04,0x4ef4,0x4f12,0x51b1,0x5213,0x5209,0x5210,0x52a6,0x5322,0x531f,//	51650 [c9c2] 
0x534d,0x538a,0x5407,0x56e1,0x56df,0x572e,0x572a,0x5734,0x593c,0x5980,//	51660 [c9cc] 
0x597c,0x5985,0x597b,0x597e,0x5977,0x597f,0x5b56,0x5c15,0x5c25,0x5c7c,//	51670 [c9d6] 
0x5c7a,0x5c7b,0x5c7e,0x5ddf,0x5e75,0x5e84,0x5f02,0x5f1a,0x5f74,0x5fd5,//	51680 [c9e0] 
0x5fd4,0x5fcf,0x625c,0x625e,0x6264,0x6261,0x6266,0x6262,0x6259,0x6260,//	51690 [c9ea] 
0x625a,0x6265,0x65ef,0x65ee,0x673e,0x6739,0x6738,0x673b,0x673a,0x673f,//	51700 [c9f4] 
0x673c,0x6733,0x6c18,0x6c46,0x6c52,0x6c5c,0x6c4f,0x6c4a,0x6c54,0x6c4b,//	51710 [c9fe] 
0x0000,0x0000,0x0000,0x0000,0x0000,0x0000,0x0000,0x0000,0x0000,0x0000,//	51720 [ca08] 
0x0000,0x0000,0x0000,0x0000,0x0000,0x0000,0x0000,0x0000,0x0000,0x0000,//	51730 [ca12] 
0x0000,0x0000,0x0000,0x0000,0x0000,0x0000,0x0000,0x0000,0x0000,0x0000,//	51740 [ca1c] 
0x0000,0x0000,0x0000,0x0000,0x0000,0x0000,0x0000,0x0000,0x0000,0x0000,//	51750 [ca26] 
0x0000,0x0000,0x0000,0x0000,0x0000,0x0000,0x0000,0x0000,0x0000,0x0000,//	51760 [ca30] 
0x0000,0x0000,0x0000,0x0000,0x0000,0x0000,0x0000,0x0000,0x0000,0x0000,//	51770 [ca3a] 
0x0000,0x0000,0x0000,0x0000,0x0000,0x6c4c,0x7071,0x725e,0x72b4,0x72b5,//	51780 [ca44] 
0x738e,0x752a,0x767f,0x7a75,0x7f51,0x8278,0x827c,0x8280,0x827d,0x827f,//	51790 [ca4e] 
0x864d,0x897e,0x9099,0x9097,0x9098,0x909b,0x9094,0x9622,0x9624,0x9620,//	51800 [ca58] 
0x9623,0x4f56,0x4f3b,0x4f62,0x4f49,0x4f53,0x4f64,0x4f3e,0x4f67,0x4f52,//	51810 [ca62] 
0x4f5f,0x4f41,0x4f58,0x4f2d,0x4f33,0x4f3f,0x4f61,0x518f,0x51b9,0x521c,//	51820 [ca6c] 
0x521e,0x5221,0x52ad,0x52ae,0x5309,0x5363,0x5372,0x538e,0x538f,0x5430,//	51830 [ca76] 
0x5437,0x542a,0x5454,0x5445,0x5419,0x541c,0x5425,0x5418,0x0000,0x0000,//	51840 [ca80] 
0x0000,0x0000,0x0000,0x0000,0x0000,0x0000,0x0000,0x0000,0x0000,0x0000,//	51850 [ca8a] 
0x0000,0x0000,0x0000,0x0000,0x0000,0x0000,0x0000,0x0000,0x0000,0x0000,//	51860 [ca94] 
0x0000,0x0000,0x0000,0x0000,0x0000,0x0000,0x0000,0x0000,0x0000,0x0000,//	51870 [ca9e] 
0x0000,0x0000,0x543d,0x544f,0x5441,0x5428,0x5424,0x5447,0x56ee,0x56e7,//	51880 [caa8] 
0x56e5,0x5741,0x5745,0x574c,0x5749,0x574b,0x5752,0x5906,0x5940,0x59a6,//	51890 [cab2] 
0x5998,0x59a0,0x5997,0x598e,0x59a2,0x5990,0x598f,0x59a7,0x59a1,0x5b8e,//	51900 [cabc] 
0x5b92,0x5c28,0x5c2a,0x5c8d,0x5c8f,0x5c88,0x5c8b,0x5c89,0x5c92,0x5c8a,//	51910 [cac6] 
0x5c86,0x5c93,0x5c95,0x5de0,0x5e0a,0x5e0e,0x5e8b,0x5e89,0x5e8c,0x5e88,//	51920 [cad0] 
0x5e8d,0x5f05,0x5f1d,0x5f78,0x5f76,0x5fd2,0x5fd1,0x5fd0,0x5fed,0x5fe8,//	51930 [cada] 
0x5fee,0x5ff3,0x5fe1,0x5fe4,0x5fe3,0x5ffa,0x5fef,0x5ff7,0x5ffb,0x6000,//	51940 [cae4] 
0x5ff4,0x623a,0x6283,0x628c,0x628e,0x628f,0x6294,0x6287,0x6271,0x627b,//	51950 [caee] 
0x627a,0x6270,0x6281,0x6288,0x6277,0x627d,0x6272,0x6274,0x6537,0x65f0,//	51960 [caf8] 
0x65f4,0x65f3,0x65f2,0x65f5,0x6745,0x6747,0x0000,0x0000,0x0000,0x0000,//	51970 [cb02] 
0x0000,0x0000,0x0000,0x0000,0x0000,0x0000,0x0000,0x0000,0x0000,0x0000,//	51980 [cb0c] 
0x0000,0x0000,0x0000,0x0000,0x0000,0x0000,0x0000,0x0000,0x0000,0x0000,//	51990 [cb16] 
0x0000,0x0000,0x0000,0x0000,0x0000,0x0000,0x0000,0x0000,0x0000,0x0000,//	52000 [cb20] 
0x0000,0x0000,0x0000,0x0000,0x0000,0x0000,0x0000,0x0000,0x0000,0x0000,//	52010 [cb2a] 
0x0000,0x0000,0x0000,0x0000,0x0000,0x0000,0x0000,0x0000,0x0000,0x0000,//	52020 [cb34] 
0x0000,0x0000,0x0000,0x0000,0x0000,0x0000,0x0000,0x0000,0x0000,0x0000,//	52030 [cb3e] 
0x0000,0x6759,0x6755,0x674c,0x6748,0x675d,0x674d,0x675a,0x674b,0x6bd0,//	52040 [cb48] 
0x6c19,0x6c1a,0x6c78,0x6c67,0x6c6b,0x6c84,0x6c8b,0x6c8f,0x6c71,0x6c6f,//	52050 [cb52] 
0x6c69,0x6c9a,0x6c6d,0x6c87,0x6c95,0x6c9c,0x6c66,0x6c73,0x6c65,0x6c7b,//	52060 [cb5c] 
0x6c8e,0x7074,0x707a,0x7263,0x72bf,0x72bd,0x72c3,0x72c6,0x72c1,0x72ba,//	52070 [cb66] 
0x72c5,0x7395,0x7397,0x7393,0x7394,0x7392,0x753a,0x7539,0x7594,0x7595,//	52080 [cb70] 
0x7681,0x793d,0x8034,0x8095,0x8099,0x8090,0x8092,0x809c,0x8290,0x828f,//	52090 [cb7a] 
0x8285,0x828e,0x8291,0x8293,0x0000,0x0000,0x0000,0x0000,0x0000,0x0000,//	52100 [cb84] 
0x0000,0x0000,0x0000,0x0000,0x0000,0x0000,0x0000,0x0000,0x0000,0x0000,//	52110 [cb8e] 
0x0000,0x0000,0x0000,0x0000,0x0000,0x0000,0x0000,0x0000,0x0000,0x0000,//	52120 [cb98] 
0x0000,0x0000,0x0000,0x0000,0x0000,0x0000,0x0000,0x0000,0x828a,0x8283,//	52130 [cba2] 
0x8284,0x8c78,0x8fc9,0x8fbf,0x909f,0x90a1,0x90a5,0x909e,0x90a7,0x90a0,//	52140 [cbac] 
0x9630,0x9628,0x962f,0x962d,0x4e33,0x4f98,0x4f7c,0x4f85,0x4f7d,0x4f80,//	52150 [cbb6] 
0x4f87,0x4f76,0x4f74,0x4f89,0x4f84,0x4f77,0x4f4c,0x4f97,0x4f6a,0x4f9a,//	52160 [cbc0] 
0x4f79,0x4f81,0x4f78,0x4f90,0x4f9c,0x4f94,0x4f9e,0x4f92,0x4f82,0x4f95,//	52170 [cbca] 
0x4f6b,0x4f6e,0x519e,0x51bc,0x51be,0x5235,0x5232,0x5233,0x5246,0x5231,//	52180 [cbd4] 
0x52bc,0x530a,0x530b,0x533c,0x5392,0x5394,0x5487,0x547f,0x5481,0x5491,//	52190 [cbde] 
0x5482,0x5488,0x546b,0x547a,0x547e,0x5465,0x546c,0x5474,0x5466,0x548d,//	52200 [cbe8] 
0x546f,0x5461,0x5460,0x5498,0x5463,0x5467,0x5464,0x56f7,0x56f9,0x576f,//	52210 [cbf2] 
0x5772,0x576d,0x576b,0x5771,0x5770,0x5776,0x5780,0x5775,0x577b,0x5773,//	52220 [cbfc] 
0x5774,0x5762,0x0000,0x0000,0x0000,0x0000,0x0000,0x0000,0x0000,0x0000,//	52230 [cc06] 
0x0000,0x0000,0x0000,0x0000,0x0000,0x0000,0x0000,0x0000,0x0000,0x0000,//	52240 [cc10] 
0x0000,0x0000,0x0000,0x0000,0x0000,0x0000,0x0000,0x0000,0x0000,0x0000,//	52250 [cc1a] 
0x0000,0x0000,0x0000,0x0000,0x0000,0x0000,0x0000,0x0000,0x0000,0x0000,//	52260 [cc24] 
0x0000,0x0000,0x0000,0x0000,0x0000,0x0000,0x0000,0x0000,0x0000,0x0000,//	52270 [cc2e] 
0x0000,0x0000,0x0000,0x0000,0x0000,0x0000,0x0000,0x0000,0x0000,0x0000,//	52280 [cc38] 
0x0000,0x0000,0x0000,0x0000,0x0000,0x0000,0x0000,0x5768,0x577d,0x590c,//	52290 [cc42] 
0x5945,0x59b5,0x59ba,0x59cf,0x59ce,0x59b2,0x59cc,0x59c1,0x59b6,0x59bc,//	52300 [cc4c] 
0x59c3,0x59d6,0x59b1,0x59bd,0x59c0,0x59c8,0x59b4,0x59c7,0x5b62,0x5b65,//	52310 [cc56] 
0x5b93,0x5b95,0x5c44,0x5c47,0x5cae,0x5ca4,0x5ca0,0x5cb5,0x5caf,0x5ca8,//	52320 [cc60] 
0x5cac,0x5c9f,0x5ca3,0x5cad,0x5ca2,0x5caa,0x5ca7,0x5c9d,0x5ca5,0x5cb6,//	52330 [cc6a] 
0x5cb0,0x5ca6,0x5e17,0x5e14,0x5e19,0x5f28,0x5f22,0x5f23,0x5f24,0x5f54,//	52340 [cc74] 
0x5f82,0x5f7e,0x5f7d,0x5fde,0x5fe5,0x602d,0x6026,0x6019,0x6032,0x600b,//	52350 [cc7e] 
0x0000,0x0000,0x0000,0x0000,0x0000,0x0000,0x0000,0x0000,0x0000,0x0000,//	52360 [cc88] 
0x0000,0x0000,0x0000,0x0000,0x0000,0x0000,0x0000,0x0000,0x0000,0x0000,//	52370 [cc92] 
0x0000,0x0000,0x0000,0x0000,0x0000,0x0000,0x0000,0x0000,0x0000,0x0000,//	52380 [cc9c] 
0x0000,0x0000,0x0000,0x0000,0x6034,0x600a,0x6017,0x6033,0x601a,0x601e,//	52390 [cca6] 
0x602c,0x6022,0x600d,0x6010,0x602e,0x6013,0x6011,0x600c,0x6009,0x601c,//	52400 [ccb0] 
0x6214,0x623d,0x62ad,0x62b4,0x62d1,0x62be,0x62aa,0x62b6,0x62ca,0x62ae,//	52410 [ccba] 
0x62b3,0x62af,0x62bb,0x62a9,0x62b0,0x62b8,0x653d,0x65a8,0x65bb,0x6609,//	52420 [ccc4] 
0x65fc,0x6604,0x6612,0x6608,0x65fb,0x6603,0x660b,0x660d,0x6605,0x65fd,//	52430 [ccce] 
0x6611,0x6610,0x66f6,0x670a,0x6785,0x676c,0x678e,0x6792,0x6776,0x677b,//	52440 [ccd8] 
0x6798,0x6786,0x6784,0x6774,0x678d,0x678c,0x677a,0x679f,0x6791,0x6799,//	52450 [cce2] 
0x6783,0x677d,0x6781,0x6778,0x6779,0x6794,0x6b25,0x6b80,0x6b7e,0x6bde,//	52460 [ccec] 
0x6c1d,0x6c93,0x6cec,0x6ceb,0x6cee,0x6cd9,0x6cb6,0x6cd4,0x6cad,0x6ce7,//	52470 [ccf6] 
0x6cb7,0x6cd0,0x6cc2,0x6cba,0x6cc3,0x6cc6,0x6ced,0x6cf2,0x0000,0x0000,//	52480 [cd00] 
0x0000,0x0000,0x0000,0x0000,0x0000,0x0000,0x0000,0x0000,0x0000,0x0000,//	52490 [cd0a] 
0x0000,0x0000,0x0000,0x0000,0x0000,0x0000,0x0000,0x0000,0x0000,0x0000,//	52500 [cd14] 
0x0000,0x0000,0x0000,0x0000,0x0000,0x0000,0x0000,0x0000,0x0000,0x0000,//	52510 [cd1e] 
0x0000,0x0000,0x0000,0x0000,0x0000,0x0000,0x0000,0x0000,0x0000,0x0000,//	52520 [cd28] 
0x0000,0x0000,0x0000,0x0000,0x0000,0x0000,0x0000,0x0000,0x0000,0x0000,//	52530 [cd32] 
0x0000,0x0000,0x0000,0x0000,0x0000,0x0000,0x0000,0x0000,0x0000,0x0000,//	52540 [cd3c] 
0x0000,0x0000,0x0000,0x6cd2,0x6cdd,0x6cb4,0x6c8a,0x6c9d,0x6c80,0x6cde,//	52550 [cd46] 
0x6cc0,0x6d30,0x6ccd,0x6cc7,0x6cb0,0x6cf9,0x6ccf,0x6ce9,0x6cd1,0x7094,//	52560 [cd50] 
0x7098,0x7085,0x7093,0x7086,0x7084,0x7091,0x7096,0x7082,0x709a,0x7083,//	52570 [cd5a] 
0x726a,0x72d6,0x72cb,0x72d8,0x72c9,0x72dc,0x72d2,0x72d4,0x72da,0x72cc,//	52580 [cd64] 
0x72d1,0x73a4,0x73a1,0x73ad,0x73a6,0x73a2,0x73a0,0x73ac,0x739d,0x74dd,//	52590 [cd6e] 
0x74e8,0x753f,0x7540,0x753e,0x758c,0x7598,0x76af,0x76f3,0x76f1,0x76f0,//	52600 [cd78] 
0x76f5,0x77f8,0x77fc,0x77f9,0x77fb,0x77fa,0x0000,0x0000,0x0000,0x0000,//	52610 [cd82] 
0x0000,0x0000,0x0000,0x0000,0x0000,0x0000,0x0000,0x0000,0x0000,0x0000,//	52620 [cd8c] 
0x0000,0x0000,0x0000,0x0000,0x0000,0x0000,0x0000,0x0000,0x0000,0x0000,//	52630 [cd96] 
0x0000,0x0000,0x0000,0x0000,0x0000,0x0000,0x0000,0x0000,0x0000,0x0000,//	52640 [cda0] 
0x77f7,0x7942,0x793f,0x79c5,0x7a78,0x7a7b,0x7afb,0x7c75,0x7cfd,0x8035,//	52650 [cdaa] 
0x808f,0x80ae,0x80a3,0x80b8,0x80b5,0x80ad,0x8220,0x82a0,0x82c0,0x82ab,//	52660 [cdb4] 
0x829a,0x8298,0x829b,0x82b5,0x82a7,0x82ae,0x82bc,0x829e,0x82ba,0x82b4,//	52670 [cdbe] 
0x82a8,0x82a1,0x82a9,0x82c2,0x82a4,0x82c3,0x82b6,0x82a2,0x8670,0x866f,//	52680 [cdc8] 
0x866d,0x866e,0x8c56,0x8fd2,0x8fcb,0x8fd3,0x8fcd,0x8fd6,0x8fd5,0x8fd7,//	52690 [cdd2] 
0x90b2,0x90b4,0x90af,0x90b3,0x90b0,0x9639,0x963d,0x963c,0x963a,0x9643,//	52700 [cddc] 
0x4fcd,0x4fc5,0x4fd3,0x4fb2,0x4fc9,0x4fcb,0x4fc1,0x4fd4,0x4fdc,0x4fd9,//	52710 [cde6] 
0x4fbb,0x4fb3,0x4fdb,0x4fc7,0x4fd6,0x4fba,0x4fc0,0x4fb9,0x4fec,0x5244,//	52720 [cdf0] 
0x5249,0x52c0,0x52c2,0x533d,0x537c,0x5397,0x5396,0x5399,0x5398,0x54ba,//	52730 [cdfa] 
0x54a1,0x54ad,0x54a5,0x54cf,0x0000,0x0000,0x0000,0x0000,0x0000,0x0000,//	52740 [ce04] 
0x0000,0x0000,0x0000,0x0000,0x0000,0x0000,0x0000,0x0000,0x0000,0x0000,//	52750 [ce0e] 
0x0000,0x0000,0x0000,0x0000,0x0000,0x0000,0x0000,0x0000,0x0000,0x0000,//	52760 [ce18] 
0x0000,0x0000,0x0000,0x0000,0x0000,0x0000,0x0000,0x0000,0x0000,0x0000,//	52770 [ce22] 
0x0000,0x0000,0x0000,0x0000,0x0000,0x0000,0x0000,0x0000,0x0000,0x0000,//	52780 [ce2c] 
0x0000,0x0000,0x0000,0x0000,0x0000,0x0000,0x0000,0x0000,0x0000,0x0000,//	52790 [ce36] 
0x0000,0x0000,0x0000,0x0000,0x0000,0x0000,0x0000,0x0000,0x0000,0x54c3,//	52800 [ce40] 
0x830d,0x54b7,0x54ae,0x54d6,0x54b6,0x54c5,0x54c6,0x54a0,0x5470,0x54bc,//	52810 [ce4a] 
0x54a2,0x54be,0x5472,0x54de,0x54b0,0x57b5,0x579e,0x579f,0x57a4,0x578c,//	52820 [ce54] 
0x5797,0x579d,0x579b,0x5794,0x5798,0x578f,0x5799,0x57a5,0x579a,0x5795,//	52830 [ce5e] 
0x58f4,0x590d,0x5953,0x59e1,0x59de,0x59ee,0x5a00,0x59f1,0x59dd,0x59fa,//	52840 [ce68] 
0x59fd,0x59fc,0x59f6,0x59e4,0x59f2,0x59f7,0x59db,0x59e9,0x59f3,0x59f5,//	52850 [ce72] 
0x59e0,0x59fe,0x59f4,0x59ed,0x5ba8,0x5c4c,0x5cd0,0x5cd8,0x5ccc,0x5cd7,//	52860 [ce7c] 
0x5ccb,0x5cdb,0x0000,0x0000,0x0000,0x0000,0x0000,0x0000,0x0000,0x0000,//	52870 [ce86] 
0x0000,0x0000,0x0000,0x0000,0x0000,0x0000,0x0000,0x0000,0x0000,0x0000,//	52880 [ce90] 
0x0000,0x0000,0x0000,0x0000,0x0000,0x0000,0x0000,0x0000,0x0000,0x0000,//	52890 [ce9a] 
0x0000,0x0000,0x0000,0x0000,0x0000,0x0000,0x5cde,0x5cda,0x5cc9,0x5cc7,//	52900 [cea4] 
0x5cca,0x5cd6,0x5cd3,0x5cd4,0x5ccf,0x5cc8,0x5cc6,0x5cce,0x5cdf,0x5cf8,//	52910 [ceae] 
0x5df9,0x5e21,0x5e22,0x5e23,0x5e20,0x5e24,0x5eb0,0x5ea4,0x5ea2,0x5e9b,//	52920 [ceb8] 
0x5ea3,0x5ea5,0x5f07,0x5f2e,0x5f56,0x5f86,0x6037,0x6039,0x6054,0x6072,//	52930 [cec2] 
0x605e,0x6045,0x6053,0x6047,0x6049,0x605b,0x604c,0x0000,0x6042,0x605f,//	52940 [cecc] 
0x6024,0x6044,0x6058,0x6066,0x606e,0x6242,0x6243,0x62cf,0x630d,0x630b,//	52950 [ced6] 
0x62f5,0x630e,0x6303,0x62eb,0x62f9,0x630f,0x630c,0x62f8,0x62f6,0x6300,//	52960 [cee0] 
0x6313,0x6314,0x62fa,0x6315,0x62fb,0x62f0,0x6541,0x6543,0x65aa,0x65bf,//	52970 [ceea] 
0x6636,0x6621,0x6632,0x6635,0x661c,0x6626,0x6622,0x6633,0x662b,0x663a,//	52980 [cef4] 
0x661d,0x6634,0x6639,0x662e,0x670f,0x6710,0x67c1,0x67f2,0x67c8,0x67ba,//	52990 [cefe] 
0x0000,0x0000,0x0000,0x0000,0x0000,0x0000,0x0000,0x0000,0x0000,0x0000,//	53000 [cf08] 
0x0000,0x0000,0x0000,0x0000,0x0000,0x0000,0x0000,0x0000,0x0000,0x0000,//	53010 [cf12] 
0x0000,0x0000,0x0000,0x0000,0x0000,0x0000,0x0000,0x0000,0x0000,0x0000,//	53020 [cf1c] 
0x0000,0x0000,0x0000,0x0000,0x0000,0x0000,0x0000,0x0000,0x0000,0x0000,//	53030 [cf26] 
0x0000,0x0000,0x0000,0x0000,0x0000,0x0000,0x0000,0x0000,0x0000,0x0000,//	53040 [cf30] 
0x0000,0x0000,0x0000,0x0000,0x0000,0x0000,0x0000,0x0000,0x0000,0x0000,//	53050 [cf3a] 
0x0000,0x0000,0x0000,0x0000,0x0000,0x67dc,0x67bb,0x67f8,0x67d8,0x67c0,//	53060 [cf44] 
0x67b7,0x67c5,0x67eb,0x67e4,0x67df,0x67b5,0x67cd,0x67b3,0x67f7,0x67f6,//	53070 [cf4e] 
0x67ee,0x67e3,0x67c2,0x67b9,0x67ce,0x67e7,0x67f0,0x67b2,0x67fc,0x67c6,//	53080 [cf58] 
0x67ed,0x67cc,0x67ae,0x67e6,0x67db,0x67fa,0x67c9,0x67ca,0x67c3,0x67ea,//	53090 [cf62] 
0x67cb,0x6b28,0x6b82,0x6b84,0x6bb6,0x6bd6,0x6bd8,0x6be0,0x6c20,0x6c21,//	53100 [cf6c] 
0x6d28,0x6d34,0x6d2d,0x6d1f,0x6d3c,0x6d3f,0x6d12,0x6d0a,0x6cda,0x6d33,//	53110 [cf76] 
0x6d04,0x6d19,0x6d3a,0x6d1a,0x6d11,0x6d00,0x6d1d,0x6d42,0x0000,0x0000,//	53120 [cf80] 
0x0000,0x0000,0x0000,0x0000,0x0000,0x0000,0x0000,0x0000,0x0000,0x0000,//	53130 [cf8a] 
0x0000,0x0000,0x0000,0x0000,0x0000,0x0000,0x0000,0x0000,0x0000,0x0000,//	53140 [cf94] 
0x0000,0x0000,0x0000,0x0000,0x0000,0x0000,0x0000,0x0000,0x0000,0x0000,//	53150 [cf9e] 
0x0000,0x0000,0x6d01,0x6d18,0x6d37,0x6d03,0x6d0f,0x6d40,0x6d07,0x6d20,//	53160 [cfa8] 
0x6d2c,0x6d08,0x6d22,0x6d09,0x6d10,0x70b7,0x709f,0x70be,0x70b1,0x70b0,//	53170 [cfb2] 
0x70a1,0x70b4,0x70b5,0x70a9,0x7241,0x7249,0x724a,0x726c,0x7270,0x7273,//	53180 [cfbc] 
0x726e,0x72ca,0x72e4,0x72e8,0x72eb,0x72df,0x72ea,0x72e6,0x72e3,0x7385,//	53190 [cfc6] 
0x73cc,0x73c2,0x73c8,0x73c5,0x73b9,0x73b6,0x73b5,0x73b4,0x73eb,0x73bf,//	53200 [cfd0] 
0x73c7,0x73be,0x73c3,0x73c6,0x73b8,0x73cb,0x74ec,0x74ee,0x752e,0x7547,//	53210 [cfda] 
0x7548,0x75a7,0x75aa,0x7679,0x76c4,0x7708,0x7703,0x7704,0x7705,0x770a,//	53220 [cfe4] 
0x76f7,0x76fb,0x76fa,0x77e7,0x77e8,0x7806,0x7811,0x7812,0x7805,0x7810,//	53230 [cfee] 
0x780f,0x780e,0x7809,0x7803,0x7813,0x794a,0x794c,0x794b,0x7945,0x7944,//	53240 [cff8] 
0x79d5,0x79cd,0x79cf,0x79d6,0x79ce,0x7a80,0x0000,0x0000,0x0000,0x0000,//	53250 [d002] 
0x0000,0x0000,0x0000,0x0000,0x0000,0x0000,0x0000,0x0000,0x0000,0x0000,//	53260 [d00c] 
0x0000,0x0000,0x0000,0x0000,0x0000,0x0000,0x0000,0x0000,0x0000,0x0000,//	53270 [d016] 
0x0000,0x0000,0x0000,0x0000,0x0000,0x0000,0x0000,0x0000,0x0000,0x0000,//	53280 [d020] 
0x0000,0x0000,0x0000,0x0000,0x0000,0x0000,0x0000,0x0000,0x0000,0x0000,//	53290 [d02a] 
0x0000,0x0000,0x0000,0x0000,0x0000,0x0000,0x0000,0x0000,0x0000,0x0000,//	53300 [d034] 
0x0000,0x0000,0x0000,0x0000,0x0000,0x0000,0x0000,0x0000,0x0000,0x0000,//	53310 [d03e] 
0x0000,0x7a7e,0x7ad1,0x7b00,0x7b01,0x7c7a,0x7c78,0x7c79,0x7c7f,0x7c80,//	53320 [d048] 
0x7c81,0x7d03,0x7d08,0x7d01,0x7f58,0x7f91,0x7f8d,0x7fbe,0x8007,0x800e,//	53330 [d052] 
0x800f,0x8014,0x8037,0x80d8,0x80c7,0x80e0,0x80d1,0x80c8,0x80c2,0x80d0,//	53340 [d05c] 
0x80c5,0x80e3,0x80d9,0x80dc,0x80ca,0x80d5,0x80c9,0x80cf,0x80d7,0x80e6,//	53350 [d066] 
0x80cd,0x81ff,0x8221,0x8294,0x82d9,0x82fe,0x82f9,0x8307,0x82e8,0x8300,//	53360 [d070] 
0x82d5,0x833a,0x82eb,0x82d6,0x82f4,0x82ec,0x82e1,0x82f2,0x82f5,0x830c,//	53370 [d07a] 
0x82fb,0x82f6,0x82f0,0x82ea,0x0000,0x0000,0x0000,0x0000,0x0000,0x0000,//	53380 [d084] 
0x0000,0x0000,0x0000,0x0000,0x0000,0x0000,0x0000,0x0000,0x0000,0x0000,//	53390 [d08e] 
0x0000,0x0000,0x0000,0x0000,0x0000,0x0000,0x0000,0x0000,0x0000,0x0000,//	53400 [d098] 
0x0000,0x0000,0x0000,0x0000,0x0000,0x0000,0x0000,0x0000,0x82e4,0x82e0,//	53410 [d0a2] 
0x82fa,0x82f3,0x82ed,0x8677,0x8674,0x867c,0x8673,0x8841,0x884e,0x8867,//	53420 [d0ac] 
0x886a,0x8869,0x89d3,0x8a04,0x8a07,0x8d72,0x8fe3,0x8fe1,0x8fee,0x8fe0,//	53430 [d0b6] 
0x90f1,0x90bd,0x90bf,0x90d5,0x90c5,0x90be,0x90c7,0x90cb,0x90c8,0x91d4,//	53440 [d0c0] 
0x91d3,0x9654,0x964f,0x9651,0x9653,0x964a,0x964e,0x501e,0x5005,0x5007,//	53450 [d0ca] 
0x5013,0x5022,0x5030,0x501b,0x4ff5,0x4ff4,0x5033,0x5037,0x502c,0x4ff6,//	53460 [d0d4] 
0x4ff7,0x5017,0x501c,0x5020,0x5027,0x5035,0x502f,0x5031,0x500e,0x515a,//	53470 [d0de] 
0x5194,0x5193,0x51ca,0x51c4,0x51c5,0x51c8,0x51ce,0x5261,0x525a,0x5252,//	53480 [d0e8] 
0x525e,0x525f,0x5255,0x5262,0x52cd,0x530e,0x539e,0x5526,0x54e2,0x5517,//	53490 [d0f2] 
0x5512,0x54e7,0x54f3,0x54e4,0x551a,0x54ff,0x5504,0x5508,0x54eb,0x5511,//	53500 [d0fc] 
0x5505,0x54f1,0x0000,0x0000,0x0000,0x0000,0x0000,0x0000,0x0000,0x0000,//	53510 [d106] 
0x0000,0x0000,0x0000,0x0000,0x0000,0x0000,0x0000,0x0000,0x0000,0x0000,//	53520 [d110] 
0x0000,0x0000,0x0000,0x0000,0x0000,0x0000,0x0000,0x0000,0x0000,0x0000,//	53530 [d11a] 
0x0000,0x0000,0x0000,0x0000,0x0000,0x0000,0x0000,0x0000,0x0000,0x0000,//	53540 [d124] 
0x0000,0x0000,0x0000,0x0000,0x0000,0x0000,0x0000,0x0000,0x0000,0x0000,//	53550 [d12e] 
0x0000,0x0000,0x0000,0x0000,0x0000,0x0000,0x0000,0x0000,0x0000,0x0000,//	53560 [d138] 
0x0000,0x0000,0x0000,0x0000,0x0000,0x0000,0x0000,0x550a,0x54fb,0x54f7,//	53570 [d142] 
0x54f8,0x54e0,0x550e,0x5503,0x550b,0x5701,0x5702,0x57cc,0x5832,0x57d5,//	53580 [d14c] 
0x57d2,0x57ba,0x57c6,0x57bd,0x57bc,0x57b8,0x57b6,0x57bf,0x57c7,0x57d0,//	53590 [d156] 
0x57b9,0x57c1,0x590e,0x594a,0x5a19,0x5a16,0x5a2d,0x5a2e,0x5a15,0x5a0f,//	53600 [d160] 
0x5a17,0x5a0a,0x5a1e,0x5a33,0x5b6c,0x5ba7,0x5bad,0x5bac,0x5c03,0x5c56,//	53610 [d16a] 
0x5c54,0x5cec,0x5cff,0x5cee,0x5cf1,0x5cf7,0x5d00,0x5cf9,0x5e29,0x5e28,//	53620 [d174] 
0x5ea8,0x5eae,0x5eaa,0x5eac,0x5f33,0x5f30,0x5f67,0x605d,0x605a,0x6067,//	53630 [d17e] 
0x0000,0x0000,0x0000,0x0000,0x0000,0x0000,0x0000,0x0000,0x0000,0x0000,//	53640 [d188] 
0x0000,0x0000,0x0000,0x0000,0x0000,0x0000,0x0000,0x0000,0x0000,0x0000,//	53650 [d192] 
0x0000,0x0000,0x0000,0x0000,0x0000,0x0000,0x0000,0x0000,0x0000,0x0000,//	53660 [d19c] 
0x0000,0x0000,0x0000,0x0000,0x6041,0x60a2,0x6088,0x6080,0x6092,0x6081,//	53670 [d1a6] 
0x609d,0x6083,0x6095,0x609b,0x6097,0x6087,0x609c,0x608e,0x6219,0x6246,//	53680 [d1b0] 
0x62f2,0x6310,0x6356,0x632c,0x6344,0x6345,0x6336,0x6343,0x63e4,0x6339,//	53690 [d1ba] 
0x634b,0x634a,0x633c,0x6329,0x6341,0x6334,0x6358,0x6354,0x6359,0x632d,//	53700 [d1c4] 
0x6347,0x6333,0x635a,0x6351,0x6338,0x6357,0x6340,0x6348,0x654a,0x6546,//	53710 [d1ce] 
0x65c6,0x65c3,0x65c4,0x65c2,0x664a,0x665f,0x6647,0x6651,0x6712,0x6713,//	53720 [d1d8] 
0x681f,0x681a,0x6849,0x6832,0x6833,0x683b,0x684b,0x684f,0x6816,0x6831,//	53730 [d1e2] 
0x681c,0x6835,0x682b,0x682d,0x682f,0x684e,0x6844,0x6834,0x681d,0x6812,//	53740 [d1ec] 
0x6814,0x6826,0x6828,0x682e,0x684d,0x683a,0x6825,0x6820,0x6b2c,0x6b2f,//	53750 [d1f6] 
0x6b2d,0x6b31,0x6b34,0x6b6d,0x8082,0x6b88,0x6be6,0x6be4,0x0000,0x0000,//	53760 [d200] 
0x0000,0x0000,0x0000,0x0000,0x0000,0x0000,0x0000,0x0000,0x0000,0x0000,//	53770 [d20a] 
0x0000,0x0000,0x0000,0x0000,0x0000,0x0000,0x0000,0x0000,0x0000,0x0000,//	53780 [d214] 
0x0000,0x0000,0x0000,0x0000,0x0000,0x0000,0x0000,0x0000,0x0000,0x0000,//	53790 [d21e] 
0x0000,0x0000,0x0000,0x0000,0x0000,0x0000,0x0000,0x0000,0x0000,0x0000,//	53800 [d228] 
0x0000,0x0000,0x0000,0x0000,0x0000,0x0000,0x0000,0x0000,0x0000,0x0000,//	53810 [d232] 
0x0000,0x0000,0x0000,0x0000,0x0000,0x0000,0x0000,0x0000,0x0000,0x0000,//	53820 [d23c] 
0x0000,0x0000,0x0000,0x6be8,0x6be3,0x6be2,0x6be7,0x6c25,0x6d7a,0x6d63,//	53830 [d246] 
0x6d64,0x6d76,0x6d0d,0x6d61,0x6d92,0x6d58,0x6d62,0x6d6d,0x6d6f,0x6d91,//	53840 [d250] 
0x6d8d,0x6def,0x6d7f,0x6d86,0x6d5e,0x6d67,0x6d60,0x6d97,0x6d70,0x6d7c,//	53850 [d25a] 
0x6d5f,0x6d82,0x6d98,0x6d2f,0x6d68,0x6d8b,0x6d7e,0x6d80,0x6d84,0x6d16,//	53860 [d264] 
0x6d83,0x6d7b,0x6d7d,0x6d75,0x6d90,0x70dc,0x70d3,0x70d1,0x70dd,0x70cb,//	53870 [d26e] 
0x7f39,0x70e2,0x70d7,0x70d2,0x70de,0x70e0,0x70d4,0x70cd,0x70c5,0x70c6,//	53880 [d278] 
0x70c7,0x70da,0x70ce,0x70e1,0x7242,0x7278,0x0000,0x0000,0x0000,0x0000,//	53890 [d282] 
0x0000,0x0000,0x0000,0x0000,0x0000,0x0000,0x0000,0x0000,0x0000,0x0000,//	53900 [d28c] 
0x0000,0x0000,0x0000,0x0000,0x0000,0x0000,0x0000,0x0000,0x0000,0x0000,//	53910 [d296] 
0x0000,0x0000,0x0000,0x0000,0x0000,0x0000,0x0000,0x0000,0x0000,0x0000,//	53920 [d2a0] 
0x7277,0x7276,0x7300,0x72fa,0x72f4,0x72fe,0x72f6,0x72f3,0x72fb,0x7301,//	53930 [d2aa] 
0x73d3,0x73d9,0x73e5,0x73d6,0x73bc,0x73e7,0x73e3,0x73e9,0x73dc,0x73d2,//	53940 [d2b4] 
0x73db,0x73d4,0x73dd,0x73da,0x73d7,0x73d8,0x73e8,0x74de,0x74df,0x74f4,//	53950 [d2be] 
0x74f5,0x7521,0x755b,0x755f,0x75b0,0x75c1,0x75bb,0x75c4,0x75c0,0x75bf,//	53960 [d2c8] 
0x75b6,0x75ba,0x768a,0x76c9,0x771d,0x771b,0x7710,0x7713,0x7712,0x7723,//	53970 [d2d2] 
0x7711,0x7715,0x7719,0x771a,0x7722,0x7727,0x7823,0x782c,0x7822,0x7835,//	53980 [d2dc] 
0x782f,0x7828,0x782e,0x782b,0x7821,0x7829,0x7833,0x782a,0x7831,0x7954,//	53990 [d2e6] 
0x795b,0x794f,0x795c,0x7953,0x7952,0x7951,0x79eb,0x79ec,0x79e0,0x79ee,//	54000 [d2f0] 
0x79ed,0x79ea,0x79dc,0x79de,0x79dd,0x7a86,0x7a89,0x7a85,0x7a8b,0x7a8c,//	54010 [d2fa] 
0x7a8a,0x7a87,0x7ad8,0x7b10,0x0000,0x0000,0x0000,0x0000,0x0000,0x0000,//	54020 [d304] 
0x0000,0x0000,0x0000,0x0000,0x0000,0x0000,0x0000,0x0000,0x0000,0x0000,//	54030 [d30e] 
0x0000,0x0000,0x0000,0x0000,0x0000,0x0000,0x0000,0x0000,0x0000,0x0000,//	54040 [d318] 
0x0000,0x0000,0x0000,0x0000,0x0000,0x0000,0x0000,0x0000,0x0000,0x0000,//	54050 [d322] 
0x0000,0x0000,0x0000,0x0000,0x0000,0x0000,0x0000,0x0000,0x0000,0x0000,//	54060 [d32c] 
0x0000,0x0000,0x0000,0x0000,0x0000,0x0000,0x0000,0x0000,0x0000,0x0000,//	54070 [d336] 
0x0000,0x0000,0x0000,0x0000,0x0000,0x0000,0x0000,0x0000,0x0000,0x7b04,//	54080 [d340] 
0x7b13,0x7b05,0x7b0f,0x7b08,0x7b0a,0x7b0e,0x7b09,0x7b12,0x7c84,0x7c91,//	54090 [d34a] 
0x7c8a,0x7c8c,0x7c88,0x7c8d,0x7c85,0x7d1e,0x7d1d,0x7d11,0x7d0e,0x7d18,//	54100 [d354] 
0x7d16,0x7d13,0x7d1f,0x7d12,0x7d0f,0x7d0c,0x7f5c,0x7f61,0x7f5e,0x7f60,//	54110 [d35e] 
0x7f5d,0x7f5b,0x7f96,0x7f92,0x7fc3,0x7fc2,0x7fc0,0x8016,0x803e,0x8039,//	54120 [d368] 
0x80fa,0x80f2,0x80f9,0x80f5,0x8101,0x80fb,0x8100,0x8201,0x822f,0x8225,//	54130 [d372] 
0x8333,0x832d,0x8344,0x8319,0x8351,0x8325,0x8356,0x833f,0x8341,0x8326,//	54140 [d37c] 
0x831c,0x8322,0x0000,0x0000,0x0000,0x0000,0x0000,0x0000,0x0000,0x0000,//	54150 [d386] 
0x0000,0x0000,0x0000,0x0000,0x0000,0x0000,0x0000,0x0000,0x0000,0x0000,//	54160 [d390] 
0x0000,0x0000,0x0000,0x0000,0x0000,0x0000,0x0000,0x0000,0x0000,0x0000,//	54170 [d39a] 
0x0000,0x0000,0x0000,0x0000,0x0000,0x0000,0x8342,0x834e,0x831b,0x832a,//	54180 [d3a4] 
0x8308,0x833c,0x834d,0x8316,0x8324,0x8320,0x8337,0x832f,0x8329,0x8347,//	54190 [d3ae] 
0x8345,0x834c,0x8353,0x831e,0x832c,0x834b,0x8327,0x8348,0x8653,0x8652,//	54200 [d3b8] 
0x86a2,0x86a8,0x8696,0x868d,0x8691,0x869e,0x8687,0x8697,0x8686,0x868b,//	54210 [d3c2] 
0x869a,0x8685,0x86a5,0x8699,0x86a1,0x86a7,0x8695,0x8698,0x868e,0x869d,//	54220 [d3cc] 
0x8690,0x8694,0x8843,0x8844,0x886d,0x8875,0x8876,0x8872,0x8880,0x8871,//	54230 [d3d6] 
0x887f,0x886f,0x8883,0x887e,0x8874,0x887c,0x8a12,0x8c47,0x8c57,0x8c7b,//	54240 [d3e0] 
0x8ca4,0x8ca3,0x8d76,0x8d78,0x8db5,0x8db7,0x8db6,0x8ed1,0x8ed3,0x8ffe,//	54250 [d3ea] 
0x8ff5,0x9002,0x8fff,0x8ffb,0x9004,0x8ffc,0x8ff6,0x90d6,0x90e0,0x90d9,//	54260 [d3f4] 
0x90da,0x90e3,0x90df,0x90e5,0x90d8,0x90db,0x90d7,0x90dc,0x90e4,0x9150,//	54270 [d3fe] 
0x0000,0x0000,0x0000,0x0000,0x0000,0x0000,0x0000,0x0000,0x0000,0x0000,//	54280 [d408] 
0x0000,0x0000,0x0000,0x0000,0x0000,0x0000,0x0000,0x0000,0x0000,0x0000,//	54290 [d412] 
0x0000,0x0000,0x0000,0x0000,0x0000,0x0000,0x0000,0x0000,0x0000,0x0000,//	54300 [d41c] 
0x0000,0x0000,0x0000,0x0000,0x0000,0x0000,0x0000,0x0000,0x0000,0x0000,//	54310 [d426] 
0x0000,0x0000,0x0000,0x0000,0x0000,0x0000,0x0000,0x0000,0x0000,0x0000,//	54320 [d430] 
0x0000,0x0000,0x0000,0x0000,0x0000,0x0000,0x0000,0x0000,0x0000,0x0000,//	54330 [d43a] 
0x0000,0x0000,0x0000,0x0000,0x0000,0x914e,0x914f,0x91d5,0x91e2,0x91da,//	54340 [d444] 
0x965c,0x965f,0x96bc,0x98e3,0x9adf,0x9b2f,0x4e7f,0x5070,0x506a,0x5061,//	54350 [d44e] 
0x505e,0x5060,0x5053,0x504b,0x505d,0x5072,0x5048,0x504d,0x5041,0x505b,//	54360 [d458] 
0x504a,0x5062,0x5015,0x5045,0x505f,0x5069,0x506b,0x5063,0x5064,0x5046,//	54370 [d462] 
0x5040,0x506e,0x5073,0x5057,0x5051,0x51d0,0x526b,0x526d,0x526c,0x526e,//	54380 [d46c] 
0x52d6,0x52d3,0x532d,0x539c,0x5575,0x5576,0x553c,0x554d,0x5550,0x5534,//	54390 [d476] 
0x552a,0x5551,0x5562,0x5536,0x5535,0x5530,0x5552,0x5545,0x0000,0x0000,//	54400 [d480] 
0x0000,0x0000,0x0000,0x0000,0x0000,0x0000,0x0000,0x0000,0x0000,0x0000,//	54410 [d48a] 
0x0000,0x0000,0x0000,0x0000,0x0000,0x0000,0x0000,0x0000,0x0000,0x0000,//	54420 [d494] 
0x0000,0x0000,0x0000,0x0000,0x0000,0x0000,0x0000,0x0000,0x0000,0x0000,//	54430 [d49e] 
0x0000,0x0000,0x550c,0x5532,0x5565,0x554e,0x5539,0x5548,0x552d,0x553b,//	54440 [d4a8] 
0x5540,0x554b,0x570a,0x5707,0x57fb,0x5814,0x57e2,0x57f6,0x57dc,0x57f4,//	54450 [d4b2] 
0x5800,0x57ed,0x57fd,0x5808,0x57f8,0x580b,0x57f3,0x57cf,0x5807,0x57ee,//	54460 [d4bc] 
0x57e3,0x57f2,0x57e5,0x57ec,0x57e1,0x580e,0x57fc,0x5810,0x57e7,0x5801,//	54470 [d4c6] 
0x580c,0x57f1,0x57e9,0x57f0,0x580d,0x5804,0x595c,0x5a60,0x5a58,0x5a55,//	54480 [d4d0] 
0x5a67,0x5a5e,0x5a38,0x5a35,0x5a6d,0x5a50,0x5a5f,0x5a65,0x5a6c,0x5a53,//	54490 [d4da] 
0x5a64,0x5a57,0x5a43,0x5a5d,0x5a52,0x5a44,0x5a5b,0x5a48,0x5a8e,0x5a3e,//	54500 [d4e4] 
0x5a4d,0x5a39,0x5a4c,0x5a70,0x5a69,0x5a47,0x5a51,0x5a56,0x5a42,0x5a5c,//	54510 [d4ee] 
0x5b72,0x5b6e,0x5bc1,0x5bc0,0x5c59,0x5d1e,0x5d0b,0x5d1d,0x5d1a,0x5d20,//	54520 [d4f8] 
0x5d0c,0x5d28,0x5d0d,0x5d26,0x5d25,0x5d0f,0x0000,0x0000,0x0000,0x0000,//	54530 [d502] 
0x0000,0x0000,0x0000,0x0000,0x0000,0x0000,0x0000,0x0000,0x0000,0x0000,//	54540 [d50c] 
0x0000,0x0000,0x0000,0x0000,0x0000,0x0000,0x0000,0x0000,0x0000,0x0000,//	54550 [d516] 
0x0000,0x0000,0x0000,0x0000,0x0000,0x0000,0x0000,0x0000,0x0000,0x0000,//	54560 [d520] 
0x0000,0x0000,0x0000,0x0000,0x0000,0x0000,0x0000,0x0000,0x0000,0x0000,//	54570 [d52a] 
0x0000,0x0000,0x0000,0x0000,0x0000,0x0000,0x0000,0x0000,0x0000,0x0000,//	54580 [d534] 
0x0000,0x0000,0x0000,0x0000,0x0000,0x0000,0x0000,0x0000,0x0000,0x0000,//	54590 [d53e] 
0x0000,0x5d30,0x5d12,0x5d23,0x5d1f,0x5d2e,0x5e3e,0x5e34,0x5eb1,0x5eb4,//	54600 [d548] 
0x5eb9,0x5eb2,0x5eb3,0x5f36,0x5f38,0x5f9b,0x5f96,0x5f9f,0x608a,0x6090,//	54610 [d552] 
0x6086,0x60be,0x60b0,0x60ba,0x60d3,0x60d4,0x60cf,0x60e4,0x60d9,0x60dd,//	54620 [d55c] 
0x60c8,0x60b1,0x60db,0x60b7,0x60ca,0x60bf,0x60c3,0x60cd,0x60c0,0x6332,//	54630 [d566] 
0x6365,0x638a,0x6382,0x637d,0x63bd,0x639e,0x63ad,0x639d,0x6397,0x63ab,//	54640 [d570] 
0x638e,0x636f,0x6387,0x6390,0x636e,0x63af,0x6375,0x639c,0x636d,0x63ae,//	54650 [d57a] 
0x637c,0x63a4,0x633b,0x639f,0x0000,0x0000,0x0000,0x0000,0x0000,0x0000,//	54660 [d584] 
0x0000,0x0000,0x0000,0x0000,0x0000,0x0000,0x0000,0x0000,0x0000,0x0000,//	54670 [d58e] 
0x0000,0x0000,0x0000,0x0000,0x0000,0x0000,0x0000,0x0000,0x0000,0x0000,//	54680 [d598] 
0x0000,0x0000,0x0000,0x0000,0x0000,0x0000,0x0000,0x0000,0x6378,0x6385,//	54690 [d5a2] 
0x6381,0x6391,0x638d,0x6370,0x6553,0x65cd,0x6665,0x6661,0x665b,0x6659,//	54700 [d5ac] 
0x665c,0x6662,0x6718,0x6879,0x6887,0x6890,0x689c,0x686d,0x686e,0x68ae,//	54710 [d5b6] 
0x68ab,0x6956,0x686f,0x68a3,0x68ac,0x68a9,0x6875,0x6874,0x68b2,0x688f,//	54720 [d5c0] 
0x6877,0x6892,0x687c,0x686b,0x6872,0x68aa,0x6880,0x6871,0x687e,0x689b,//	54730 [d5ca] 
0x6896,0x688b,0x68a0,0x6889,0x68a4,0x6878,0x687b,0x6891,0x688c,0x688a,//	54740 [d5d4] 
0x687d,0x6b36,0x6b33,0x6b37,0x6b38,0x6b91,0x6b8f,0x6b8d,0x6b8e,0x6b8c,//	54750 [d5de] 
0x6c2a,0x6dc0,0x6dab,0x6db4,0x6db3,0x6e74,0x6dac,0x6de9,0x6de2,0x6db7,//	54760 [d5e8] 
0x6df6,0x6dd4,0x6e00,0x6dc8,0x6de0,0x6ddf,0x6dd6,0x6dbe,0x6de5,0x6ddc,//	54770 [d5f2] 
0x6ddd,0x6ddb,0x6df4,0x6dca,0x6dbd,0x6ded,0x6df0,0x6dba,0x6dd5,0x6dc2,//	54780 [d5fc] 
0x6dcf,0x6dc9,0x0000,0x0000,0x0000,0x0000,0x0000,0x0000,0x0000,0x0000,//	54790 [d606] 
0x0000,0x0000,0x0000,0x0000,0x0000,0x0000,0x0000,0x0000,0x0000,0x0000,//	54800 [d610] 
0x0000,0x0000,0x0000,0x0000,0x0000,0x0000,0x0000,0x0000,0x0000,0x0000,//	54810 [d61a] 
0x0000,0x0000,0x0000,0x0000,0x0000,0x0000,0x0000,0x0000,0x0000,0x0000,//	54820 [d624] 
0x0000,0x0000,0x0000,0x0000,0x0000,0x0000,0x0000,0x0000,0x0000,0x0000,//	54830 [d62e] 
0x0000,0x0000,0x0000,0x0000,0x0000,0x0000,0x0000,0x0000,0x0000,0x0000,//	54840 [d638] 
0x0000,0x0000,0x0000,0x0000,0x0000,0x0000,0x0000,0x6dd0,0x6df2,0x6dd3,//	54850 [d642] 
0x6dfd,0x6dd7,0x6dcd,0x6de3,0x6dbb,0x70fa,0x710d,0x70f7,0x7117,0x70f4,//	54860 [d64c] 
0x710c,0x70f0,0x7104,0x70f3,0x7110,0x70fc,0x70ff,0x7106,0x7113,0x7100,//	54870 [d656] 
0x70f8,0x70f6,0x710b,0x7102,0x710e,0x727e,0x727b,0x727c,0x727f,0x731d,//	54880 [d660] 
0x7317,0x7307,0x7311,0x7318,0x730a,0x7308,0x72ff,0x730f,0x731e,0x7388,//	54890 [d66a] 
0x73f6,0x73f8,0x73f5,0x7404,0x7401,0x73fd,0x7407,0x7400,0x73fa,0x73fc,//	54900 [d674] 
0x73ff,0x740c,0x740b,0x73f4,0x7408,0x7564,0x7563,0x75ce,0x75d2,0x75cf,//	54910 [d67e] 
0x0000,0x0000,0x0000,0x0000,0x0000,0x0000,0x0000,0x0000,0x0000,0x0000,//	54920 [d688] 
0x0000,0x0000,0x0000,0x0000,0x0000,0x0000,0x0000,0x0000,0x0000,0x0000,//	54930 [d692] 
0x0000,0x0000,0x0000,0x0000,0x0000,0x0000,0x0000,0x0000,0x0000,0x0000,//	54940 [d69c] 
0x0000,0x0000,0x0000,0x0000,0x75cb,0x75cc,0x75d1,0x75d0,0x768f,0x7689,//	54950 [d6a6] 
0x76d3,0x7739,0x772f,0x772d,0x7731,0x7732,0x7734,0x7733,0x773d,0x7725,//	54960 [d6b0] 
0x773b,0x7735,0x7848,0x7852,0x7849,0x784d,0x784a,0x784c,0x7826,0x7845,//	54970 [d6ba] 
0x7850,0x7964,0x7967,0x7969,0x796a,0x7963,0x796b,0x7961,0x79bb,0x79fa,//	54980 [d6c4] 
0x79f8,0x79f6,0x79f7,0x7a8f,0x7a94,0x7a90,0x7b35,0x7b47,0x7b34,0x7b25,//	54990 [d6ce] 
0x7b30,0x7b22,0x7b24,0x7b33,0x7b18,0x7b2a,0x7b1d,0x7b31,0x7b2b,0x7b2d,//	55000 [d6d8] 
0x7b2f,0x7b32,0x7b38,0x7b1a,0x7b23,0x7c94,0x7c98,0x7c96,0x7ca3,0x7d35,//	55010 [d6e2] 
0x7d3d,0x7d38,0x7d36,0x7d3a,0x7d45,0x7d2c,0x7d29,0x7d41,0x7d47,0x7d3e,//	55020 [d6ec] 
0x7d3f,0x7d4a,0x7d3b,0x7d28,0x7f63,0x7f95,0x7f9c,0x7f9d,0x7f9b,0x7fca,//	55030 [d6f6] 
0x7fcb,0x7fcd,0x7fd0,0x7fd1,0x7fc7,0x7fcf,0x7fc9,0x801f,0x0000,0x0000,//	55040 [d700] 
0x0000,0x0000,0x0000,0x0000,0x0000,0x0000,0x0000,0x0000,0x0000,0x0000,//	55050 [d70a] 
0x0000,0x0000,0x0000,0x0000,0x0000,0x0000,0x0000,0x0000,0x0000,0x0000,//	55060 [d714] 
0x0000,0x0000,0x0000,0x0000,0x0000,0x0000,0x0000,0x0000,0x0000,0x0000,//	55070 [d71e] 
0x0000,0x0000,0x0000,0x0000,0x0000,0x0000,0x0000,0x0000,0x0000,0x0000,//	55080 [d728] 
0x0000,0x0000,0x0000,0x0000,0x0000,0x0000,0x0000,0x0000,0x0000,0x0000,//	55090 [d732] 
0x0000,0x0000,0x0000,0x0000,0x0000,0x0000,0x0000,0x0000,0x0000,0x0000,//	55100 [d73c] 
0x0000,0x0000,0x0000,0x801e,0x801b,0x8047,0x8043,0x8048,0x8118,0x8125,//	55110 [d746] 
0x8119,0x811b,0x812d,0x811f,0x812c,0x811e,0x8121,0x8115,0x8127,0x811d,//	55120 [d750] 
0x8122,0x8211,0x8238,0x8233,0x823a,0x8234,0x8232,0x8274,0x8390,0x83a3,//	55130 [d75a] 
0x83a8,0x838d,0x837a,0x8373,0x83a4,0x8374,0x838f,0x8381,0x8395,0x8399,//	55140 [d764] 
0x8375,0x8394,0x83a9,0x837d,0x8383,0x838c,0x839d,0x839b,0x83aa,0x838b,//	55150 [d76e] 
0x837e,0x83a5,0x83af,0x8388,0x8397,0x83b0,0x837f,0x83a6,0x8387,0x83ae,//	55160 [d778] 
0x8376,0x839a,0x8659,0x8656,0x86bf,0x86b7,0x0000,0x0000,0x0000,0x0000,//	55170 [d782] 
0x0000,0x0000,0x0000,0x0000,0x0000,0x0000,0x0000,0x0000,0x0000,0x0000,//	55180 [d78c] 
0x0000,0x0000,0x0000,0x0000,0x0000,0x0000,0x0000,0x0000,0x0000,0x0000,//	55190 [d796] 
0x0000,0x0000,0x0000,0x0000,0x0000,0x0000,0x0000,0x0000,0x0000,0x0000,//	55200 [d7a0] 
0x86c2,0x86c1,0x86c5,0x86ba,0x86b0,0x86c8,0x86b9,0x86b3,0x86b8,0x86cc,//	55210 [d7aa] 
0x86b4,0x86bb,0x86bc,0x86c3,0x86bd,0x86be,0x8852,0x8889,0x8895,0x88a8,//	55220 [d7b4] 
0x88a2,0x88aa,0x889a,0x8891,0x88a1,0x889f,0x8898,0x88a7,0x8899,0x889b,//	55230 [d7be] 
0x8897,0x88a4,0x88ac,0x888c,0x8893,0x888e,0x8982,0x89d6,0x89d9,0x89d5,//	55240 [d7c8] 
0x8a30,0x8a27,0x8a2c,0x8a1e,0x8c39,0x8c3b,0x8c5c,0x8c5d,0x8c7d,0x8ca5,//	55250 [d7d2] 
0x8d7d,0x8d7b,0x8d79,0x8dbc,0x8dc2,0x8db9,0x8dbf,0x8dc1,0x8ed8,0x8ede,//	55260 [d7dc] 
0x8edd,0x8edc,0x8ed7,0x8ee0,0x8ee1,0x9024,0x900b,0x9011,0x901c,0x900c,//	55270 [d7e6] 
0x9021,0x90ef,0x90ea,0x90f0,0x90f4,0x90f2,0x90f3,0x90d4,0x90eb,0x90ec,//	55280 [d7f0] 
0x90e9,0x9156,0x9158,0x915a,0x9153,0x9155,0x91ec,0x91f4,0x91f1,0x91f3,//	55290 [d7fa] 
0x91f8,0x91e4,0x91f9,0x91ea,0x0000,0x0000,0x0000,0x0000,0x0000,0x0000,//	55300 [d804] 
0x0000,0x0000,0x0000,0x0000,0x0000,0x0000,0x0000,0x0000,0x0000,0x0000,//	55310 [d80e] 
0x0000,0x0000,0x0000,0x0000,0x0000,0x0000,0x0000,0x0000,0x0000,0x0000,//	55320 [d818] 
0x0000,0x0000,0x0000,0x0000,0x0000,0x0000,0x0000,0x0000,0x0000,0x0000,//	55330 [d822] 
0x0000,0x0000,0x0000,0x0000,0x0000,0x0000,0x0000,0x0000,0x0000,0x0000,//	55340 [d82c] 
0x0000,0x0000,0x0000,0x0000,0x0000,0x0000,0x0000,0x0000,0x0000,0x0000,//	55350 [d836] 
0x0000,0x0000,0x0000,0x0000,0x0000,0x0000,0x0000,0x0000,0x0000,0x91eb,//	55360 [d840] 
0x91f7,0x91e8,0x91ee,0x957a,0x9586,0x9588,0x967c,0x966d,0x966b,0x9671,//	55370 [d84a] 
0x966f,0x96bf,0x976a,0x9804,0x98e5,0x9997,0x509b,0x5095,0x5094,0x509e,//	55380 [d854] 
0x508b,0x50a3,0x5083,0x508c,0x508e,0x509d,0x5068,0x509c,0x5092,0x5082,//	55390 [d85e] 
0x5087,0x515f,0x51d4,0x5312,0x5311,0x53a4,0x53a7,0x5591,0x55a8,0x55a5,//	55400 [d868] 
0x55ad,0x5577,0x5645,0x55a2,0x5593,0x5588,0x558f,0x55b5,0x5581,0x55a3,//	55410 [d872] 
0x5592,0x55a4,0x557d,0x558c,0x55a6,0x557f,0x5595,0x55a1,0x558e,0x570c,//	55420 [d87c] 
0x5829,0x5837,0x0000,0x0000,0x0000,0x0000,0x0000,0x0000,0x0000,0x0000,//	55430 [d886] 
0x0000,0x0000,0x0000,0x0000,0x0000,0x0000,0x0000,0x0000,0x0000,0x0000,//	55440 [d890] 
0x0000,0x0000,0x0000,0x0000,0x0000,0x0000,0x0000,0x0000,0x0000,0x0000,//	55450 [d89a] 
0x0000,0x0000,0x0000,0x0000,0x0000,0x0000,0x5819,0x581e,0x5827,0x5823,//	55460 [d8a4] 
0x5828,0x57f5,0x5848,0x5825,0x581c,0x581b,0x5833,0x583f,0x5836,0x582e,//	55470 [d8ae] 
0x5839,0x5838,0x582d,0x582c,0x583b,0x5961,0x5aaf,0x5a94,0x5a9f,0x5a7a,//	55480 [d8b8] 
0x5aa2,0x5a9e,0x5a78,0x5aa6,0x5a7c,0x5aa5,0x5aac,0x5a95,0x5aae,0x5a37,//	55490 [d8c2] 
0x5a84,0x5a8a,0x5a97,0x5a83,0x5a8b,0x5aa9,0x5a7b,0x5a7d,0x5a8c,0x5a9c,//	55500 [d8cc] 
0x5a8f,0x5a93,0x5a9d,0x5bea,0x5bcd,0x5bcb,0x5bd4,0x5bd1,0x5bca,0x5bce,//	55510 [d8d6] 
0x5c0c,0x5c30,0x5d37,0x5d43,0x5d6b,0x5d41,0x5d4b,0x5d3f,0x5d35,0x5d51,//	55520 [d8e0] 
0x5d4e,0x5d55,0x5d33,0x5d3a,0x5d52,0x5d3d,0x5d31,0x5d59,0x5d42,0x5d39,//	55530 [d8ea] 
0x5d49,0x5d38,0x5d3c,0x5d32,0x5d36,0x5d40,0x5d45,0x5e44,0x5e41,0x5f58,//	55540 [d8f4] 
0x5fa6,0x5fa5,0x5fab,0x60c9,0x60b9,0x60cc,0x60e2,0x60ce,0x60c4,0x6114,//	55550 [d8fe] 
0x0000,0x0000,0x0000,0x0000,0x0000,0x0000,0x0000,0x0000,0x0000,0x0000,//	55560 [d908] 
0x0000,0x0000,0x0000,0x0000,0x0000,0x0000,0x0000,0x0000,0x0000,0x0000,//	55570 [d912] 
0x0000,0x0000,0x0000,0x0000,0x0000,0x0000,0x0000,0x0000,0x0000,0x0000,//	55580 [d91c] 
0x0000,0x0000,0x0000,0x0000,0x0000,0x0000,0x0000,0x0000,0x0000,0x0000,//	55590 [d926] 
0x0000,0x0000,0x0000,0x0000,0x0000,0x0000,0x0000,0x0000,0x0000,0x0000,//	55600 [d930] 
0x0000,0x0000,0x0000,0x0000,0x0000,0x0000,0x0000,0x0000,0x0000,0x0000,//	55610 [d93a] 
0x0000,0x0000,0x0000,0x0000,0x0000,0x60f2,0x610a,0x6116,0x6105,0x60f5,//	55620 [d944] 
0x6113,0x60f8,0x60fc,0x60fe,0x60c1,0x6103,0x6118,0x611d,0x6110,0x60ff,//	55630 [d94e] 
0x6104,0x610b,0x624a,0x6394,0x63b1,0x63b0,0x63ce,0x63e5,0x63e8,0x63ef,//	55640 [d958] 
0x63c3,0x649d,0x63f3,0x63ca,0x63e0,0x63f6,0x63d5,0x63f2,0x63f5,0x6461,//	55650 [d962] 
0x63df,0x63be,0x63dd,0x63dc,0x63c4,0x63d8,0x63d3,0x63c2,0x63c7,0x63cc,//	55660 [d96c] 
0x63cb,0x63c8,0x63f0,0x63d7,0x63d9,0x6532,0x6567,0x656a,0x6564,0x655c,//	55670 [d976] 
0x6568,0x6565,0x658c,0x659d,0x659e,0x65ae,0x65d0,0x65d2,0x0000,0x0000,//	55680 [d980] 
0x0000,0x0000,0x0000,0x0000,0x0000,0x0000,0x0000,0x0000,0x0000,0x0000,//	55690 [d98a] 
0x0000,0x0000,0x0000,0x0000,0x0000,0x0000,0x0000,0x0000,0x0000,0x0000,//	55700 [d994] 
0x0000,0x0000,0x0000,0x0000,0x0000,0x0000,0x0000,0x0000,0x0000,0x0000,//	55710 [d99e] 
0x0000,0x0000,0x667c,0x666c,0x667b,0x6680,0x6671,0x6679,0x666a,0x6672,//	55720 [d9a8] 
0x6701,0x690c,0x68d3,0x6904,0x68dc,0x692a,0x68ec,0x68ea,0x68f1,0x690f,//	55730 [d9b2] 
0x68d6,0x68f7,0x68eb,0x68e4,0x68f6,0x6913,0x6910,0x68f3,0x68e1,0x6907,//	55740 [d9bc] 
0x68cc,0x6908,0x6970,0x68b4,0x6911,0x68ef,0x68c6,0x6914,0x68f8,0x68d0,//	55750 [d9c6] 
0x68fd,0x68fc,0x68e8,0x690b,0x690a,0x6917,0x68ce,0x68c8,0x68dd,0x68de,//	55760 [d9d0] 
0x68e6,0x68f4,0x68d1,0x6906,0x68d4,0x68e9,0x6915,0x6925,0x68c7,0x6b39,//	55770 [d9da] 
0x6b3b,0x6b3f,0x6b3c,0x6b94,0x6b97,0x6b99,0x6b95,0x6bbd,0x6bf0,0x6bf2,//	55780 [d9e4] 
0x6bf3,0x6c30,0x6dfc,0x6e46,0x6e47,0x6e1f,0x6e49,0x6e88,0x6e3c,0x6e3d,//	55790 [d9ee] 
0x6e45,0x6e62,0x6e2b,0x6e3f,0x6e41,0x6e5d,0x6e73,0x6e1c,0x6e33,0x6e4b,//	55800 [d9f8] 
0x6e40,0x6e51,0x6e3b,0x6e03,0x6e2e,0x6e5e,0x0000,0x0000,0x0000,0x0000,//	55810 [da02] 
0x0000,0x0000,0x0000,0x0000,0x0000,0x0000,0x0000,0x0000,0x0000,0x0000,//	55820 [da0c] 
0x0000,0x0000,0x0000,0x0000,0x0000,0x0000,0x0000,0x0000,0x0000,0x0000,//	55830 [da16] 
0x0000,0x0000,0x0000,0x0000,0x0000,0x0000,0x0000,0x0000,0x0000,0x0000,//	55840 [da20] 
0x0000,0x0000,0x0000,0x0000,0x0000,0x0000,0x0000,0x0000,0x0000,0x0000,//	55850 [da2a] 
0x0000,0x0000,0x0000,0x0000,0x0000,0x0000,0x0000,0x0000,0x0000,0x0000,//	55860 [da34] 
0x0000,0x0000,0x0000,0x0000,0x0000,0x0000,0x0000,0x0000,0x0000,0x0000,//	55870 [da3e] 
0x0000,0x6e68,0x6e5c,0x6e61,0x6e31,0x6e28,0x6e60,0x6e71,0x6e6b,0x6e39,//	55880 [da48] 
0x6e22,0x6e30,0x6e53,0x6e65,0x6e27,0x6e78,0x6e64,0x6e77,0x6e55,0x6e79,//	55890 [da52] 
0x6e52,0x6e66,0x6e35,0x6e36,0x6e5a,0x7120,0x711e,0x712f,0x70fb,0x712e,//	55900 [da5c] 
0x7131,0x7123,0x7125,0x7122,0x7132,0x711f,0x7128,0x713a,0x711b,0x724b,//	55910 [da66] 
0x725a,0x7288,0x7289,0x7286,0x7285,0x728b,0x7312,0x730b,0x7330,0x7322,//	55920 [da70] 
0x7331,0x7333,0x7327,0x7332,0x732d,0x7326,0x7323,0x7335,0x730c,0x742e,//	55930 [da7a] 
0x742c,0x7430,0x742b,0x7416,0x0000,0x0000,0x0000,0x0000,0x0000,0x0000,//	55940 [da84] 
0x0000,0x0000,0x0000,0x0000,0x0000,0x0000,0x0000,0x0000,0x0000,0x0000,//	55950 [da8e] 
0x0000,0x0000,0x0000,0x0000,0x0000,0x0000,0x0000,0x0000,0x0000,0x0000,//	55960 [da98] 
0x0000,0x0000,0x0000,0x0000,0x0000,0x0000,0x0000,0x0000,0x741a,0x7421,//	55970 [daa2] 
0x742d,0x7431,0x7424,0x7423,0x741d,0x7429,0x7420,0x7432,0x74fb,0x752f,//	55980 [daac] 
0x756f,0x756c,0x75e7,0x75da,0x75e1,0x75e6,0x75dd,0x75df,0x75e4,0x75d7,//	55990 [dab6] 
0x7695,0x7692,0x76da,0x7746,0x7747,0x7744,0x774d,0x7745,0x774a,0x774e,//	56000 [dac0] 
0x774b,0x774c,0x77de,0x77ec,0x7860,0x7864,0x7865,0x785c,0x786d,0x7871,//	56010 [daca] 
0x786a,0x786e,0x7870,0x7869,0x7868,0x785e,0x7862,0x7974,0x7973,0x7972,//	56020 [dad4] 
0x7970,0x7a02,0x7a0a,0x7a03,0x7a0c,0x7a04,0x7a99,0x7ae6,0x7ae4,0x7b4a,//	56030 [dade] 
0x7b3b,0x7b44,0x7b48,0x7b4c,0x7b4e,0x7b40,0x7b58,0x7b45,0x7ca2,0x7c9e,//	56040 [dae8] 
0x7ca8,0x7ca1,0x7d58,0x7d6f,0x7d63,0x7d53,0x7d56,0x7d67,0x7d6a,0x7d4f,//	56050 [daf2] 
0x7d6d,0x7d5c,0x7d6b,0x7d52,0x7d54,0x7d69,0x7d51,0x7d5f,0x7d4e,0x7f3e,//	56060 [dafc] 
0x7f3f,0x7f65,0x0000,0x0000,0x0000,0x0000,0x0000,0x0000,0x0000,0x0000,//	56070 [db06] 
0x0000,0x0000,0x0000,0x0000,0x0000,0x0000,0x0000,0x0000,0x0000,0x0000,//	56080 [db10] 
0x0000,0x0000,0x0000,0x0000,0x0000,0x0000,0x0000,0x0000,0x0000,0x0000,//	56090 [db1a] 
0x0000,0x0000,0x0000,0x0000,0x0000,0x0000,0x0000,0x0000,0x0000,0x0000,//	56100 [db24] 
0x0000,0x0000,0x0000,0x0000,0x0000,0x0000,0x0000,0x0000,0x0000,0x0000,//	56110 [db2e] 
0x0000,0x0000,0x0000,0x0000,0x0000,0x0000,0x0000,0x0000,0x0000,0x0000,//	56120 [db38] 
0x0000,0x0000,0x0000,0x0000,0x0000,0x0000,0x0000,0x7f66,0x7fa2,0x7fa0,//	56130 [db42] 
0x7fa1,0x7fd7,0x8051,0x804f,0x8050,0x80fe,0x80d4,0x8143,0x814a,0x8152,//	56140 [db4c] 
0x814f,0x8147,0x813d,0x814d,0x813a,0x81e6,0x81ee,0x81f7,0x81f8,0x81f9,//	56150 [db56] 
0x8204,0x823c,0x823d,0x823f,0x8275,0x833b,0x83cf,0x83f9,0x8423,0x83c0,//	56160 [db60] 
0x83e8,0x8412,0x83e7,0x83e4,0x83fc,0x83f6,0x8410,0x83c6,0x83c8,0x83eb,//	56170 [db6a] 
0x83e3,0x83bf,0x8401,0x83dd,0x83e5,0x83d8,0x83ff,0x83e1,0x83cb,0x83ce,//	56180 [db74] 
0x83d6,0x83f5,0x83c9,0x8409,0x840f,0x83de,0x8411,0x8406,0x83c2,0x83f3,//	56190 [db7e] 
0x0000,0x0000,0x0000,0x0000,0x0000,0x0000,0x0000,0x0000,0x0000,0x0000,//	56200 [db88] 
0x0000,0x0000,0x0000,0x0000,0x0000,0x0000,0x0000,0x0000,0x0000,0x0000,//	56210 [db92] 
0x0000,0x0000,0x0000,0x0000,0x0000,0x0000,0x0000,0x0000,0x0000,0x0000,//	56220 [db9c] 
0x0000,0x0000,0x0000,0x0000,0x83d5,0x83fa,0x83c7,0x83d1,0x83ea,0x8413,//	56230 [dba6] 
0x83c3,0x83ec,0x83ee,0x83c4,0x83fb,0x83d7,0x83e2,0x841b,0x83db,0x83fe,//	56240 [dbb0] 
0x86d8,0x86e2,0x86e6,0x86d3,0x86e3,0x86da,0x86ea,0x86dd,0x86eb,0x86dc,//	56250 [dbba] 
0x86ec,0x86e9,0x86d7,0x86e8,0x86d1,0x8848,0x8856,0x8855,0x88ba,0x88d7,//	56260 [dbc4] 
0x88b9,0x88b8,0x88c0,0x88be,0x88b6,0x88bc,0x88b7,0x88bd,0x88b2,0x8901,//	56270 [dbce] 
0x88c9,0x8995,0x8998,0x8997,0x89dd,0x89da,0x89db,0x8a4e,0x8a4d,0x8a39,//	56280 [dbd8] 
0x8a59,0x8a40,0x8a57,0x8a58,0x8a44,0x8a45,0x8a52,0x8a48,0x8a51,0x8a4a,//	56290 [dbe2] 
0x8a4c,0x8a4f,0x8c5f,0x8c81,0x8c80,0x8cba,0x8cbe,0x8cb0,0x8cb9,0x8cb5,//	56300 [dbec] 
0x8d84,0x8d80,0x8d89,0x8dd8,0x8dd3,0x8dcd,0x8dc7,0x8dd6,0x8ddc,0x8dcf,//	56310 [dbf6] 
0x8dd5,0x8dd9,0x8dc8,0x8dd7,0x8dc5,0x8eef,0x8ef7,0x8efa,0x0000,0x0000,//	56320 [dc00] 
0x0000,0x0000,0x0000,0x0000,0x0000,0x0000,0x0000,0x0000,0x0000,0x0000,//	56330 [dc0a] 
0x0000,0x0000,0x0000,0x0000,0x0000,0x0000,0x0000,0x0000,0x0000,0x0000,//	56340 [dc14] 
0x0000,0x0000,0x0000,0x0000,0x0000,0x0000,0x0000,0x0000,0x0000,0x0000,//	56350 [dc1e] 
0x0000,0x0000,0x0000,0x0000,0x0000,0x0000,0x0000,0x0000,0x0000,0x0000,//	56360 [dc28] 
0x0000,0x0000,0x0000,0x0000,0x0000,0x0000,0x0000,0x0000,0x0000,0x0000,//	56370 [dc32] 
0x0000,0x0000,0x0000,0x0000,0x0000,0x0000,0x0000,0x0000,0x0000,0x0000,//	56380 [dc3c] 
0x0000,0x0000,0x0000,0x8ef9,0x8ee6,0x8eee,0x8ee5,0x8ef5,0x8ee7,0x8ee8,//	56390 [dc46] 
0x8ef6,0x8eeb,0x8ef1,0x8eec,0x8ef4,0x8ee9,0x902d,0x9034,0x902f,0x9106,//	56400 [dc50] 
0x912c,0x9104,0x90ff,0x90fc,0x9108,0x90f9,0x90fb,0x9101,0x9100,0x9107,//	56410 [dc5a] 
0x9105,0x9103,0x9161,0x9164,0x915f,0x9162,0x9160,0x9201,0x920a,0x9225,//	56420 [dc64] 
0x9203,0x921a,0x9226,0x920f,0x920c,0x9200,0x9212,0x91ff,0x91fd,0x9206,//	56430 [dc6e] 
0x9204,0x9227,0x9202,0x921c,0x9224,0x9219,0x9217,0x9205,0x9216,0x957b,//	56440 [dc78] 
0x958d,0x958c,0x9590,0x9687,0x967e,0x9688,0x0000,0x0000,0x0000,0x0000,//	56450 [dc82] 
0x0000,0x0000,0x0000,0x0000,0x0000,0x0000,0x0000,0x0000,0x0000,0x0000,//	56460 [dc8c] 
0x0000,0x0000,0x0000,0x0000,0x0000,0x0000,0x0000,0x0000,0x0000,0x0000,//	56470 [dc96] 
0x0000,0x0000,0x0000,0x0000,0x0000,0x0000,0x0000,0x0000,0x0000,0x0000,//	56480 [dca0] 
0x9689,0x9683,0x9680,0x96c2,0x96c8,0x96c3,0x96f1,0x96f0,0x976c,0x9770,//	56490 [dcaa] 
0x976e,0x9807,0x98a9,0x98eb,0x9ce6,0x9ef9,0x4e83,0x4e84,0x4eb6,0x50bd,//	56500 [dcb4] 
0x50bf,0x50c6,0x50ae,0x50c4,0x50ca,0x50b4,0x50c8,0x50c2,0x50b0,0x50c1,//	56510 [dcbe] 
0x50ba,0x50b1,0x50cb,0x50c9,0x50b6,0x50b8,0x51d7,0x527a,0x5278,0x527b,//	56520 [dcc8] 
0x527c,0x55c3,0x55db,0x55cc,0x55d0,0x55cb,0x55ca,0x55dd,0x55c0,0x55d4,//	56530 [dcd2] 
0x55c4,0x55e9,0x55bf,0x55d2,0x558d,0x55cf,0x55d5,0x55e2,0x55d6,0x55c8,//	56540 [dcdc] 
0x55f2,0x55cd,0x55d9,0x55c2,0x5714,0x5853,0x5868,0x5864,0x584f,0x584d,//	56550 [dce6] 
0x5849,0x586f,0x5855,0x584e,0x585d,0x5859,0x5865,0x585b,0x583d,0x5863,//	56560 [dcf0] 
0x5871,0x58fc,0x5ac7,0x5ac4,0x5acb,0x5aba,0x5ab8,0x5ab1,0x5ab5,0x5ab0,//	56570 [dcfa] 
0x5abf,0x5ac8,0x5abb,0x5ac6,0x0000,0x0000,0x0000,0x0000,0x0000,0x0000,//	56580 [dd04] 
0x0000,0x0000,0x0000,0x0000,0x0000,0x0000,0x0000,0x0000,0x0000,0x0000,//	56590 [dd0e] 
0x0000,0x0000,0x0000,0x0000,0x0000,0x0000,0x0000,0x0000,0x0000,0x0000,//	56600 [dd18] 
0x0000,0x0000,0x0000,0x0000,0x0000,0x0000,0x0000,0x0000,0x0000,0x0000,//	56610 [dd22] 
0x0000,0x0000,0x0000,0x0000,0x0000,0x0000,0x0000,0x0000,0x0000,0x0000,//	56620 [dd2c] 
0x0000,0x0000,0x0000,0x0000,0x0000,0x0000,0x0000,0x0000,0x0000,0x0000,//	56630 [dd36] 
0x0000,0x0000,0x0000,0x0000,0x0000,0x0000,0x0000,0x0000,0x0000,0x5ab7,//	56640 [dd40] 
0x5ac0,0x5aca,0x5ab4,0x5ab6,0x5acd,0x5ab9,0x5a90,0x5bd6,0x5bd8,0x5bd9,//	56650 [dd4a] 
0x5c1f,0x5c33,0x5d71,0x5d63,0x5d4a,0x5d65,0x5d72,0x5d6c,0x5d5e,0x5d68,//	56660 [dd54] 
0x5d67,0x5d62,0x5df0,0x5e4f,0x5e4e,0x5e4a,0x5e4d,0x5e4b,0x5ec5,0x5ecc,//	56670 [dd5e] 
0x5ec6,0x5ecb,0x5ec7,0x5f40,0x5faf,0x5fad,0x60f7,0x6149,0x614a,0x612b,//	56680 [dd68] 
0x6145,0x6136,0x6132,0x612e,0x6146,0x612f,0x614f,0x6129,0x6140,0x6220,//	56690 [dd72] 
0x9168,0x6223,0x6225,0x6224,0x63c5,0x63f1,0x63eb,0x6410,0x6412,0x6409,//	56700 [dd7c] 
0x6420,0x6424,0x0000,0x0000,0x0000,0x0000,0x0000,0x0000,0x0000,0x0000,//	56710 [dd86] 
0x0000,0x0000,0x0000,0x0000,0x0000,0x0000,0x0000,0x0000,0x0000,0x0000,//	56720 [dd90] 
0x0000,0x0000,0x0000,0x0000,0x0000,0x0000,0x0000,0x0000,0x0000,0x0000,//	56730 [dd9a] 
0x0000,0x0000,0x0000,0x0000,0x0000,0x0000,0x6433,0x6443,0x641f,0x6415,//	56740 [dda4] 
0x6418,0x6439,0x6437,0x6422,0x6423,0x640c,0x6426,0x6430,0x6428,0x6441,//	56750 [ddae] 
0x6435,0x642f,0x640a,0x641a,0x6440,0x6425,0x6427,0x640b,0x63e7,0x641b,//	56760 [ddb8] 
0x642e,0x6421,0x640e,0x656f,0x6592,0x65d3,0x6686,0x668c,0x6695,0x6690,//	56770 [ddc2] 
0x668b,0x668a,0x6699,0x6694,0x6678,0x6720,0x6966,0x695f,0x6938,0x694e,//	56780 [ddcc] 
0x6962,0x6971,0x693f,0x6945,0x696a,0x6939,0x6942,0x6957,0x6959,0x697a,//	56790 [ddd6] 
0x6948,0x6949,0x6935,0x696c,0x6933,0x693d,0x6965,0x68f0,0x6978,0x6934,//	56800 [dde0] 
0x6969,0x6940,0x696f,0x6944,0x6976,0x6958,0x6941,0x6974,0x694c,0x693b,//	56810 [ddea] 
0x694b,0x6937,0x695c,0x694f,0x6951,0x6932,0x6952,0x692f,0x697b,0x693c,//	56820 [ddf4] 
0x6b46,0x6b45,0x6b43,0x6b42,0x6b48,0x6b41,0x6b9b,0xfa0d,0x6bfb,0x6bfc,//	56830 [ddfe] 
0x0000,0x0000,0x0000,0x0000,0x0000,0x0000,0x0000,0x0000,0x0000,0x0000,//	56840 [de08] 
0x0000,0x0000,0x0000,0x0000,0x0000,0x0000,0x0000,0x0000,0x0000,0x0000,//	56850 [de12] 
0x0000,0x0000,0x0000,0x0000,0x0000,0x0000,0x0000,0x0000,0x0000,0x0000,//	56860 [de1c] 
0x0000,0x0000,0x0000,0x0000,0x0000,0x0000,0x0000,0x0000,0x0000,0x0000,//	56870 [de26] 
0x0000,0x0000,0x0000,0x0000,0x0000,0x0000,0x0000,0x0000,0x0000,0x0000,//	56880 [de30] 
0x0000,0x0000,0x0000,0x0000,0x0000,0x0000,0x0000,0x0000,0x0000,0x0000,//	56890 [de3a] 
0x0000,0x0000,0x0000,0x0000,0x0000,0x6bf9,0x6bf7,0x6bf8,0x6e9b,0x6ed6,//	56900 [de44] 
0x6ec8,0x6e8f,0x6ec0,0x6e9f,0x6e93,0x6e94,0x6ea0,0x6eb1,0x6eb9,0x6ec6,//	56910 [de4e] 
0x6ed2,0x6ebd,0x6ec1,0x6e9e,0x6ec9,0x6eb7,0x6eb0,0x6ecd,0x6ea6,0x6ecf,//	56920 [de58] 
0x6eb2,0x6ebe,0x6ec3,0x6edc,0x6ed8,0x6e99,0x6e92,0x6e8e,0x6e8d,0x6ea4,//	56930 [de62] 
0x6ea1,0x6ebf,0x6eb3,0x6ed0,0x0006,0x6e97,0x6eae,0x6ea3,0x7147,0x7154,//	56940 [de6c] 
0x7152,0x7163,0x7160,0x7141,0x715d,0x7162,0x7172,0x7178,0x716a,0x7161,//	56950 [de76] 
0x7142,0x7158,0x7143,0x714b,0x7170,0x715f,0x7150,0x7153,0x0000,0x0000,//	56960 [de80] 
0x0000,0x0000,0x0000,0x0000,0x0000,0x0000,0x0000,0x0000,0x0000,0x0000,//	56970 [de8a] 
0x0000,0x0000,0x0000,0x0000,0x0000,0x0000,0x0000,0x0000,0x0000,0x0000,//	56980 [de94] 
0x0000,0x0000,0x0000,0x0000,0x0000,0x0000,0x0000,0x0000,0x0000,0x0000,//	56990 [de9e] 
0x0000,0x0000,0x7144,0x714d,0x715a,0x724f,0x728d,0x728c,0x7291,0x7290,//	57000 [dea8] 
0x728e,0x733c,0x7342,0x733b,0x733a,0x7340,0x734a,0x7349,0x7444,0x744a,//	57010 [deb2] 
0x744b,0x7452,0x7451,0x7457,0x7440,0x744f,0x7450,0x744e,0x7442,0x7446,//	57020 [debc] 
0x744d,0x7454,0x74e1,0x74ff,0x74fe,0x74fd,0x751d,0x7579,0x7577,0x6983,//	57030 [dec6] 
0x75ef,0x760f,0x7603,0x0000,0x75fe,0x75fc,0x75f9,0x75f8,0x7610,0x75fb,//	57040 [ded0] 
0x75f6,0x75ed,0x75f5,0x75fd,0x7699,0x76b5,0x76dd,0x7755,0x775f,0x7760,//	57050 [deda] 
0x7752,0x7756,0x775a,0x7769,0x7767,0x7754,0x7759,0x776d,0x77e0,0x7887,//	57060 [dee4] 
0x789a,0x7894,0x788f,0x7884,0x7895,0x7885,0x7886,0x78a1,0x7883,0x7879,//	57070 [deee] 
0x7899,0x7880,0x7896,0x787b,0x797c,0x7982,0x797d,0x7979,0x7a11,0x7a18,//	57080 [def8] 
0x7a19,0x7a12,0x7a17,0x7a15,0x7a22,0x7a13,0x0000,0x0000,0x0000,0x0000,//	57090 [df02] 
0x0000,0x0000,0x0000,0x0000,0x0000,0x0000,0x0000,0x0000,0x0000,0x0000,//	57100 [df0c] 
0x0000,0x0000,0x0000,0x0000,0x0000,0x0000,0x0000,0x0000,0x0000,0x0000,//	57110 [df16] 
0x0000,0x0000,0x0000,0x0000,0x0000,0x0000,0x0000,0x0000,0x0000,0x0000,//	57120 [df20] 
0x0000,0x0000,0x0000,0x0000,0x0000,0x0000,0x0000,0x0000,0x0000,0x0000,//	57130 [df2a] 
0x0000,0x0000,0x0000,0x0000,0x0000,0x0000,0x0000,0x0000,0x0000,0x0000,//	57140 [df34] 
0x0000,0x0000,0x0000,0x0000,0x0000,0x0000,0x0000,0x0000,0x0000,0x0000,//	57150 [df3e] 
0x0000,0x7a1b,0x7a10,0x7aa3,0x7aa2,0x7a9e,0x7aeb,0x7b66,0x7b64,0x7b6d,//	57160 [df48] 
0x7b74,0x7b69,0x7b72,0x7b65,0x7b73,0x7b71,0x7b70,0x7b61,0x7b78,0x7b76,//	57170 [df52] 
0x7b63,0x7cb2,0x7cb4,0x7caf,0x7d88,0x7d86,0x7d80,0x7d8d,0x7d7f,0x7d85,//	57180 [df5c] 
0x7d7a,0x7d8e,0x7d7b,0x7d83,0x7d7c,0x7d8c,0x7d94,0x7d84,0x7d7d,0x7d92,//	57190 [df66] 
0x7f6d,0x7f6b,0x7f67,0x7f68,0x7f6c,0x7fa6,0x7fa5,0x7fa7,0x7fdb,0x7fdc,//	57200 [df70] 
0x8021,0x8164,0x8160,0x8177,0x815c,0x8169,0x815b,0x8162,0x8172,0x6721,//	57210 [df7a] 
0x815e,0x8176,0x8167,0x816f,0x0000,0x0000,0x0000,0x0000,0x0000,0x0000,//	57220 [df84] 
0x0000,0x0000,0x0000,0x0000,0x0000,0x0000,0x0000,0x0000,0x0000,0x0000,//	57230 [df8e] 
0x0000,0x0000,0x0000,0x0000,0x0000,0x0000,0x0000,0x0000,0x0000,0x0000,//	57240 [df98] 
0x0000,0x0000,0x0000,0x0000,0x0000,0x0000,0x0000,0x0000,0x8144,0x8161,//	57250 [dfa2] 
0x821d,0x8249,0x8244,0x8240,0x8242,0x8245,0x84f1,0x843f,0x8456,0x8476,//	57260 [dfac] 
0x8479,0x848f,0x848d,0x8465,0x8451,0x8440,0x8486,0x8467,0x8430,0x844d,//	57270 [dfb6] 
0x847d,0x845a,0x8459,0x8474,0x8473,0x845d,0x8507,0x845e,0x8437,0x843a,//	57280 [dfc0] 
0x8434,0x847a,0x8443,0x8478,0x8432,0x8445,0x8429,0x83d9,0x844b,0x842f,//	57290 [dfca] 
0x8442,0x842d,0x845f,0x8470,0x8439,0x844e,0x844c,0x8452,0x846f,0x84c5,//	57300 [dfd4] 
0x848e,0x843b,0x8447,0x8436,0x8433,0x8468,0x847e,0x8444,0x842b,0x8460,//	57310 [dfde] 
0x8454,0x846e,0x8450,0x870b,0x8704,0x86f7,0x870c,0x86fa,0x86d6,0x86f5,//	57320 [dfe8] 
0x874d,0x86f8,0x870e,0x8709,0x8701,0x86f6,0x870d,0x8705,0x88d6,0x88cb,//	57330 [dff2] 
0x88cd,0x88ce,0x88de,0x88db,0x88da,0x88cc,0x88d0,0x8985,0x899b,0x89df,//	57340 [dffc] 
0x89e5,0x89e4,0x0000,0x0000,0x0000,0x0000,0x0000,0x0000,0x0000,0x0000,//	57350 [e006] 
0x0000,0x0000,0x0000,0x0000,0x0000,0x0000,0x0000,0x0000,0x0000,0x0000,//	57360 [e010] 
0x0000,0x0000,0x0000,0x0000,0x0000,0x0000,0x0000,0x0000,0x0000,0x0000,//	57370 [e01a] 
0x0000,0x0000,0x0000,0x0000,0x0000,0x0000,0x0000,0x0000,0x0000,0x0000,//	57380 [e024] 
0x0000,0x0000,0x0000,0x0000,0x0000,0x0000,0x0000,0x0000,0x0000,0x0000,//	57390 [e02e] 
0x0000,0x0000,0x0000,0x0000,0x0000,0x0000,0x0000,0x0000,0x0000,0x0000,//	57400 [e038] 
0x0000,0x0000,0x0000,0x0000,0x0000,0x0000,0x0000,0x89e1,0x89e0,0x89e2,//	57410 [e042] 
0x89dc,0x89e6,0x8a76,0x8a86,0x8a7f,0x8a61,0x8a3f,0x8a77,0x8a82,0x8a84,//	57420 [e04c] 
0x8a75,0x8a83,0x8a81,0x8a74,0x8a7a,0x8c3c,0x8c4b,0x8c4a,0x8c65,0x8c64,//	57430 [e056] 
0x8c66,0x8c86,0x8c84,0x8c85,0x8ccc,0x8d68,0x8d69,0x8d91,0x8d8c,0x8d8e,//	57440 [e060] 
0x8d8f,0x8d8d,0x8d93,0x8d94,0x8d90,0x8d92,0x8df0,0x8de0,0x8dec,0x8df1,//	57450 [e06a] 
0x8dee,0x8dd0,0x8de9,0x8de3,0x8de2,0x8de7,0x8df2,0x8deb,0x8df4,0x8f06,//	57460 [e074] 
0x8eff,0x8f01,0x8f00,0x8f05,0x8f07,0x8f08,0x8f02,0x8f0b,0x9052,0x903f,//	57470 [e07e] 
0x0000,0x0000,0x0000,0x0000,0x0000,0x0000,0x0000,0x0000,0x0000,0x0000,//	57480 [e088] 
0x0000,0x0000,0x0000,0x0000,0x0000,0x0000,0x0000,0x0000,0x0000,0x0000,//	57490 [e092] 
0x0000,0x0000,0x0000,0x0000,0x0000,0x0000,0x0000,0x0000,0x0000,0x0000,//	57500 [e09c] 
0x0000,0x0000,0x0000,0x0000,0x9044,0x9049,0x903d,0x9110,0x910d,0x910f,//	57510 [e0a6] 
0x9111,0x9116,0x9114,0x910b,0x910e,0x916e,0x916f,0x9248,0x9252,0x9230,//	57520 [e0b0] 
0x923a,0x9266,0x9233,0x9265,0x925e,0x9283,0x922e,0x924a,0x9246,0x926d,//	57530 [e0ba] 
0x926c,0x924f,0x9260,0x9267,0x926f,0x9236,0x9261,0x9270,0x9231,0x9254,//	57540 [e0c4] 
0x9263,0x9250,0x9272,0x924e,0x9253,0x924c,0x9256,0x9232,0x959f,0x959c,//	57550 [e0ce] 
0x959e,0x959b,0x9692,0x9693,0x9691,0x9697,0x96ce,0x96fa,0x96fd,0x96f8,//	57560 [e0d8] 
0x96f5,0x9773,0x9777,0x9778,0x9772,0x980f,0x980d,0x980e,0x98ac,0x98f6,//	57570 [e0e2] 
0x98f9,0x99af,0x99b2,0x99b0,0x99b5,0x9aad,0x9aab,0x9b5b,0x9cea,0x9ced,//	57580 [e0ec] 
0x9ce7,0x9e80,0x9efd,0x50e6,0x50d4,0x50d7,0x50e8,0x50f3,0x50db,0x50ea,//	57590 [e0f6] 
0x50dd,0x50e4,0x50d3,0x50ec,0x50f0,0x50ef,0x50e3,0x50e0,0x0000,0x0000,//	57600 [e100] 
0x0000,0x0000,0x0000,0x0000,0x0000,0x0000,0x0000,0x0000,0x0000,0x0000,//	57610 [e10a] 
0x0000,0x0000,0x0000,0x0000,0x0000,0x0000,0x0000,0x0000,0x0000,0x0000,//	57620 [e114] 
0x0000,0x0000,0x0000,0x0000,0x0000,0x0000,0x0000,0x0000,0x0000,0x0000,//	57630 [e11e] 
0x0000,0x0000,0x0000,0x0000,0x0000,0x0000,0x0000,0x0000,0x0000,0x0000,//	57640 [e128] 
0x0000,0x0000,0x0000,0x0000,0x0000,0x0000,0x0000,0x0000,0x0000,0x0000,//	57650 [e132] 
0x0000,0x0000,0x0000,0x0000,0x0000,0x0000,0x0000,0x0000,0x0000,0x0000,//	57660 [e13c] 
0x0000,0x0000,0x0000,0x51d8,0x5280,0x5281,0x52e9,0x52eb,0x5330,0x53ac,//	57670 [e146] 
0x5627,0x5615,0x560c,0x5612,0x55fc,0x560f,0x561c,0x5601,0x5613,0x5602,//	57680 [e150] 
0x55fa,0x561d,0x5604,0x55ff,0x55f9,0x5889,0x587c,0x5890,0x5898,0x5886,//	57690 [e15a] 
0x5881,0x587f,0x5874,0x588b,0x587a,0x5887,0x5891,0x588e,0x5876,0x5882,//	57700 [e164] 
0x5888,0x587b,0x5894,0x588f,0x58fe,0x596b,0x5adc,0x5aee,0x5ae5,0x5ad5,//	57710 [e16e] 
0x5aea,0x5ada,0x5aed,0x5aeb,0x5af3,0x5ae2,0x5ae0,0x5adb,0x5aec,0x5ade,//	57720 [e178] 
0x5add,0x5ad9,0x5ae8,0x5adf,0x5b77,0x5be0,0x0000,0x0000,0x0000,0x0000,//	57730 [e182] 
0x0000,0x0000,0x0000,0x0000,0x0000,0x0000,0x0000,0x0000,0x0000,0x0000,//	57740 [e18c] 
0x0000,0x0000,0x0000,0x0000,0x0000,0x0000,0x0000,0x0000,0x0000,0x0000,//	57750 [e196] 
0x0000,0x0000,0x0000,0x0000,0x0000,0x0000,0x0000,0x0000,0x0000,0x0000,//	57760 [e1a0] 
0x5be3,0x5c63,0x5d82,0x5d80,0x5d7d,0x5d86,0x5d7a,0x5d81,0x5d77,0x5d8a,//	57770 [e1aa] 
0x5d89,0x5d88,0x5d7e,0x5d7c,0x5d8d,0x5d79,0x5d7f,0x5e58,0x5e59,0x5e53,//	57780 [e1b4] 
0x5ed8,0x5ed1,0x5ed7,0x5ece,0x5edc,0x5ed5,0x5ed9,0x5ed2,0x5ed4,0x5f44,//	57790 [e1be] 
0x5f43,0x5f6f,0x5fb6,0x612c,0x6128,0x6141,0x615e,0x6171,0x6173,0x6152,//	57800 [e1c8] 
0x6153,0x6172,0x616c,0x6180,0x6174,0x6154,0x617a,0x615b,0x6165,0x613b,//	57810 [e1d2] 
0x616a,0x6161,0x6156,0x6229,0x6227,0x622b,0x642b,0x644d,0x645b,0x645d,//	57820 [e1dc] 
0x6474,0x6476,0x6472,0x6473,0x647d,0x6475,0x6466,0x64a6,0x644e,0x6482,//	57830 [e1e6] 
0x645e,0x645c,0x644b,0x6453,0x6460,0x6450,0x647f,0x643f,0x646c,0x646b,//	57840 [e1f0] 
0x6459,0x6465,0x6477,0x6573,0x65a0,0x66a1,0x66a0,0x669f,0x6705,0x6704,//	57850 [e1fa] 
0x6722,0x69b1,0x69b6,0x69c9,0x0000,0x0000,0x0000,0x0000,0x0000,0x0000,//	57860 [e204] 
0x0000,0x0000,0x0000,0x0000,0x0000,0x0000,0x0000,0x0000,0x0000,0x0000,//	57870 [e20e] 
0x0000,0x0000,0x0000,0x0000,0x0000,0x0000,0x0000,0x0000,0x0000,0x0000,//	57880 [e218] 
0x0000,0x0000,0x0000,0x0000,0x0000,0x0000,0x0000,0x0000,0x0000,0x0000,//	57890 [e222] 
0x0000,0x0000,0x0000,0x0000,0x0000,0x0000,0x0000,0x0000,0x0000,0x0000,//	57900 [e22c] 
0x0000,0x0000,0x0000,0x0000,0x0000,0x0000,0x0000,0x0000,0x0000,0x0000,//	57910 [e236] 
0x0000,0x0000,0x0000,0x0000,0x0000,0x0000,0x0000,0x0000,0x0000,0x69a0,//	57920 [e240] 
0x69ce,0x6996,0x69b0,0x69ac,0x69bc,0x6991,0x6999,0x698e,0x69a7,0x698d,//	57930 [e24a] 
0x69a9,0x69be,0x69af,0x69bf,0x69c4,0x69bd,0x69a4,0x69d4,0x69b9,0x69ca,//	57940 [e254] 
0x699a,0x69cf,0x69b3,0x6993,0x69aa,0x69a1,0x699e,0x69d9,0x6997,0x6990,//	57950 [e25e] 
0x69c2,0x69b5,0x69a5,0x69c6,0x6b4a,0x6b4d,0x6b4b,0x6b9e,0x6b9f,0x6ba0,//	57960 [e268] 
0x6bc3,0x6bc4,0x6bfe,0x6ece,0x6ef5,0x6ef1,0x6f03,0x6f25,0x6ef8,0x6f37,//	57970 [e272] 
0x6efb,0x6f2e,0x6f09,0x6f4e,0x6f19,0x6f1a,0x6f27,0x6f18,0x6f3b,0x6f12,//	57980 [e27c] 
0x6eed,0x6f0a,0x0000,0x0000,0x0000,0x0000,0x0000,0x0000,0x0000,0x0000,//	57990 [e286] 
0x0000,0x0000,0x0000,0x0000,0x0000,0x0000,0x0000,0x0000,0x0000,0x0000,//	58000 [e290] 
0x0000,0x0000,0x0000,0x0000,0x0000,0x0000,0x0000,0x0000,0x0000,0x0000,//	58010 [e29a] 
0x0000,0x0000,0x0000,0x0000,0x0000,0x0000,0x6f36,0x6f73,0x6ef9,0x6eee,//	58020 [e2a4] 
0x6f2d,0x6f40,0x6f30,0x6f3c,0x6f35,0x6eeb,0x6f07,0x6f0e,0x6f43,0x6f05,//	58030 [e2ae] 
0x6efd,0x6ef6,0x6f39,0x6f1c,0x6efc,0x6f3a,0x6f1f,0x6f0d,0x6f1e,0x6f08,//	58040 [e2b8] 
0x6f21,0x7187,0x7190,0x7189,0x7180,0x7185,0x7182,0x718f,0x717b,0x7186,//	58050 [e2c2] 
0x7181,0x7197,0x7244,0x7253,0x7297,0x7295,0x7293,0x7343,0x734d,0x7351,//	58060 [e2cc] 
0x734c,0x7462,0x7473,0x7471,0x7475,0x7472,0x7467,0x746e,0x7500,0x7502,//	58070 [e2d6] 
0x7503,0x757d,0x7590,0x7616,0x7608,0x760c,0x7615,0x7611,0x760a,0x7614,//	58080 [e2e0] 
0x76b8,0x7781,0x777c,0x7785,0x7782,0x776e,0x7780,0x776f,0x777e,0x7783,//	58090 [e2ea] 
0x78b2,0x78aa,0x78b4,0x78ad,0x78a8,0x787e,0x78ab,0x789e,0x78a5,0x78a0,//	58100 [e2f4] 
0x78ac,0x78a2,0x78a4,0x7998,0x798a,0x798b,0x7996,0x7995,0x7994,0x7993,//	58110 [e2fe] 
0x0000,0x0000,0x0000,0x0000,0x0000,0x0000,0x0000,0x0000,0x0000,0x0000,//	58120 [e308] 
0x0000,0x0000,0x0000,0x0000,0x0000,0x0000,0x0000,0x0000,0x0000,0x0000,//	58130 [e312] 
0x0000,0x0000,0x0000,0x0000,0x0000,0x0000,0x0000,0x0000,0x0000,0x0000,//	58140 [e31c] 
0x0000,0x0000,0x0000,0x0000,0x0000,0x0000,0x0000,0x0000,0x0000,0x0000,//	58150 [e326] 
0x0000,0x0000,0x0000,0x0000,0x0000,0x0000,0x0000,0x0000,0x0000,0x0000,//	58160 [e330] 
0x0000,0x0000,0x0000,0x0000,0x0000,0x0000,0x0000,0x0000,0x0000,0x0000,//	58170 [e33a] 
0x0000,0x0000,0x0000,0x0000,0x0000,0x7997,0x7988,0x7992,0x7990,0x7a2b,//	58180 [e344] 
0x7a4a,0x7a30,0x7a2f,0x7a28,0x7a26,0x7aa8,0x7aab,0x7aac,0x7aee,0x7b88,//	58190 [e34e] 
0x7b9c,0x7b8a,0x7b91,0x7b90,0x7b96,0x7b8d,0x7b8c,0x7b9b,0x7b8e,0x7b85,//	58200 [e358] 
0x7b98,0x5284,0x7b99,0x7ba4,0x7b82,0x7cbb,0x7cbf,0x7cbc,0x7cba,0x7da7,//	58210 [e362] 
0x7db7,0x7dc2,0x7da3,0x7daa,0x7dc1,0x7dc0,0x7dc5,0x7d9d,0x7dce,0x7dc4,//	58220 [e36c] 
0x7dc6,0x7dcb,0x7dcc,0x7daf,0x7db9,0x7d96,0x7dbc,0x7d9f,0x7da6,0x7dae,//	58230 [e376] 
0x7da9,0x7da1,0x7dc9,0x7f73,0x7fe2,0x7fe3,0x7fe5,0x7fde,0x0000,0x0000,//	58240 [e380] 
0x0000,0x0000,0x0000,0x0000,0x0000,0x0000,0x0000,0x0000,0x0000,0x0000,//	58250 [e38a] 
0x0000,0x0000,0x0000,0x0000,0x0000,0x0000,0x0000,0x0000,0x0000,0x0000,//	58260 [e394] 
0x0000,0x0000,0x0000,0x0000,0x0000,0x0000,0x0000,0x0000,0x0000,0x0000,//	58270 [e39e] 
0x0000,0x0000,0x8024,0x805d,0x805c,0x8189,0x8186,0x8183,0x8187,0x818d,//	58280 [e3a8] 
0x818c,0x818b,0x8215,0x8497,0x84a4,0x84a1,0x849f,0x84ba,0x84ce,0x84c2,//	58290 [e3b2] 
0x84ac,0x84ae,0x84ab,0x84b9,0x84b4,0x84c1,0x84cd,0x84aa,0x849a,0x84b1,//	58300 [e3bc] 
0x84d0,0x849d,0x84a7,0x84bb,0x84a2,0x8494,0x84c7,0x84cc,0x849b,0x84a9,//	58310 [e3c6] 
0x84af,0x84a8,0x84d6,0x8498,0x84b6,0x84cf,0x84a0,0x84d7,0x84d4,0x84d2,//	58320 [e3d0] 
0x84db,0x84b0,0x8491,0x8661,0x8733,0x8723,0x8728,0x876b,0x8740,0x872e,//	58330 [e3da] 
0x871e,0x8721,0x8719,0x871b,0x8743,0x872c,0x8741,0x873e,0x8746,0x8720,//	58340 [e3e4] 
0x8732,0x872a,0x872d,0x873c,0x8712,0x873a,0x8731,0x8735,0x8742,0x8726,//	58350 [e3ee] 
0x8727,0x8738,0x8724,0x871a,0x8730,0x8711,0x88f7,0x88e7,0x88f1,0x88f2,//	58360 [e3f8] 
0x88fa,0x88fe,0x88ee,0x88fc,0x88f6,0x88fb,0x0000,0x0000,0x0000,0x0000,//	58370 [e402] 
0x0000,0x0000,0x0000,0x0000,0x0000,0x0000,0x0000,0x0000,0x0000,0x0000,//	58380 [e40c] 
0x0000,0x0000,0x0000,0x0000,0x0000,0x0000,0x0000,0x0000,0x0000,0x0000,//	58390 [e416] 
0x0000,0x0000,0x0000,0x0000,0x0000,0x0000,0x0000,0x0000,0x0000,0x0000,//	58400 [e420] 
0x0000,0x0000,0x0000,0x0000,0x0000,0x0000,0x0000,0x0000,0x0000,0x0000,//	58410 [e42a] 
0x0000,0x0000,0x0000,0x0000,0x0000,0x0000,0x0000,0x0000,0x0000,0x0000,//	58420 [e434] 
0x0000,0x0000,0x0000,0x0000,0x0000,0x0000,0x0000,0x0000,0x0000,0x0000,//	58430 [e43e] 
0x0000,0x88f0,0x88ec,0x88eb,0x899d,0x89a1,0x899f,0x899e,0x89e9,0x89eb,//	58440 [e448] 
0x89e8,0x8aab,0x8a99,0x8a8b,0x8a92,0x8a8f,0x8a96,0x8c3d,0x8c68,0x8c69,//	58450 [e452] 
0x8cd5,0x8ccf,0x8cd7,0x8d96,0x8e09,0x8e02,0x8dff,0x8e0d,0x8dfd,0x8e0a,//	58460 [e45c] 
0x8e03,0x8e07,0x8e06,0x8e05,0x8dfe,0x8e00,0x8e04,0x8f10,0x8f11,0x8f0e,//	58470 [e466] 
0x8f0d,0x9123,0x911c,0x9120,0x9122,0x911f,0x911d,0x911a,0x9124,0x9121,//	58480 [e470] 
0x911b,0x917a,0x9172,0x9179,0x9173,0x92a5,0x92a4,0x9276,0x929b,0x927a,//	58490 [e47a] 
0x92a0,0x9294,0x92aa,0x928d,0x0000,0x0000,0x0000,0x0000,0x0000,0x0000,//	58500 [e484] 
0x0000,0x0000,0x0000,0x0000,0x0000,0x0000,0x0000,0x0000,0x0000,0x0000,//	58510 [e48e] 
0x0000,0x0000,0x0000,0x0000,0x0000,0x0000,0x0000,0x0000,0x0000,0x0000,//	58520 [e498] 
0x0000,0x0000,0x0000,0x0000,0x0000,0x0000,0x0000,0x0000,0x92a6,0x929a,//	58530 [e4a2] 
0x92ab,0x9279,0x9297,0x927f,0x92a3,0x92ee,0x928e,0x9282,0x9295,0x92a2,//	58540 [e4ac] 
0x927d,0x9288,0x92a1,0x928a,0x9286,0x928c,0x9299,0x92a7,0x927e,0x9287,//	58550 [e4b6] 
0x92a9,0x929d,0x928b,0x922d,0x969e,0x96a1,0x96ff,0x9758,0x977d,0x977a,//	58560 [e4c0] 
0x977e,0x9783,0x9780,0x9782,0x977b,0x9784,0x9781,0x977f,0x97ce,0x97cd,//	58570 [e4ca] 
0x9816,0x98ad,0x98ae,0x9902,0x9900,0x9907,0x999d,0x999c,0x99c3,0x99b9,//	58580 [e4d4] 
0x99bb,0x99ba,0x99c2,0x99bd,0x99c7,0x9ab1,0x9ae3,0x9ae7,0x9b3e,0x9b3f,//	58590 [e4de] 
0x9b60,0x9b61,0x9b5f,0x9cf1,0x9cf2,0x9cf5,0x9ea7,0x50ff,0x5103,0x5130,//	58600 [e4e8] 
0x50f8,0x5106,0x5107,0x50f6,0x50fe,0x510b,0x510c,0x50fd,0x510a,0x528b,//	58610 [e4f2] 
0x528c,0x52f1,0x52ef,0x5648,0x5642,0x564c,0x5635,0x5641,0x564a,0x5649,//	58620 [e4fc] 
0x5646,0x5658,0x0000,0x0000,0x0000,0x0000,0x0000,0x0000,0x0000,0x0000,//	58630 [e506] 
0x0000,0x0000,0x0000,0x0000,0x0000,0x0000,0x0000,0x0000,0x0000,0x0000,//	58640 [e510] 
0x0000,0x0000,0x0000,0x0000,0x0000,0x0000,0x0000,0x0000,0x0000,0x0000,//	58650 [e51a] 
0x0000,0x0000,0x0000,0x0000,0x0000,0x0000,0x0000,0x0000,0x0000,0x0000,//	58660 [e524] 
0x0000,0x0000,0x0000,0x0000,0x0000,0x0000,0x0000,0x0000,0x0000,0x0000,//	58670 [e52e] 
0x0000,0x0000,0x0000,0x0000,0x0000,0x0000,0x0000,0x0000,0x0000,0x0000,//	58680 [e538] 
0x0000,0x0000,0x0000,0x0000,0x0000,0x0000,0x0000,0x565a,0x5640,0x5633,//	58690 [e542] 
0x563d,0x562c,0x563e,0x5638,0x562a,0x563a,0x571a,0x58ab,0x589d,0x58b1,//	58700 [e54c] 
0x58a0,0x58a3,0x58af,0x58ac,0x58a5,0x58a1,0x58ff,0x5aff,0x5af4,0x5afd,//	58710 [e556] 
0x5af7,0x5af6,0x5b03,0x5af8,0x5b02,0x5af9,0x5b01,0x5b07,0x5b05,0x5b0f,//	58720 [e560] 
0x5c67,0x5d99,0x5d97,0x5d9f,0x5d92,0x5da2,0x5d93,0x5d95,0x5da0,0x5d9c,//	58730 [e56a] 
0x5da1,0x5d9a,0x5d9e,0x5e69,0x5e5d,0x5e60,0x5e5c,0x7df3,0x5edb,0x5ede,//	58740 [e574] 
0x5ee1,0x5f49,0x5fb2,0x618b,0x6183,0x6179,0x61b1,0x61b0,0x61a2,0x6189,//	58750 [e57e] 
0x0000,0x0000,0x0000,0x0000,0x0000,0x0000,0x0000,0x0000,0x0000,0x0000,//	58760 [e588] 
0x0000,0x0000,0x0000,0x0000,0x0000,0x0000,0x0000,0x0000,0x0000,0x0000,//	58770 [e592] 
0x0000,0x0000,0x0000,0x0000,0x0000,0x0000,0x0000,0x0000,0x0000,0x0000,//	58780 [e59c] 
0x0000,0x0000,0x0000,0x0000,0x619b,0x6193,0x61af,0x61ad,0x619f,0x6192,//	58790 [e5a6] 
0x61aa,0x61a1,0x618d,0x6166,0x61b3,0x622d,0x646e,0x6470,0x6496,0x64a0,//	58800 [e5b0] 
0x6485,0x6497,0x649c,0x648f,0x648b,0x648a,0x648c,0x64a3,0x649f,0x6468,//	58810 [e5ba] 
0x64b1,0x6498,0x6576,0x657a,0x6579,0x657b,0x65b2,0x65b3,0x66b5,0x66b0,//	58820 [e5c4] 
0x66a9,0x66b2,0x66b7,0x66aa,0x66af,0x6a00,0x6a06,0x6a17,0x69e5,0x69f8,//	58830 [e5ce] 
0x6a15,0x69f1,0x69e4,0x6a20,0x69ff,0x69ec,0x69e2,0x6a1b,0x6a1d,0x69fe,//	58840 [e5d8] 
0x6a27,0x69f2,0x69ee,0x6a14,0x69f7,0x69e7,0x6a40,0x6a08,0x69e6,0x69fb,//	58850 [e5e2] 
0x6a0d,0x69fc,0x69eb,0x6a09,0x6a04,0x6a18,0x6a25,0x6a0f,0x69f6,0x6a26,//	58860 [e5ec] 
0x6a07,0x69f4,0x6a16,0x6b51,0x6ba5,0x6ba3,0x6ba2,0x6ba6,0x6c01,0x6c00,//	58870 [e5f6] 
0x6bff,0x6c02,0x6f41,0x6f26,0x6f7e,0x6f87,0x6fc6,0x6f92,0x0000,0x0000,//	58880 [e600] 
0x0000,0x0000,0x0000,0x0000,0x0000,0x0000,0x0000,0x0000,0x0000,0x0000,//	58890 [e60a] 
0x0000,0x0000,0x0000,0x0000,0x0000,0x0000,0x0000,0x0000,0x0000,0x0000,//	58900 [e614] 
0x0000,0x0000,0x0000,0x0000,0x0000,0x0000,0x0000,0x0000,0x0000,0x0000,//	58910 [e61e] 
0x0000,0x0000,0x0000,0x0000,0x0000,0x0000,0x0000,0x0000,0x0000,0x0000,//	58920 [e628] 
0x0000,0x0000,0x0000,0x0000,0x0000,0x0000,0x0000,0x0000,0x0000,0x0000,//	58930 [e632] 
0x0000,0x0000,0x0000,0x0000,0x0000,0x0000,0x0000,0x0000,0x0000,0x0000,//	58940 [e63c] 
0x0000,0x0000,0x0000,0x6f8d,0x6f89,0x6f8c,0x6f62,0x6f4f,0x6f85,0x6f5a,//	58950 [e646] 
0x6f96,0x6f76,0x6f6c,0x6f82,0x6f55,0x6f72,0x6f52,0x6f50,0x6f57,0x6f94,//	58960 [e650] 
0x6f93,0x6f5d,0x6f00,0x6f61,0x6f6b,0x6f7d,0x6f67,0x6f90,0x6f53,0x6f8b,//	58970 [e65a] 
0x6f69,0x6f7f,0x6f95,0x6f63,0x6f77,0x6f6a,0x6f7b,0x71b2,0x71af,0x719b,//	58980 [e664] 
0x71b0,0x71a0,0x719a,0x71a9,0x71b5,0x719d,0x71a5,0x719e,0x71a4,0x71a1,//	58990 [e66e] 
0x71aa,0x719c,0x71a7,0x71b3,0x7298,0x729a,0x7358,0x7352,0x735e,0x735f,//	59000 [e678] 
0x7360,0x735d,0x735b,0x7361,0x735a,0x7359,0x0000,0x0000,0x0000,0x0000,//	59010 [e682] 
0x0000,0x0000,0x0000,0x0000,0x0000,0x0000,0x0000,0x0000,0x0000,0x0000,//	59020 [e68c] 
0x0000,0x0000,0x0000,0x0000,0x0000,0x0000,0x0000,0x0000,0x0000,0x0000,//	59030 [e696] 
0x0000,0x0000,0x0000,0x0000,0x0000,0x0000,0x0000,0x0000,0x0000,0x0000,//	59040 [e6a0] 
0x7362,0x7487,0x7489,0x748a,0x7486,0x7481,0x747d,0x7485,0x7488,0x747c,//	59050 [e6aa] 
0x7479,0x7508,0x7507,0x757e,0x7625,0x761e,0x7619,0x761d,0x761c,0x7623,//	59060 [e6b4] 
0x761a,0x7628,0x761b,0x769c,0x769d,0x769e,0x769b,0x778d,0x778f,0x7789,//	59070 [e6be] 
0x7788,0x78cd,0x78bb,0x78cf,0x78cc,0x78d1,0x78ce,0x78d4,0x78c8,0x78c3,//	59080 [e6c8] 
0x78c4,0x78c9,0x799a,0x79a1,0x79a0,0x799c,0x79a2,0x799b,0x6b76,0x7a39,//	59090 [e6d2] 
0x7ab2,0x7ab4,0x7ab3,0x7bb7,0x7bcb,0x7bbe,0x7bac,0x7bce,0x7baf,0x7bb9,//	59100 [e6dc] 
0x7bca,0x7bb5,0x7cc5,0x7cc8,0x7ccc,0x7ccb,0x7df7,0x7ddb,0x7dea,0x7de7,//	59110 [e6e6] 
0x7dd7,0x7de1,0x7e03,0x7dfa,0x7de6,0x7df6,0x7df1,0x7df0,0x7dee,0x7ddf,//	59120 [e6f0] 
0x7f76,0x7fac,0x7fb0,0x7fad,0x7fed,0x7feb,0x7fea,0x7fec,0x7fe6,0x7fe8,//	59130 [e6fa] 
0x8064,0x8067,0x81a3,0x819f,0x0000,0x0000,0x0000,0x0000,0x0000,0x0000,//	59140 [e704] 
0x0000,0x0000,0x0000,0x0000,0x0000,0x0000,0x0000,0x0000,0x0000,0x0000,//	59150 [e70e] 
0x0000,0x0000,0x0000,0x0000,0x0000,0x0000,0x0000,0x0000,0x0000,0x0000,//	59160 [e718] 
0x0000,0x0000,0x0000,0x0000,0x0000,0x0000,0x0000,0x0000,0x0000,0x0000,//	59170 [e722] 
0x0000,0x0000,0x0000,0x0000,0x0000,0x0000,0x0000,0x0000,0x0000,0x0000,//	59180 [e72c] 
0x0000,0x0000,0x0000,0x0000,0x0000,0x0000,0x0000,0x0000,0x0000,0x0000,//	59190 [e736] 
0x0000,0x0000,0x0000,0x0000,0x0000,0x0000,0x0000,0x0000,0x0000,0x819e,//	59200 [e740] 
0x8195,0x81a2,0x8199,0x8197,0x8216,0x824f,0x8253,0x8252,0x8250,0x824e,//	59210 [e74a] 
0x8251,0x8524,0x853b,0x850f,0x8500,0x8529,0x850e,0x8509,0x850d,0x851f,//	59220 [e754] 
0x850a,0x8527,0x851c,0x84fb,0x852b,0x84fa,0x8508,0x850c,0x84f4,0x852a,//	59230 [e75e] 
0x84f2,0x8515,0x84f7,0x84eb,0x84f3,0x84fc,0x8512,0x84ea,0x84e9,0x8516,//	59240 [e768] 
0x84fe,0x8528,0x851d,0x852e,0x8502,0x84fd,0x851e,0x84f6,0x8531,0x8526,//	59250 [e772] 
0x84e7,0x84e8,0x84f0,0x84ef,0x84f9,0x8518,0x8520,0x8530,0x850b,0x8519,//	59260 [e77c] 
0x852f,0x8662,0x0000,0x0000,0x0000,0x0000,0x0000,0x0000,0x0000,0x0000,//	59270 [e786] 
0x0000,0x0000,0x0000,0x0000,0x0000,0x0000,0x0000,0x0000,0x0000,0x0000,//	59280 [e790] 
0x0000,0x0000,0x0000,0x0000,0x0000,0x0000,0x0000,0x0000,0x0000,0x0000,//	59290 [e79a] 
0x0000,0x0000,0x0000,0x0000,0x0000,0x0000,0x8756,0x8763,0x8764,0x8777,//	59300 [e7a4] 
0x87e1,0x8773,0x8758,0x8754,0x875b,0x8752,0x8761,0x875a,0x8751,0x875e,//	59310 [e7ae] 
0x876d,0x876a,0x8750,0x874e,0x875f,0x875d,0x876f,0x876c,0x877a,0x876e,//	59320 [e7b8] 
0x875c,0x8765,0x874f,0x877b,0x8775,0x8762,0x8767,0x8769,0x885a,0x8905,//	59330 [e7c2] 
0x890c,0x8914,0x890b,0x8917,0x8918,0x8919,0x8906,0x8916,0x8911,0x890e,//	59340 [e7cc] 
0x8909,0x89a2,0x89a4,0x89a3,0x89ed,0x89f0,0x89ec,0x8acf,0x8ac6,0x8ab8,//	59350 [e7d6] 
0x8ad3,0x8ad1,0x8ad4,0x8ad5,0x8abb,0x8ad7,0x8abe,0x8ac0,0x8ac5,0x8ad8,//	59360 [e7e0] 
0x8ac3,0x8aba,0x8abd,0x8ad9,0x8c3e,0x8c4d,0x8c8f,0x8ce5,0x8cdf,0x8cd9,//	59370 [e7ea] 
0x8ce8,0x8cda,0x8cdd,0x8ce7,0x8da0,0x8d9c,0x8da1,0x8d9b,0x8e20,0x8e23,//	59380 [e7f4] 
0x8e25,0x8e24,0x8e2e,0x8e15,0x8e1b,0x8e16,0x8e11,0x8e19,0x8e26,0x8e27,//	59390 [e7fe] 
0x0000,0x0000,0x0000,0x0000,0x0000,0x0000,0x0000,0x0000,0x0000,0x0000,//	59400 [e808] 
0x0000,0x0000,0x0000,0x0000,0x0000,0x0000,0x0000,0x0000,0x0000,0x0000,//	59410 [e812] 
0x0000,0x0000,0x0000,0x0000,0x0000,0x0000,0x0000,0x0000,0x0000,0x0000,//	59420 [e81c] 
0x0000,0x0000,0x0000,0x0000,0x0000,0x0000,0x0000,0x0000,0x0000,0x0000,//	59430 [e826] 
0x0000,0x0000,0x0000,0x0000,0x0000,0x0000,0x0000,0x0000,0x0000,0x0000,//	59440 [e830] 
0x0000,0x0000,0x0000,0x0000,0x0000,0x0000,0x0000,0x0000,0x0000,0x0000,//	59450 [e83a] 
0x0000,0x0000,0x0000,0x0000,0x0000,0x8e14,0x8e12,0x8e18,0x8e13,0x8e1c,//	59460 [e844] 
0x8e17,0x8e1a,0x8f2c,0x8f24,0x8f18,0x8f1a,0x8f20,0x8f23,0x8f16,0x8f17,//	59470 [e84e] 
0x9073,0x9070,0x906f,0x9067,0x906b,0x912f,0x912b,0x9129,0x912a,0x9132,//	59480 [e858] 
0x9126,0x912e,0x9185,0x9186,0x918a,0x9181,0x9182,0x9184,0x9180,0x92d0,//	59490 [e862] 
0x92c3,0x92c4,0x92c0,0x92d9,0x92b6,0x92cf,0x92f1,0x92df,0x92d8,0x92e9,//	59500 [e86c] 
0x92d7,0x92dd,0x92cc,0x92ef,0x92c2,0x92e8,0x92ca,0x92c8,0x92ce,0x92e6,//	59510 [e876] 
0x92cd,0x92d5,0x92c9,0x92e0,0x92de,0x92e7,0x92d1,0x92d3,0x0000,0x0000,//	59520 [e880] 
0x0000,0x0000,0x0000,0x0000,0x0000,0x0000,0x0000,0x0000,0x0000,0x0000,//	59530 [e88a] 
0x0000,0x0000,0x0000,0x0000,0x0000,0x0000,0x0000,0x0000,0x0000,0x0000,//	59540 [e894] 
0x0000,0x0000,0x0000,0x0000,0x0000,0x0000,0x0000,0x0000,0x0000,0x0000,//	59550 [e89e] 
0x0000,0x0000,0x92b5,0x92e1,0x92c6,0x92b4,0x957c,0x95ac,0x95ab,0x95ae,//	59560 [e8a8] 
0x95b0,0x96a4,0x96a2,0x96d3,0x9705,0x9708,0x9702,0x975a,0x978a,0x978e,//	59570 [e8b2] 
0x9788,0x97d0,0x97cf,0x981e,0x981d,0x9826,0x9829,0x9828,0x9820,0x981b,//	59580 [e8bc] 
0x9827,0x98b2,0x9908,0x98fa,0x9911,0x9914,0x9916,0x9917,0x9915,0x99dc,//	59590 [e8c6] 
0x99cd,0x99cf,0x99d3,0x99d4,0x99ce,0x99c9,0x99d6,0x99d8,0x99cb,0x99d7,//	59600 [e8d0] 
0x99cc,0x9ab3,0x9aec,0x9aeb,0x9af3,0x9af2,0x9af1,0x9b46,0x9b43,0x9b67,//	59610 [e8da] 
0x9b74,0x9b71,0x9b66,0x9b76,0x9b75,0x9b70,0x9b68,0x9b64,0x9b6c,0x9cfc,//	59620 [e8e4] 
0x9cfa,0x9cfd,0x9cff,0x9cf7,0x9d07,0x9d00,0x9cf9,0x9cfb,0x9d08,0x9d05,//	59630 [e8ee] 
0x9d04,0x9e83,0x9ed3,0x9f0f,0x9f10,0x511c,0x5113,0x5117,0x511a,0x5111,//	59640 [e8f8] 
0x51de,0x5334,0x53e1,0x5670,0x5660,0x566e,0x0000,0x0000,0x0000,0x0000,//	59650 [e902] 
0x0000,0x0000,0x0000,0x0000,0x0000,0x0000,0x0000,0x0000,0x0000,0x0000,//	59660 [e90c] 
0x0000,0x0000,0x0000,0x0000,0x0000,0x0000,0x0000,0x0000,0x0000,0x0000,//	59670 [e916] 
0x0000,0x0000,0x0000,0x0000,0x0000,0x0000,0x0000,0x0000,0x0000,0x0000,//	59680 [e920] 
0x0000,0x0000,0x0000,0x0000,0x0000,0x0000,0x0000,0x0000,0x0000,0x0000,//	59690 [e92a] 
0x0000,0x0000,0x0000,0x0000,0x0000,0x0000,0x0000,0x0000,0x0000,0x0000,//	59700 [e934] 
0x0000,0x0000,0x0000,0x0000,0x0000,0x0000,0x0000,0x0000,0x0000,0x0000,//	59710 [e93e] 
0x0000,0x5673,0x5666,0x5663,0x566d,0x5672,0x565e,0x5677,0x571c,0x571b,//	59720 [e948] 
0x58c8,0x58bd,0x58c9,0x58bf,0x58ba,0x58c2,0x58bc,0x58c6,0x5b17,0x5b19,//	59730 [e952] 
0x5b1b,0x5b21,0x5b14,0x5b13,0x5b10,0x5b16,0x5b28,0x5b1a,0x5b20,0x5b1e,//	59740 [e95c] 
0x5bef,0x5dac,0x5db1,0x5da9,0x5da7,0x5db5,0x5db0,0x5dae,0x5daa,0x5da8,//	59750 [e966] 
0x5db2,0x5dad,0x5daf,0x5db4,0x5e67,0x5e68,0x5e66,0x5e6f,0x5ee9,0x5ee7,//	59760 [e970] 
0x5ee6,0x5ee8,0x5ee5,0x5f4b,0x5fbc,0x619d,0x61a8,0x6196,0x61c5,0x61b4,//	59770 [e97a] 
0x61c6,0x61c1,0x61cc,0x61ba,0x0000,0x0000,0x0000,0x0000,0x0000,0x0000,//	59780 [e984] 
0x0000,0x0000,0x0000,0x0000,0x0000,0x0000,0x0000,0x0000,0x0000,0x0000,//	59790 [e98e] 
0x0000,0x0000,0x0000,0x0000,0x0000,0x0000,0x0000,0x0000,0x0000,0x0000,//	59800 [e998] 
0x0000,0x0000,0x0000,0x0000,0x0000,0x0000,0x0000,0x0000,0x61bf,0x61b8,//	59810 [e9a2] 
0x618c,0x64d7,0x64d6,0x64d0,0x64cf,0x64c9,0x64bd,0x6489,0x64c3,0x64db,//	59820 [e9ac] 
0x64f3,0x64d9,0x6533,0x657f,0x657c,0x65a2,0x66c8,0x66be,0x66c0,0x66ca,//	59830 [e9b6] 
0x66cb,0x66cf,0x66bd,0x66bb,0x66ba,0x66cc,0x6723,0x6a34,0x6a66,0x6a49,//	59840 [e9c0] 
0x6a67,0x6a32,0x6a68,0x6a3e,0x6a5d,0x6a6d,0x6a76,0x6a5b,0x6a51,0x6a28,//	59850 [e9ca] 
0x6a5a,0x6a3b,0x6a3f,0x6a41,0x6a6a,0x6a64,0x6a50,0x6a4f,0x6a54,0x6a6f,//	59860 [e9d4] 
0x6a69,0x6a60,0x6a3c,0x6a5e,0x6a56,0x6a55,0x6a4d,0x6a4e,0x6a46,0x6b55,//	59870 [e9de] 
0x6b54,0x6b56,0x6ba7,0x6baa,0x6bab,0x6bc8,0x6bc7,0x6c04,0x6c03,0x6c06,//	59880 [e9e8] 
0x6fad,0x6fcb,0x6fa3,0x6fc7,0x6fbc,0x6fce,0x6fc8,0x6f5e,0x6fc4,0x6fbd,//	59890 [e9f2] 
0x6f9e,0x6fca,0x6fa8,0x7004,0x6fa5,0x6fae,0x6fba,0x6fac,0x6faa,0x6fcf,//	59900 [e9fc] 
0x6fbf,0x6fb8,0x0000,0x0000,0x0000,0x0000,0x0000,0x0000,0x0000,0x0000,//	59910 [ea06] 
0x0000,0x0000,0x0000,0x0000,0x0000,0x0000,0x0000,0x0000,0x0000,0x0000,//	59920 [ea10] 
0x0000,0x0000,0x0000,0x0000,0x0000,0x0000,0x0000,0x0000,0x0000,0x0000,//	59930 [ea1a] 
0x0000,0x0000,0x0000,0x0000,0x0000,0x0000,0x0000,0x0000,0x0000,0x0000,//	59940 [ea24] 
0x0000,0x0000,0x0000,0x0000,0x0000,0x0000,0x0000,0x0000,0x0000,0x0000,//	59950 [ea2e] 
0x0000,0x0000,0x0000,0x0000,0x0000,0x0000,0x0000,0x0000,0x0000,0x0000,//	59960 [ea38] 
0x0000,0x0000,0x0000,0x0000,0x0000,0x0000,0x0000,0x6fa2,0x6fc9,0x6fab,//	59970 [ea42] 
0x6fcd,0x6faf,0x6fb2,0x6fb0,0x71c5,0x71c2,0x71bf,0x71b8,0x71d6,0x71c0,//	59980 [ea4c] 
0x71c1,0x71cb,0x71d4,0x71ca,0x71c7,0x71cf,0x71bd,0x71d8,0x71bc,0x71c6,//	59990 [ea56] 
0x71da,0x71db,0x729d,0x729e,0x7369,0x7366,0x7367,0x736c,0x7365,0x736b,//	60000 [ea60] 
0x736a,0x747f,0x749a,0x74a0,0x7494,0x7492,0x7495,0x74a1,0x750b,0x7580,//	60010 [ea6a] 
0x762f,0x762d,0x7631,0x763d,0x7633,0x763c,0x7635,0x7632,0x7630,0x76bb,//	60020 [ea74] 
0x76e6,0x779a,0x779d,0x77a1,0x779c,0x779b,0x77a2,0x77a3,0x7795,0x7799,//	60030 [ea7e] 
0x0000,0x0000,0x0000,0x0000,0x0000,0x0000,0x0000,0x0000,0x0000,0x0000,//	60040 [ea88] 
0x0000,0x0000,0x0000,0x0000,0x0000,0x0000,0x0000,0x0000,0x0000,0x0000,//	60050 [ea92] 
0x0000,0x0000,0x0000,0x0000,0x0000,0x0000,0x0000,0x0000,0x0000,0x0000,//	60060 [ea9c] 
0x0000,0x0000,0x0000,0x0000,0x7797,0x78dd,0x78e9,0x78e5,0x78ea,0x78de,//	60070 [eaa6] 
0x78e3,0x78db,0x78e1,0x78e2,0x78ed,0x78df,0x78e0,0x79a4,0x7a44,0x7a48,//	60080 [eab0] 
0x7a47,0x7ab6,0x7ab8,0x7ab5,0x7ab1,0x7ab7,0x7bde,0x7be3,0x7be7,0x7bdd,//	60090 [eaba] 
0x7bd5,0x7be5,0x7bda,0x7be8,0x7bf9,0x7bd4,0x7bea,0x7be2,0x7bdc,0x7beb,//	60100 [eac4] 
0x7bd8,0x7bdf,0x7cd2,0x7cd4,0x7cd7,0x7cd0,0x7cd1,0x7e12,0x7e21,0x7e17,//	60110 [eace] 
0x7e0c,0x7e1f,0x7e20,0x7e13,0x7e0e,0x7e1c,0x7e15,0x7e1a,0x7e22,0x7e0b,//	60120 [ead8] 
0x7e0f,0x7e16,0x7e0d,0x7e14,0x7e25,0x7e24,0x7f43,0x7f7b,0x7f7c,0x7f7a,//	60130 [eae2] 
0x7fb1,0x7fef,0x802a,0x8029,0x806c,0x81b1,0x81a6,0x81ae,0x81b9,0x81b5,//	60140 [eaec] 
0x81ab,0x81b0,0x81ac,0x81b4,0x81b2,0x81b7,0x81a7,0x81f2,0x8255,0x8256,//	60150 [eaf6] 
0x8257,0x8556,0x8545,0x856b,0x854d,0x8553,0x8561,0x8558,0x0000,0x0000,//	60160 [eb00] 
0x0000,0x0000,0x0000,0x0000,0x0000,0x0000,0x0000,0x0000,0x0000,0x0000,//	60170 [eb0a] 
0x0000,0x0000,0x0000,0x0000,0x0000,0x0000,0x0000,0x0000,0x0000,0x0000,//	60180 [eb14] 
0x0000,0x0000,0x0000,0x0000,0x0000,0x0000,0x0000,0x0000,0x0000,0x0000,//	60190 [eb1e] 
0x0000,0x0000,0x0000,0x0000,0x0000,0x0000,0x0000,0x0000,0x0000,0x0000,//	60200 [eb28] 
0x0000,0x0000,0x0000,0x0000,0x0000,0x0000,0x0000,0x0000,0x0000,0x0000,//	60210 [eb32] 
0x0000,0x0000,0x0000,0x0000,0x0000,0x0000,0x0000,0x0000,0x0000,0x0000,//	60220 [eb3c] 
0x0000,0x0000,0x0000,0x8540,0x8546,0x8564,0x8541,0x8562,0x8544,0x8551,//	60230 [eb46] 
0x8547,0x8563,0x853e,0x855b,0x8571,0x854e,0x856e,0x8575,0x8555,0x8567,//	60240 [eb50] 
0x8560,0x858c,0x8566,0x855d,0x8554,0x8565,0x856c,0x8663,0x8665,0x8664,//	60250 [eb5a] 
0x879b,0x878f,0x8797,0x8793,0x8792,0x8788,0x8781,0x8796,0x8798,0x8779,//	60260 [eb64] 
0x8787,0x87a3,0x8785,0x8790,0x8791,0x879d,0x8784,0x8794,0x879c,0x879a,//	60270 [eb6e] 
0x8789,0x891e,0x8926,0x8930,0x892d,0x892e,0x8927,0x8931,0x8922,0x8929,//	60280 [eb78] 
0x8923,0x892f,0x892c,0x891f,0x89f1,0x8ae0,0x0000,0x0000,0x0000,0x0000,//	60290 [eb82] 
0x0000,0x0000,0x0000,0x0000,0x0000,0x0000,0x0000,0x0000,0x0000,0x0000,//	60300 [eb8c] 
0x0000,0x0000,0x0000,0x0000,0x0000,0x0000,0x0000,0x0000,0x0000,0x0000,//	60310 [eb96] 
0x0000,0x0000,0x0000,0x0000,0x0000,0x0000,0x0000,0x0000,0x0000,0x0000,//	60320 [eba0] 
0x8ae2,0x8af2,0x8af4,0x8af5,0x8add,0x8b14,0x8ae4,0x8adf,0x8af0,0x8ac8,//	60330 [ebaa] 
0x8ade,0x8ae1,0x8ae8,0x8aff,0x8aef,0x8afb,0x8c91,0x8c92,0x8c90,0x8cf5,//	60340 [ebb4] 
0x8cee,0x8cf1,0x8cf0,0x8cf3,0x8d6c,0x8d6e,0x8da5,0x8da7,0x8e33,0x8e3e,//	60350 [ebbe] 
0x8e38,0x8e40,0x8e45,0x8e36,0x8e3c,0x8e3d,0x8e41,0x8e30,0x8e3f,0x8ebd,//	60360 [ebc8] 
0x8f36,0x8f2e,0x8f35,0x8f32,0x8f39,0x8f37,0x8f34,0x9076,0x9079,0x907b,//	60370 [ebd2] 
0x9086,0x90fa,0x9133,0x9135,0x9136,0x9193,0x9190,0x9191,0x918d,0x918f,//	60380 [ebdc] 
0x9327,0x931e,0x9308,0x931f,0x9306,0x930f,0x937a,0x9338,0x933c,0x931b,//	60390 [ebe6] 
0x9323,0x9312,0x9301,0x9346,0x932d,0x930e,0x930d,0x92cb,0x931d,0x92fa,//	60400 [ebf0] 
0x9325,0x9313,0x92f9,0x92f7,0x9334,0x9302,0x9324,0x92ff,0x9329,0x9339,//	60410 [ebfa] 
0x9335,0x932a,0x9314,0x930c,0x0000,0x0000,0x0000,0x0000,0x0000,0x0000,//	60420 [ec04] 
0x0000,0x0000,0x0000,0x0000,0x0000,0x0000,0x0000,0x0000,0x0000,0x0000,//	60430 [ec0e] 
0x0000,0x0000,0x0000,0x0000,0x0000,0x0000,0x0000,0x0000,0x0000,0x0000,//	60440 [ec18] 
0x0000,0x0000,0x0000,0x0000,0x0000,0x0000,0x0000,0x0000,0x0000,0x0000,//	60450 [ec22] 
0x0000,0x0000,0x0000,0x0000,0x0000,0x0000,0x0000,0x0000,0x0000,0x0000,//	60460 [ec2c] 
0x0000,0x0000,0x0000,0x0000,0x0000,0x0000,0x0000,0x0000,0x0000,0x0000,//	60470 [ec36] 
0x0000,0x0000,0x0000,0x0000,0x0000,0x0000,0x0000,0x0000,0x0000,0x930b,//	60480 [ec40] 
0x92fe,0x9309,0x9300,0x92fb,0x9316,0x95bc,0x95cd,0x95be,0x95b9,0x95ba,//	60490 [ec4a] 
0x95b6,0x95bf,0x95b5,0x95bd,0x96a9,0x96d4,0x970b,0x9712,0x9710,0x9799,//	60500 [ec54] 
0x9797,0x9794,0x97f0,0x97f8,0x9835,0x982f,0x9832,0x9924,0x991f,0x9927,//	60510 [ec5e] 
0x9929,0x999e,0x99ee,0x99ec,0x99e5,0x99e4,0x99f0,0x99e3,0x99ea,0x99e9,//	60520 [ec68] 
0x99e7,0x9ab9,0x9abf,0x9ab4,0x9abb,0x9af6,0x9afa,0x9af9,0x9af7,0x9b33,//	60530 [ec72] 
0x9b80,0x9b85,0x9b87,0x9b7c,0x9b7e,0x9b7b,0x9b82,0x9b93,0x9b92,0x9b90,//	60540 [ec7c] 
0x9b7a,0x9b95,0x0000,0x0000,0x0000,0x0000,0x0000,0x0000,0x0000,0x0000,//	60550 [ec86] 
0x0000,0x0000,0x0000,0x0000,0x0000,0x0000,0x0000,0x0000,0x0000,0x0000,//	60560 [ec90] 
0x0000,0x0000,0x0000,0x0000,0x0000,0x0000,0x0000,0x0000,0x0000,0x0000,//	60570 [ec9a] 
0x0000,0x0000,0x0000,0x0000,0x0000,0x0000,0x0000,0x0000,0x0000,0x0000,//	60580 [eca4] 
0x0000,0x0000,0x0000,0x0000,0x0000,0x0000,0x0000,0x0000,0x0000,0x0000,//	60590 [ecae] 
0x0000,0x9e86,0x9e87,0x9eae,0x9ead,0x9ed5,0x9ed6,0x9efa,0x9f12,0x9f3d,//	60600 [ecb8] 
0x5126,0x5125,0x5122,0x5124,0x5120,0x5129,0x52f4,0x5693,0x568c,0x568d,//	60610 [ecc2] 
0x5686,0x5684,0x5683,0x567e,0x5682,0x567f,0x5681,0x58d6,0x58d4,0x58cf,//	60620 [eccc] 
0x58d2,0x5b2d,0x5b25,0x5b32,0x5b23,0x5b2c,0x5b27,0x5b26,0x5b2f,0x5b2e,//	60630 [ecd6] 
0x5b7b,0x5bf1,0x5bf2,0x5db7,0x5e6c,0x5e6a,0x5fbe,0x5fbb,0x61c3,0x61b5,//	60640 [ece0] 
0x61bc,0x61e7,0x61e0,0x61e5,0x61e4,0x61e8,0x61de,0x64ef,0x64e9,0x64e3,//	60650 [ecea] 
0x64eb,0x64e4,0x64e8,0x6581,0x6580,0x65b6,0x65da,0x66d2,0x6a8d,0x6a96,//	60660 [ecf4] 
0x6a81,0x6aa5,0x6a89,0x6a9f,0x6a9b,0x6aa1,0x6a9e,0x6a87,0x6a93,0x6a8e,//	60670 [ecfe] 
0x0000,0x0000,0x0000,0x0000,0x0000,0x0000,0x0000,0x0000,0x0000,0x0000,//	60680 [ed08] 
0x0000,0x0000,0x0000,0x0000,0x0000,0x0000,0x0000,0x0000,0x0000,0x0000,//	60690 [ed12] 
0x0000,0x0000,0x0000,0x0000,0x0000,0x0000,0x0000,0x0000,0x0000,0x0000,//	60700 [ed1c] 
0x0000,0x0000,0x0000,0x0000,0x0000,0x0000,0x0000,0x0000,0x0000,0x0000,//	60710 [ed26] 
0x0000,0x0000,0x0000,0x0000,0x0000,0x0000,0x0000,0x0000,0x0000,0x0000,//	60720 [ed30] 
0x0000,0x0000,0x0000,0x0000,0x0000,0x0000,0x0000,0x0000,0x0000,0x0000,//	60730 [ed3a] 
0x0000,0x0000,0x0000,0x0000,0x0000,0x6a95,0x6a83,0x6aa8,0x6aa4,0x6a91,//	60740 [ed44] 
0x6a7f,0x6aa6,0x6a9a,0x6a85,0x6a8c,0x6a92,0x6b5b,0x6bad,0x6c09,0x6fcc,//	60750 [ed4e] 
0x6fa9,0x6ff4,0x6fd4,0x6fe3,0x6fdc,0x6fed,0x6fe7,0x6fe6,0x6fde,0x6ff2,//	60760 [ed58] 
0x6fdd,0x6fe2,0x6fe8,0x71e1,0x71f1,0x71e8,0x71f2,0x71e4,0x71f0,0x71e2,//	60770 [ed62] 
0x7373,0x736e,0x736f,0x7497,0x74b2,0x74ab,0x7490,0x74aa,0x74ad,0x74b1,//	60780 [ed6c] 
0x74a5,0x74af,0x7510,0x7511,0x7512,0x750f,0x7584,0x7643,0x7648,0x7649,//	60790 [ed76] 
0x7647,0x76a4,0x76e9,0x77b5,0x77ab,0x77b2,0x77b7,0x77b6,0x0000,0x0000,//	60800 [ed80] 
0x0000,0x0000,0x0000,0x0000,0x0000,0x0000,0x0000,0x0000,0x0000,0x0000,//	60810 [ed8a] 
0x0000,0x0000,0x0000,0x0000,0x0000,0x0000,0x0000,0x0000,0x0000,0x0000,//	60820 [ed94] 
0x0000,0x0000,0x0000,0x0000,0x0000,0x0000,0x0000,0x0000,0x0000,0x0000,//	60830 [ed9e] 
0x0000,0x0000,0x77b4,0x77b1,0x77a8,0x77f0,0x78f3,0x78fd,0x7902,0x78fb,//	60840 [eda8] 
0x78fc,0x78f2,0x7905,0x78f9,0x78fe,0x7904,0x79ab,0x79a8,0x7a5c,0x7a5b,//	60850 [edb2] 
0x7a56,0x7a58,0x7a54,0x7a5a,0x7abe,0x7ac0,0x7ac1,0x7c05,0x7c0f,0x7bf2,//	60860 [edbc] 
0x7c00,0x7bff,0x7bfb,0x7c0e,0x7bf4,0x7c0b,0x7bf3,0x7c02,0x7c09,0x7c03,//	60870 [edc6] 
0x7c01,0x7bf8,0x7bfd,0x7c06,0x7bf0,0x7bf1,0x7c10,0x7c0a,0x7ce8,0x7e2d,//	60880 [edd0] 
0x7e3c,0x7e42,0x7e33,0x9848,0x7e38,0x7e2a,0x7e49,0x7e40,0x7e47,0x7e29,//	60890 [edda] 
0x7e4c,0x7e30,0x7e3b,0x7e36,0x7e44,0x7e3a,0x7f45,0x7f7f,0x7f7e,0x7f7d,//	60900 [ede4] 
0x7ff4,0x7ff2,0x802c,0x81bb,0x81c4,0x81cc,0x81ca,0x81c5,0x81c7,0x81bc,//	60910 [edee] 
0x81e9,0x825b,0x825a,0x825c,0x8583,0x8580,0x858f,0x85a7,0x8595,0x85a0,//	60920 [edf8] 
0x858b,0x85a3,0x857b,0x85a4,0x859a,0x859e,0x0000,0x0000,0x0000,0x0000,//	60930 [ee02] 
0x0000,0x0000,0x0000,0x0000,0x0000,0x0000,0x0000,0x0000,0x0000,0x0000,//	60940 [ee0c] 
0x0000,0x0000,0x0000,0x0000,0x0000,0x0000,0x0000,0x0000,0x0000,0x0000,//	60950 [ee16] 
0x0000,0x0000,0x0000,0x0000,0x0000,0x0000,0x0000,0x0000,0x0000,0x0000,//	60960 [ee20] 
0x0000,0x0000,0x0000,0x0000,0x0000,0x0000,0x0000,0x0000,0x0000,0x0000,//	60970 [ee2a] 
0x0000,0x0000,0x0000,0x0000,0x0000,0x0000,0x0000,0x0000,0x0000,0x0000,//	60980 [ee34] 
0x0000,0x0000,0x0000,0x0000,0x0000,0x0000,0x0000,0x0000,0x0000,0x0000,//	60990 [ee3e] 
0x0000,0x8577,0x857c,0x8589,0x85a1,0x857a,0x8578,0x8557,0x858e,0x8596,//	61000 [ee48] 
0x8586,0x858d,0x8599,0x859d,0x8581,0x85a2,0x8582,0x8588,0x8585,0x8579,//	61010 [ee52] 
0x8576,0x8598,0x8590,0x859f,0x8668,0x87be,0x87aa,0x87ad,0x87c5,0x87b0,//	61020 [ee5c] 
0x87ac,0x87b9,0x87b5,0x87bc,0x87ae,0x87c9,0x87c3,0x87c2,0x87cc,0x87b7,//	61030 [ee66] 
0x87af,0x87c4,0x87ca,0x87b4,0x87b6,0x87bf,0x87b8,0x87bd,0x87de,0x87b2,//	61040 [ee70] 
0x8935,0x8933,0x893c,0x893e,0x8941,0x8952,0x8937,0x8942,0x89ad,0x89af,//	61050 [ee7a] 
0x89ae,0x89f2,0x89f3,0x8b1e,0x0000,0x0000,0x0000,0x0000,0x0000,0x0000,//	61060 [ee84] 
0x0000,0x0000,0x0000,0x0000,0x0000,0x0000,0x0000,0x0000,0x0000,0x0000,//	61070 [ee8e] 
0x0000,0x0000,0x0000,0x0000,0x0000,0x0000,0x0000,0x0000,0x0000,0x0000,//	61080 [ee98] 
0x0000,0x0000,0x0000,0x0000,0x0000,0x0000,0x0000,0x0000,0x8b18,0x8b16,//	61090 [eea2] 
0x8b11,0x8b05,0x8b0b,0x8b22,0x8b0f,0x8b12,0x8b15,0x8b07,0x8b0d,0x8b08,//	61100 [eeac] 
0x8b06,0x8b1c,0x8b13,0x8b1a,0x8c4f,0x8c70,0x8c72,0x8c71,0x8c6f,0x8c95,//	61110 [eeb6] 
0x8c94,0x8cf9,0x8d6f,0x8e4e,0x8e4d,0x8e53,0x8e50,0x8e4c,0x8e47,0x8f43,//	61120 [eec0] 
0x8f40,0x9085,0x907e,0x9138,0x919a,0x91a2,0x919b,0x9199,0x919f,0x0000,//	61130 [eeca] 
0x919d,0x91a0,0x93a1,0x9383,0x93af,0x9364,0x9356,0x9347,0x937c,0x9358,//	61140 [eed4] 
0x935c,0x9376,0x9349,0x9350,0x9351,0x9360,0x936d,0x938f,0x934c,0x936a,//	61150 [eede] 
0x9379,0x9357,0x9355,0x9352,0x934f,0x9371,0x9377,0x937b,0x9361,0x935e,//	61160 [eee8] 
0x9363,0x9367,0x9380,0x934e,0x9359,0x95c7,0x95c0,0x95c9,0x95c3,0x95c5,//	61170 [eef2] 
0x95b7,0x96ae,0x96b0,0x96ac,0x9720,0x971f,0x9718,0x971d,0x9719,0x979a,//	61180 [eefc] 
0x97a1,0x979c,0x0000,0x0000,0x0000,0x0000,0x0000,0x0000,0x0000,0x0000,//	61190 [ef06] 
0x0000,0x0000,0x0000,0x0000,0x0000,0x0000,0x0000,0x0000,0x0000,0x0000,//	61200 [ef10] 
0x0000,0x0000,0x0000,0x0000,0x0000,0x0000,0x0000,0x0000,0x0000,0x0000,//	61210 [ef1a] 
0x0000,0x0000,0x0000,0x0000,0x0000,0x0000,0x0000,0x0000,0x0000,0x0000,//	61220 [ef24] 
0x0000,0x0000,0x0000,0x0000,0x0000,0x0000,0x0000,0x0000,0x0000,0x0000,//	61230 [ef2e] 
0x0000,0x0000,0x0000,0x0000,0x0000,0x0000,0x0000,0x0000,0x0000,0x0000,//	61240 [ef38] 
0x0000,0x0000,0x0000,0x0000,0x0000,0x0000,0x0000,0x979e,0x979d,0x97d5,//	61250 [ef42] 
0x97d4,0x97f1,0x9841,0x9844,0x984a,0x9849,0x9845,0x9843,0x9925,0x992b,//	61260 [ef4c] 
0x992c,0x992a,0x9933,0x9932,0x992f,0x992d,0x9931,0x9930,0x9998,0x99a3,//	61270 [ef56] 
0x99a1,0x9a02,0x99fa,0x99f4,0x99f7,0x99f9,0x99f8,0x99f6,0x99fb,0x99fd,//	61280 [ef60] 
0x99fe,0x99fc,0x9a03,0x9abe,0x9afe,0x9afd,0x9b01,0x9afc,0x9b48,0x9b9a,//	61290 [ef6a] 
0x9ba8,0x9b9e,0x9b9b,0x9ba6,0x9ba1,0x9ba5,0x9ba4,0x9b86,0x9ba2,0x9ba0,//	61300 [ef74] 
0x9baf,0x9d33,0x9d41,0x9d67,0x9d36,0x9d2e,0x9d2f,0x9d31,0x9d38,0x9d30,//	61310 [ef7e] 
0x0000,0x0000,0x0000,0x0000,0x0000,0x0000,0x0000,0x0000,0x0000,0x0000,//	61320 [ef88] 
0x0000,0x0000,0x0000,0x0000,0x0000,0x0000,0x0000,0x0000,0x0000,0x0000,//	61330 [ef92] 
0x0000,0x0000,0x0000,0x0000,0x0000,0x0000,0x0000,0x0000,0x0000,0x0000,//	61340 [ef9c] 
0x0000,0x0000,0x0000,0x0000,0x9d45,0x9d42,0x9d43,0x9d3e,0x9d37,0x9d40,//	61350 [efa6] 
0x9d3d,0x7ff5,0x9d2d,0x9e8a,0x9e89,0x9e8d,0x9eb0,0x9ec8,0x9eda,0x9efb,//	61360 [efb0] 
0x9eff,0x9f24,0x9f23,0x9f22,0x9f54,0x9fa0,0x5131,0x512d,0x512e,0x5698,//	61370 [efba] 
0x569c,0x5697,0x569a,0x569d,0x5699,0x5970,0x5b3c,0x5c69,0x5c6a,0x5dc0,//	61380 [efc4] 
0x5e6d,0x5e6e,0x61d8,0x61df,0x61ed,0x61ee,0x61f1,0x61ea,0x61f0,0x61eb,//	61390 [efce] 
0x61d6,0x61e9,0x64ff,0x6504,0x64fd,0x64f8,0x6501,0x6503,0x64fc,0x6594,//	61400 [efd8] 
0x65db,0x66da,0x66db,0x66d8,0x6ac5,0x6ab9,0x6abd,0x6ae1,0x6ac6,0x6aba,//	61410 [efe2] 
0x6ab6,0x6ab7,0x6ac7,0x6ab4,0x6aad,0x6b5e,0x6bc9,0x6c0b,0x7007,0x700c,//	61420 [efec] 
0x700d,0x7001,0x7005,0x7014,0x700e,0x6fff,0x7000,0x6ffb,0x7026,0x6ffc,//	61430 [eff6] 
0x6ff7,0x700a,0x7201,0x71ff,0x71f9,0x7203,0x71fd,0x7376,0x0000,0x0000,//	61440 [f000] 
0x0000,0x0000,0x0000,0x0000,0x0000,0x0000,0x0000,0x0000,0x0000,0x0000,//	61450 [f00a] 
0x0000,0x0000,0x0000,0x0000,0x0000,0x0000,0x0000,0x0000,0x0000,0x0000,//	61460 [f014] 
0x0000,0x0000,0x0000,0x0000,0x0000,0x0000,0x0000,0x0000,0x0000,0x0000,//	61470 [f01e] 
0x0000,0x0000,0x0000,0x0000,0x0000,0x0000,0x0000,0x0000,0x0000,0x0000,//	61480 [f028] 
0x0000,0x0000,0x0000,0x0000,0x0000,0x0000,0x0000,0x0000,0x0000,0x0000,//	61490 [f032] 
0x0000,0x0000,0x0000,0x0000,0x0000,0x0000,0x0000,0x0000,0x0000,0x0000,//	61500 [f03c] 
0x0000,0x0000,0x0000,0x74b8,0x74c0,0x74b5,0x74c1,0x74be,0x74b6,0x74bb,//	61510 [f046] 
0x74c2,0x7514,0x7513,0x765c,0x7664,0x7659,0x7650,0x7653,0x7657,0x765a,//	61520 [f050] 
0x76a6,0x76bd,0x76ec,0x77c2,0x77ba,0x78ff,0x790c,0x7913,0x7914,0x7909,//	61530 [f05a] 
0x7910,0x7912,0x7911,0x79ad,0x79ac,0x7a5f,0x7c1c,0x7c29,0x7c19,0x7c20,//	61540 [f064] 
0x7c1f,0x7c2d,0x7c1d,0x7c26,0x7c28,0x7c22,0x7c25,0x7c30,0x7e5c,0x7e50,//	61550 [f06e] 
0x7e56,0x7e63,0x7e58,0x7e62,0x7e5f,0x7e51,0x7e60,0x7e57,0x7e53,0x7fb5,//	61560 [f078] 
0x7fb3,0x7ff7,0x7ff8,0x8075,0x81d1,0x81d2,0x0000,0x0000,0x0000,0x0000,//	61570 [f082] 
0x0000,0x0000,0x0000,0x0000,0x0000,0x0000,0x0000,0x0000,0x0000,0x0000,//	61580 [f08c] 
0x0000,0x0000,0x0000,0x0000,0x0000,0x0000,0x0000,0x0000,0x0000,0x0000,//	61590 [f096] 
0x0000,0x0000,0x0000,0x0000,0x0000,0x0000,0x0000,0x0000,0x0000,0x0000,//	61600 [f0a0] 
0x81d0,0x825f,0x825e,0x85b4,0x85c6,0x85c0,0x85c3,0x85c2,0x85b3,0x85b5,//	61610 [f0aa] 
0x85bd,0x85c7,0x85c4,0x85bf,0x85cb,0x85ce,0x85c8,0x85c5,0x85b1,0x85b6,//	61620 [f0b4] 
0x85d2,0x8624,0x85b8,0x85b7,0x85be,0x8669,0x87e7,0x87e6,0x87e2,0x87db,//	61630 [f0be] 
0x87eb,0x87ea,0x87e5,0x87df,0x87f3,0x87e4,0x87d4,0x87dc,0x87d3,0x87ed,//	61640 [f0c8] 
0x87d8,0x87e3,0x87a4,0x87d7,0x87d9,0x8801,0x87f4,0x87e8,0x87dd,0x8953,//	61650 [f0d2] 
0x894b,0x894f,0x894c,0x8946,0x8950,0x8951,0x8949,0x8b2a,0x8b27,0x8b23,//	61660 [f0dc] 
0x8b33,0x8b30,0x8b35,0x8b47,0x8b2f,0x8b3c,0x8b3e,0x8b31,0x8b25,0x8b37,//	61670 [f0e6] 
0x8b26,0x8b36,0x8b2e,0x8b24,0x8b3b,0x8b3d,0x8b3a,0x8c42,0x8c75,0x8c99,//	61680 [f0f0] 
0x8c98,0x8c97,0x8cfe,0x8d04,0x8d02,0x8d00,0x8e5c,0x8e62,0x8e60,0x8e57,//	61690 [f0fa] 
0x8e56,0x8e5e,0x8e65,0x8e67,0x0000,0x0000,0x0000,0x0000,0x0000,0x0000,//	61700 [f104] 
0x0000,0x0000,0x0000,0x0000,0x0000,0x0000,0x0000,0x0000,0x0000,0x0000,//	61710 [f10e] 
0x0000,0x0000,0x0000,0x0000,0x0000,0x0000,0x0000,0x0000,0x0000,0x0000,//	61720 [f118] 
0x0000,0x0000,0x0000,0x0000,0x0000,0x0000,0x0000,0x0000,0x0000,0x0000,//	61730 [f122] 
0x0000,0x0000,0x0000,0x0000,0x0000,0x0000,0x0000,0x0000,0x0000,0x0000,//	61740 [f12c] 
0x0000,0x0000,0x0000,0x0000,0x0000,0x0000,0x0000,0x0000,0x0000,0x0000,//	61750 [f136] 
0x0000,0x0000,0x0000,0x0000,0x0000,0x0000,0x0000,0x0000,0x0000,0x8e5b,//	61760 [f140] 
0x8e5a,0x8e61,0x8e5d,0x8e69,0x8e54,0x8f46,0x8f47,0x8f48,0x8f4b,0x9128,//	61770 [f14a] 
0x913a,0x913b,0x913e,0x91a8,0x91a5,0x91a7,0x91af,0x91aa,0x93b5,0x938c,//	61780 [f154] 
0x9392,0x93b7,0x939b,0x939d,0x9389,0x93a7,0x938e,0x93aa,0x939e,0x93a6,//	61790 [f15e] 
0x9395,0x9388,0x9399,0x939f,0x938d,0x93b1,0x9391,0x93b2,0x93a4,0x93a8,//	61800 [f168] 
0x93b4,0x93a3,0x93a5,0x95d2,0x95d3,0x95d1,0x96b3,0x96d7,0x96da,0x5dc2,//	61810 [f172] 
0x96df,0x96d8,0x96dd,0x9723,0x9722,0x9725,0x97ac,0x97ae,0x97a8,0x97ab,//	61820 [f17c] 
0x97a4,0x97aa,0x0000,0x0000,0x0000,0x0000,0x0000,0x0000,0x0000,0x0000,//	61830 [f186] 
0x0000,0x0000,0x0000,0x0000,0x0000,0x0000,0x0000,0x0000,0x0000,0x0000,//	61840 [f190] 
0x0000,0x0000,0x0000,0x0000,0x0000,0x0000,0x0000,0x0000,0x0000,0x0000,//	61850 [f19a] 
0x0000,0x0000,0x0000,0x0000,0x0000,0x0000,0x97a2,0x97a5,0x97d7,0x97d9,//	61860 [f1a4] 
0x97d6,0x97d8,0x97fa,0x9850,0x9851,0x9852,0x98b8,0x9941,0x993c,0x993a,//	61870 [f1ae] 
0x9a0f,0x9a0b,0x9a09,0x9a0d,0x9a04,0x9a11,0x9a0a,0x9a05,0x9a07,0x9a06,//	61880 [f1b8] 
0x9ac0,0x9adc,0x9b08,0x9b04,0x9b05,0x9b29,0x9b35,0x9b4a,0x9b4c,0x9b4b,//	61890 [f1c2] 
0x9bc7,0x9bc6,0x9bc3,0x9bbf,0x9bc1,0x9bb5,0x9bb8,0x9bd3,0x9bb6,0x9bc4,//	61900 [f1cc] 
0x9bb9,0x9bbd,0x9d5c,0x9d53,0x9d4f,0x9d4a,0x9d5b,0x9d4b,0x9d59,0x9d56,//	61910 [f1d6] 
0x9d4c,0x9d57,0x9d52,0x9d54,0x9d5f,0x9d58,0x9d5a,0x9e8e,0x9e8c,0x9edf,//	61920 [f1e0] 
0x9f01,0x9f00,0x9f16,0x9f25,0x9f2b,0x9f2a,0x9f29,0x9f28,0x9f4c,0x9f55,//	61930 [f1ea] 
0x5134,0x5135,0x5296,0x52f7,0x53b4,0x56ab,0x56ad,0x56a6,0x56a7,0x56aa,//	61940 [f1f4] 
0x56ac,0x58da,0x58dd,0x58db,0x5912,0x5b3d,0x5b3e,0x5b3f,0x5dc3,0x5e70,//	61950 [f1fe] 
0x0000,0x0000,0x0000,0x0000,0x0000,0x0000,0x0000,0x0000,0x0000,0x0000,//	61960 [f208] 
0x0000,0x0000,0x0000,0x0000,0x0000,0x0000,0x0000,0x0000,0x0000,0x0000,//	61970 [f212] 
0x0000,0x0000,0x0000,0x0000,0x0000,0x0000,0x0000,0x0000,0x0000,0x0000,//	61980 [f21c] 
0x0000,0x0000,0x0000,0x0000,0x0000,0x0000,0x0000,0x0000,0x0000,0x0000,//	61990 [f226] 
0x0000,0x0000,0x0000,0x0000,0x0000,0x0000,0x0000,0x0000,0x0000,0x0000,//	62000 [f230] 
0x0000,0x0000,0x0000,0x0000,0x0000,0x0000,0x0000,0x0000,0x0000,0x0000,//	62010 [f23a] 
0x0000,0x0000,0x0000,0x0000,0x0000,0x5fbf,0x61fb,0x6507,0x6510,0x650d,//	62020 [f244] 
0x6509,0x650c,0x650e,0x6584,0x65de,0x65dd,0x66de,0x6ae7,0x6ae0,0x6acc,//	62030 [f24e] 
0x6ad1,0x6ad9,0x6acb,0x6adf,0x6adc,0x6ad0,0x6aeb,0x6acf,0x6acd,0x6ade,//	62040 [f258] 
0x6b60,0x6bb0,0x6c0c,0x7019,0x7027,0x7020,0x7016,0x702b,0x7021,0x7022,//	62050 [f262] 
0x7023,0x7029,0x7017,0x7024,0x701c,0x702a,0x720c,0x720a,0x7207,0x7202,//	62060 [f26c] 
0x7205,0x72a5,0x72a6,0x72a4,0x72a3,0x72a1,0x74cb,0x74c5,0x74b7,0x74c3,//	62070 [f276] 
0x7516,0x7660,0x77c9,0x77ca,0x77c4,0x77f1,0x791d,0x791b,0x0000,0x0000,//	62080 [f280] 
0x0000,0x0000,0x0000,0x0000,0x0000,0x0000,0x0000,0x0000,0x0000,0x0000,//	62090 [f28a] 
0x0000,0x0000,0x0000,0x0000,0x0000,0x0000,0x0000,0x0000,0x0000,0x0000,//	62100 [f294] 
0x0000,0x0000,0x0000,0x0000,0x0000,0x0000,0x0000,0x0000,0x0000,0x0000,//	62110 [f29e] 
0x0000,0x0000,0x7921,0x791c,0x7917,0x791e,0x79b0,0x7a67,0x7a68,0x7c33,//	62120 [f2a8] 
0x7c3c,0x7c39,0x7c2c,0x7c3b,0x7cec,0x7cea,0x7e76,0x7e75,0x7e78,0x7e70,//	62130 [f2b2] 
0x7e77,0x7e6f,0x7e7a,0x7e72,0x7e74,0x7e68,0x7f4b,0x7f4a,0x7f83,0x7f86,//	62140 [f2bc] 
0x7fb7,0x7ffd,0x7ffe,0x8078,0x81d7,0x81d5,0x8264,0x8261,0x8263,0x85eb,//	62150 [f2c6] 
0x85f1,0x85ed,0x85d9,0x85e1,0x85e8,0x85da,0x85d7,0x85ec,0x85f2,0x85f8,//	62160 [f2d0] 
0x85d8,0x85df,0x85e3,0x85dc,0x85d1,0x85f0,0x85e6,0x85ef,0x85de,0x85e2,//	62170 [f2da] 
0x8800,0x87fa,0x8803,0x87f6,0x87f7,0x8809,0x880c,0x880b,0x8806,0x87fc,//	62180 [f2e4] 
0x8808,0x87ff,0x880a,0x8802,0x8962,0x895a,0x895b,0x8957,0x8961,0x895c,//	62190 [f2ee] 
0x8958,0x895d,0x8959,0x8988,0x89b7,0x89b6,0x89f6,0x8b50,0x8b48,0x8b4a,//	62200 [f2f8] 
0x8b40,0x8b53,0x8b56,0x8b54,0x8b4b,0x8b55,0x0000,0x0000,0x0000,0x0000,//	62210 [f302] 
0x0000,0x0000,0x0000,0x0000,0x0000,0x0000,0x0000,0x0000,0x0000,0x0000,//	62220 [f30c] 
0x0000,0x0000,0x0000,0x0000,0x0000,0x0000,0x0000,0x0000,0x0000,0x0000,//	62230 [f316] 
0x0000,0x0000,0x0000,0x0000,0x0000,0x0000,0x0000,0x0000,0x0000,0x0000,//	62240 [f320] 
0x0000,0x0000,0x0000,0x0000,0x0000,0x0000,0x0000,0x0000,0x0000,0x0000,//	62250 [f32a] 
0x0000,0x0000,0x0000,0x0000,0x0000,0x0000,0x0000,0x0000,0x0000,0x0000,//	62260 [f334] 
0x0000,0x0000,0x0000,0x0000,0x0000,0x0000,0x0000,0x0000,0x0000,0x0000,//	62270 [f33e] 
0x0000,0x8b51,0x8b42,0x8b52,0x8b57,0x8c43,0x8c77,0x8c76,0x8c9a,0x8d06,//	62280 [f348] 
0x8d07,0x8d09,0x8dac,0x8daa,0x8dad,0x8dab,0x8e6d,0x8e78,0x8e73,0x8e6a,//	62290 [f352] 
0x8e6f,0x8e7b,0x8ec2,0x8f52,0x8f51,0x8f4f,0x8f50,0x8f53,0x8fb4,0x9140,//	62300 [f35c] 
0x913f,0x91b0,0x91ad,0x93de,0x93c7,0x93cf,0x93c2,0x93da,0x93d0,0x93f9,//	62310 [f366] 
0x93ec,0x93cc,0x93d9,0x93a9,0x93e6,0x93ca,0x93d4,0x93ee,0x93e3,0x93d5,//	62320 [f370] 
0x93c4,0x93ce,0x93c0,0x93d2,0x93e7,0x957d,0x95da,0x95db,0x96e1,0x9729,//	62330 [f37a] 
0x972b,0x972c,0x9728,0x9726,0x0000,0x0000,0x0000,0x0000,0x0000,0x0000,//	62340 [f384] 
0x0000,0x0000,0x0000,0x0000,0x0000,0x0000,0x0000,0x0000,0x0000,0x0000,//	62350 [f38e] 
0x0000,0x0000,0x0000,0x0000,0x0000,0x0000,0x0000,0x0000,0x0000,0x0000,//	62360 [f398] 
0x0000,0x0000,0x0000,0x0000,0x0000,0x0000,0x0000,0x0000,0x97b3,0x97b7,//	62370 [f3a2] 
0x97b6,0x97dd,0x97de,0x97df,0x985c,0x9859,0x985d,0x9857,0x98bf,0x98bd,//	62380 [f3ac] 
0x98bb,0x98be,0x9948,0x9947,0x9943,0x99a6,0x99a7,0x9a1a,0x9a15,0x9a25,//	62390 [f3b6] 
0x9a1d,0x9a24,0x9a1b,0x9a22,0x9a20,0x9a27,0x9a23,0x9a1e,0x9a1c,0x9a14,//	62400 [f3c0] 
0x9ac2,0x9b0b,0x9b0a,0x9b0e,0x9b0c,0x9b37,0x9bea,0x9beb,0x9be0,0x9bde,//	62410 [f3ca] 
0x9be4,0x9be6,0x9be2,0x9bf0,0x9bd4,0x9bd7,0x9bec,0x9bdc,0x9bd9,0x9be5,//	62420 [f3d4] 
0x9bd5,0x9be1,0x9bda,0x9d77,0x9d81,0x9d8a,0x9d84,0x9d88,0x9d71,0x9d80,//	62430 [f3de] 
0x9d78,0x9d86,0x9d8b,0x9d8c,0x9d7d,0x9d6b,0x9d74,0x9d75,0x9d70,0x9d69,//	62440 [f3e8] 
0x9d85,0x9d73,0x9d7b,0x9d82,0x9d6f,0x9d79,0x9d7f,0x9d87,0x9d68,0x9e94,//	62450 [f3f2] 
0x9e91,0x9ec0,0x9efc,0x9f2d,0x9f40,0x9f41,0x9f4d,0x9f56,0x9f57,0x9f58,//	62460 [f3fc] 
0x5337,0x56b2,0x0000,0x0000,0x0000,0x0000,0x0000,0x0000,0x0000,0x0000,//	62470 [f406] 
0x0000,0x0000,0x0000,0x0000,0x0000,0x0000,0x0000,0x0000,0x0000,0x0000,//	62480 [f410] 
0x0000,0x0000,0x0000,0x0000,0x0000,0x0000,0x0000,0x0000,0x0000,0x0000,//	62490 [f41a] 
0x0000,0x0000,0x0000,0x0000,0x0000,0x0000,0x0000,0x0000,0x0000,0x0000,//	62500 [f424] 
0x0000,0x0000,0x0000,0x0000,0x0000,0x0000,0x0000,0x0000,0x0000,0x0000,//	62510 [f42e] 
0x0000,0x0000,0x0000,0x0000,0x0000,0x0000,0x0000,0x0000,0x0000,0x0000,//	62520 [f438] 
0x0000,0x0000,0x0000,0x0000,0x0000,0x0000,0x0000,0x56b5,0x56b3,0x58e3,//	62530 [f442] 
0x5b45,0x5dc6,0x5dc7,0x5eee,0x5eef,0x5fc0,0x5fc1,0x61f9,0x6517,0x6516,//	62540 [f44c] 
0x6515,0x6513,0x65df,0x66e8,0x66e3,0x66e4,0x6af3,0x6af0,0x6aea,0x6ae8,//	62550 [f456] 
0x6af9,0x6af1,0x6aee,0x6aef,0x703c,0x7035,0x702f,0x7037,0x7034,0x7031,//	62560 [f460] 
0x7042,0x7038,0x703f,0x703a,0x7039,0x7040,0x703b,0x7033,0x7041,0x7213,//	62570 [f46a] 
0x7214,0x72a8,0x737d,0x737c,0x74ba,0x76ab,0x76aa,0x76be,0x76ed,0x77cc,//	62580 [f474] 
0x77ce,0x77cf,0x77cd,0x77f2,0x7925,0x7923,0x7927,0x7928,0x7924,0x7929,//	62590 [f47e] 
0x0000,0x0000,0x0000,0x0000,0x0000,0x0000,0x0000,0x0000,0x0000,0x0000,//	62600 [f488] 
0x0000,0x0000,0x0000,0x0000,0x0000,0x0000,0x0000,0x0000,0x0000,0x0000,//	62610 [f492] 
0x0000,0x0000,0x0000,0x0000,0x0000,0x0000,0x0000,0x0000,0x0000,0x0000,//	62620 [f49c] 
0x0000,0x0000,0x0000,0x0000,0x79b2,0x7a6e,0x7a6c,0x7a6d,0x7af7,0x7c49,//	62630 [f4a6] 
0x7c48,0x7c4a,0x7c47,0x7c45,0x7cee,0x7e7b,0x7e7e,0x7e81,0x7e80,0x7fba,//	62640 [f4b0] 
0x7fff,0x8079,0x81db,0x81d9,0x820b,0x8268,0x8269,0x8622,0x85ff,0x8601,//	62650 [f4ba] 
0x85fe,0x861b,0x8600,0x85f6,0x8604,0x8609,0x8605,0x860c,0x85fd,0x8819,//	62660 [f4c4] 
0x8810,0x8811,0x8817,0x8813,0x8816,0x8963,0x8966,0x89b9,0x89f7,0x8b60,//	62670 [f4ce] 
0x8b6a,0x8b5d,0x8b68,0x8b63,0x8b65,0x8b67,0x8b6d,0x8dae,0x8e86,0x8e88,//	62680 [f4d8] 
0x8e84,0x8f59,0x8f56,0x8f57,0x8f55,0x8f58,0x8f5a,0x908d,0x9143,0x9141,//	62690 [f4e2] 
0x91b7,0x91b5,0x91b2,0x91b3,0x940b,0x9413,0x93fb,0x9420,0x940f,0x9414,//	62700 [f4ec] 
0x93fe,0x9415,0x9410,0x9428,0x9419,0x940d,0x93f5,0x9400,0x93f7,0x9407,//	62710 [f4f6] 
0x940e,0x9416,0x9412,0x93fa,0x9409,0x93f8,0x940a,0x93ff,0x0000,0x0000,//	62720 [f500] 
0x0000,0x0000,0x0000,0x0000,0x0000,0x0000,0x0000,0x0000,0x0000,0x0000,//	62730 [f50a] 
0x0000,0x0000,0x0000,0x0000,0x0000,0x0000,0x0000,0x0000,0x0000,0x0000,//	62740 [f514] 
0x0000,0x0000,0x0000,0x0000,0x0000,0x0000,0x0000,0x0000,0x0000,0x0000,//	62750 [f51e] 
0x0000,0x0000,0x0000,0x0000,0x0000,0x0000,0x0000,0x0000,0x0000,0x0000,//	62760 [f528] 
0x0000,0x0000,0x0000,0x0000,0x0000,0x0000,0x0000,0x0000,0x0000,0x0000,//	62770 [f532] 
0x0000,0x0000,0x0000,0x0000,0x0000,0x0000,0x0000,0x0000,0x0000,0x0000,//	62780 [f53c] 
0x0000,0x0000,0x0000,0x93fc,0x940c,0x93f6,0x9411,0x9406,0x95de,0x95e0,//	62790 [f546] 
0x95df,0x972e,0x972f,0x97b9,0x97bb,0x97fd,0x97fe,0x9860,0x9862,0x9863,//	62800 [f550] 
0x985f,0x98c1,0x98c2,0x9950,0x994e,0x9959,0x994c,0x994b,0x9953,0x9a32,//	62810 [f55a] 
0x9a34,0x9a31,0x9a2c,0x9a2a,0x9a36,0x9a29,0x9a2e,0x9a38,0x9a2d,0x9ac7,//	62820 [f564] 
0x9aca,0x9ac6,0x9b10,0x9b12,0x9b11,0x9c0b,0x9c08,0x9bf7,0x9c05,0x9c12,//	62830 [f56e] 
0x9bf8,0x9c40,0x9c07,0x9c0e,0x9c06,0x9c17,0x9c14,0x9c09,0x9d9f,0x9d99,//	62840 [f578] 
0x9da4,0x9d9d,0x9d92,0x9d98,0x9d90,0x9d9b,0x0000,0x0000,0x0000,0x0000,//	62850 [f582] 
0x0000,0x0000,0x0000,0x0000,0x0000,0x0000,0x0000,0x0000,0x0000,0x0000,//	62860 [f58c] 
0x0000,0x0000,0x0000,0x0000,0x0000,0x0000,0x0000,0x0000,0x0000,0x0000,//	62870 [f596] 
0x0000,0x0000,0x0000,0x0000,0x0000,0x0000,0x0000,0x0000,0x0000,0x0000,//	62880 [f5a0] 
0x9da0,0x9d94,0x9d9c,0x9daa,0x9d97,0x9da1,0x9d9a,0x9da2,0x9da8,0x9d9e,//	62890 [f5aa] 
0x9da3,0x9dbf,0x9da9,0x9d96,0x9da6,0x9da7,0x9e99,0x9e9b,0x9e9a,0x9ee5,//	62900 [f5b4] 
0x9ee4,0x9ee7,0x9ee6,0x9f30,0x9f2e,0x9f5b,0x9f60,0x9f5e,0x9f5d,0x9f59,//	62910 [f5be] 
0x9f91,0x513a,0x5139,0x5298,0x5297,0x56c3,0x56bd,0x56be,0x5b48,0x5b47,//	62920 [f5c8] 
0x5dcb,0x5dcf,0x5ef1,0x61fd,0x651b,0x6b02,0x6afc,0x6b03,0x6af8,0x6b00,//	62930 [f5d2] 
0x7043,0x7044,0x704a,0x7048,0x7049,0x7045,0x7046,0x721d,0x721a,0x7219,//	62940 [f5dc] 
0x737e,0x7517,0x766a,0x77d0,0x792d,0x7931,0x792f,0x7c54,0x7c53,0x7cf2,//	62950 [f5e6] 
0x7e8a,0x7e87,0x7e88,0x7e8b,0x7e86,0x7e8d,0x7f4d,0x7fbb,0x8030,0x81dd,//	62960 [f5f0] 
0x8618,0x862a,0x8626,0x861f,0x8623,0x861c,0x8619,0x8627,0x862e,0x8621,//	62970 [f5fa] 
0x8620,0x8629,0x861e,0x8625,0x0000,0x0000,0x0000,0x0000,0x0000,0x0000,//	62980 [f604] 
0x0000,0x0000,0x0000,0x0000,0x0000,0x0000,0x0000,0x0000,0x0000,0x0000,//	62990 [f60e] 
0x0000,0x0000,0x0000,0x0000,0x0000,0x0000,0x0000,0x0000,0x0000,0x0000,//	63000 [f618] 
0x0000,0x0000,0x0000,0x0000,0x0000,0x0000,0x0000,0x0000,0x0000,0x0000,//	63010 [f622] 
0x0000,0x0000,0x0000,0x0000,0x0000,0x0000,0x0000,0x0000,0x0000,0x0000,//	63020 [f62c] 
0x0000,0x0000,0x0000,0x0000,0x0000,0x0000,0x0000,0x0000,0x0000,0x0000,//	63030 [f636] 
0x0000,0x0000,0x0000,0x0000,0x0000,0x0000,0x0000,0x0000,0x0000,0x8829,//	63040 [f640] 
0x881d,0x881b,0x8820,0x8824,0x881c,0x882b,0x884a,0x896d,0x8969,0x896e,//	63050 [f64a] 
0x896b,0x89fa,0x8b79,0x8b78,0x8b45,0x8b7a,0x8b7b,0x8d10,0x8d14,0x8daf,//	63060 [f654] 
0x8e8e,0x8e8c,0x8f5e,0x8f5b,0x8f5d,0x9146,0x9144,0x9145,0x91b9,0x943f,//	63070 [f65e] 
0x943b,0x9436,0x9429,0x943d,0x943c,0x9430,0x9439,0x942a,0x9437,0x942c,//	63080 [f668] 
0x9440,0x9431,0x95e5,0x95e4,0x95e3,0x9735,0x973a,0x97bf,0x97e1,0x9864,//	63090 [f672] 
0x98c9,0x98c6,0x98c0,0x9958,0x9956,0x9a39,0x9a3d,0x9a46,0x9a44,0x9a42,//	63100 [f67c] 
0x9a41,0x9a3a,0x0000,0x0000,0x0000,0x0000,0x0000,0x0000,0x0000,0x0000,//	63110 [f686] 
0x0000,0x0000,0x0000,0x0000,0x0000,0x0000,0x0000,0x0000,0x0000,0x0000,//	63120 [f690] 
0x0000,0x0000,0x0000,0x0000,0x0000,0x0000,0x0000,0x0000,0x0000,0x0000,//	63130 [f69a] 
0x0000,0x0000,0x0000,0x0000,0x0000,0x0000,0x9a3f,0x9acd,0x9b15,0x9b17,//	63140 [f6a4] 
0x9b18,0x9b16,0x9b3a,0x9b52,0x9c2b,0x9c1d,0x9c1c,0x9c2c,0x9c23,0x9c28,//	63150 [f6ae] 
0x9c29,0x9c24,0x9c21,0x9db7,0x9db6,0x9dbc,0x9dc1,0x9dc7,0x9dca,0x9dcf,//	63160 [f6b8] 
0x9dbe,0x9dc5,0x9dc3,0x9dbb,0x9db5,0x9dce,0x9db9,0x9dba,0x9dac,0x9dc8,//	63170 [f6c2] 
0x9db1,0x9dad,0x9dcc,0x9db3,0x9dcd,0x9db2,0x9e7a,0x9e9c,0x9eeb,0x9eee,//	63180 [f6cc] 
0x9eed,0x9f1b,0x9f18,0x9f1a,0x9f31,0x9f4e,0x9f65,0x9f64,0x9f92,0x4eb9,//	63190 [f6d6] 
0x56c6,0x56c5,0x56cb,0x5971,0x5b4b,0x5b4c,0x5dd5,0x5dd1,0x5ef2,0x6521,//	63200 [f6e0] 
0x6520,0x6526,0x6522,0x6b0b,0x6b08,0x6b09,0x6c0d,0x7055,0x7056,0x7057,//	63210 [f6ea] 
0x7052,0x721e,0x721f,0x72a9,0x737f,0x74d8,0x74d5,0x74d9,0x74d7,0x766d,//	63220 [f6f4] 
0x76ad,0x7935,0x79b4,0x7a70,0x7a71,0x7c57,0x7c5c,0x7c59,0x7c5b,0x7c5a,//	63230 [f6fe] 
0x0000,0x0000,0x0000,0x0000,0x0000,0x0000,0x0000,0x0000,0x0000,0x0000,//	63240 [f708] 
0x0000,0x0000,0x0000,0x0000,0x0000,0x0000,0x0000,0x0000,0x0000,0x0000,//	63250 [f712] 
0x0000,0x0000,0x0000,0x0000,0x0000,0x0000,0x0000,0x0000,0x0000,0x0000,//	63260 [f71c] 
0x0000,0x0000,0x0000,0x0000,0x0000,0x0000,0x0000,0x0000,0x0000,0x0000,//	63270 [f726] 
0x0000,0x0000,0x0000,0x0000,0x0000,0x0000,0x0000,0x0000,0x0000,0x0000,//	63280 [f730] 
0x0000,0x0000,0x0000,0x0000,0x0000,0x0000,0x0000,0x0000,0x0000,0x0000,//	63290 [f73a] 
0x0000,0x0000,0x0000,0x0000,0x0000,0x7cf4,0x7cf1,0x7e91,0x7f4f,0x7f87,//	63300 [f744] 
0x81de,0x826b,0x8634,0x8635,0x8633,0x862c,0x8632,0x8636,0x882c,0x8828,//	63310 [f74e] 
0x8826,0x882a,0x8825,0x8971,0x89bf,0x89be,0x89fb,0x8b7e,0x8b84,0x8b82,//	63320 [f758] 
0x8b86,0x8b85,0x8b7f,0x8d15,0x8e95,0x8e94,0x8e9a,0x8e92,0x8e90,0x8e96,//	63330 [f762] 
0x8e97,0x8f60,0x8f62,0x9147,0x944c,0x9450,0x944a,0x944b,0x944f,0x9447,//	63340 [f76c] 
0x9445,0x9448,0x9449,0x9446,0x973f,0x97e3,0x986a,0x9869,0x98cb,0x9954,//	63350 [f776] 
0x995b,0x9a4e,0x9a53,0x9a54,0x9a4c,0x9a4f,0x9a48,0x9a4a,0x0000,0x0000,//	63360 [f780] 
0x0000,0x0000,0x0000,0x0000,0x0000,0x0000,0x0000,0x0000,0x0000,0x0000,//	63370 [f78a] 
0x0000,0x0000,0x0000,0x0000,0x0000,0x0000,0x0000,0x0000,0x0000,0x0000,//	63380 [f794] 
0x0000,0x0000,0x0000,0x0000,0x0000,0x0000,0x0000,0x0000,0x0000,0x0000,//	63390 [f79e] 
0x0000,0x0000,0x9a49,0x9a52,0x9a50,0x9ad0,0x9b19,0x9b2b,0x9b3b,0x9b56,//	63400 [f7a8] 
0x9b55,0x9c46,0x9c48,0x9c3f,0x9c44,0x9c39,0x9c33,0x9c41,0x9c3c,0x9c37,//	63410 [f7b2] 
0x9c34,0x9c32,0x9c3d,0x9c36,0x9ddb,0x9dd2,0x9dde,0x9dda,0x9dcb,0x9dd0,//	63420 [f7bc] 
0x9ddc,0x9dd1,0x9ddf,0x9de9,0x9dd9,0x9dd8,0x9dd6,0x9df5,0x9dd5,0x9ddd,//	63430 [f7c6] 
0x9eb6,0x9ef0,0x9f35,0x9f33,0x9f32,0x9f42,0x9f6b,0x9f95,0x9fa2,0x513d,//	63440 [f7d0] 
0x5299,0x58e8,0x58e7,0x5972,0x5b4d,0x5dd8,0x882f,0x5f4f,0x6201,0x6203,//	63450 [f7da] 
0x6204,0x6529,0x6525,0x6596,0x66eb,0x6b11,0x6b12,0x6b0f,0x6bca,0x705b,//	63460 [f7e4] 
0x705a,0x7222,0x7382,0x7381,0x7383,0x7670,0x77d4,0x7c67,0x7c66,0x7e95,//	63470 [f7ee] 
0x826c,0x863a,0x8640,0x8639,0x863c,0x8631,0x863b,0x863e,0x8830,0x8832,//	63480 [f7f8] 
0x882e,0x8833,0x8976,0x8974,0x8973,0x89fe,0x0000,0x0000,0x0000,0x0000,//	63490 [f802] 
0x0000,0x0000,0x0000,0x0000,0x0000,0x0000,0x0000,0x0000,0x0000,0x0000,//	63500 [f80c] 
0x0000,0x0000,0x0000,0x0000,0x0000,0x0000,0x0000,0x0000,0x0000,0x0000,//	63510 [f816] 
0x0000,0x0000,0x0000,0x0000,0x0000,0x0000,0x0000,0x0000,0x0000,0x0000,//	63520 [f820] 
0x0000,0x0000,0x0000,0x0000,0x0000,0x0000,0x0000,0x0000,0x0000,0x0000,//	63530 [f82a] 
0x0000,0x0000,0x0000,0x0000,0x0000,0x0000,0x0000,0x0000,0x0000,0x0000,//	63540 [f834] 
0x0000,0x0000,0x0000,0x0000,0x0000,0x0000,0x0000,0x0000,0x0000,0x0000,//	63550 [f83e] 
0x0000,0x8b8c,0x8b8e,0x8b8b,0x8b88,0x8c45,0x8d19,0x8e98,0x8f64,0x8f63,//	63560 [f848] 
0x91bc,0x9462,0x9455,0x945d,0x9457,0x945e,0x97c4,0x97c5,0x9800,0x9a56,//	63570 [f852] 
0x9a59,0x9b1e,0x9b1f,0x9b20,0x9c52,0x9c58,0x9c50,0x9c4a,0x9c4d,0x9c4b,//	63580 [f85c] 
0x9c55,0x9c59,0x9c4c,0x9c4e,0x9dfb,0x9df7,0x9def,0x9de3,0x9deb,0x9df8,//	63590 [f866] 
0x9de4,0x9df6,0x9de1,0x9dee,0x9de6,0x9df2,0x9df0,0x9de2,0x9dec,0x9df4,//	63600 [f870] 
0x9df3,0x9de8,0x9ded,0x9ec2,0x9ed0,0x9ef2,0x9ef3,0x9f06,0x9f1c,0x9f38,//	63610 [f87a] 
0x9f37,0x9f36,0x9f43,0x9f4f,0x0000,0x0000,0x0000,0x0000,0x0000,0x0000,//	63620 [f884] 
0x0000,0x0000,0x0000,0x0000,0x0000,0x0000,0x0000,0x0000,0x0000,0x0000,//	63630 [f88e] 
0x0000,0x0000,0x0000,0x0000,0x0000,0x0000,0x0000,0x0000,0x0000,0x0000,//	63640 [f898] 
0x0000,0x0000,0x0000,0x0000,0x0000,0x0000,0x0000,0x0000,0x9f71,0x9f70,//	63650 [f8a2] 
0x9f6e,0x9f6f,0x56d3,0x56cd,0x5b4e,0x5c6d,0x652d,0x66ed,0x66ee,0x6b13,//	63660 [f8ac] 
0x705f,0x7061,0x705d,0x7060,0x7223,0x74db,0x74e5,0x77d5,0x7938,0x79b7,//	63670 [f8b6] 
0x79b6,0x7c6a,0x7e97,0x7f89,0x826d,0x8643,0x8838,0x8837,0x8835,0x884b,//	63680 [f8c0] 
0x8b94,0x8b95,0x8e9e,0x8e9f,0x8ea0,0x8e9d,0x91be,0x91bd,0x91c2,0x946b,//	63690 [f8ca] 
0x9468,0x9469,0x96e5,0x9746,0x9743,0x9747,0x97c7,0x97e5,0x9a5e,0x9ad5,//	63700 [f8d4] 
0x9b59,0x9c63,0x9c67,0x9c66,0x9c62,0x9c5e,0x9c60,0x9e02,0x9dfe,0x9e07,//	63710 [f8de] 
0x9e03,0x9e06,0x9e05,0x9e00,0x9e01,0x9e09,0x9dff,0x9dfd,0x9e04,0x9ea0,//	63720 [f8e8] 
0x9f1e,0x9f46,0x9f74,0x9f75,0x9f76,0x56d4,0x652e,0x65b8,0x6b18,0x6b19,//	63730 [f8f2] 
0x6b17,0x6b1a,0x7062,0x7226,0x72aa,0x77d8,0x77d9,0x7939,0x7c69,0x7c6b,//	63740 [f8fc] 
0x7cf6,0x7e9a,0x0000,0x0000,0x0000,0x0000,0x0000,0x0000,0x0000,0x0000,//	63750 [f906] 
0x0000,0x0000,0x0000,0x0000,0x0000,0x0000,0x0000,0x0000,0x0000,0x0000,//	63760 [f910] 
0x0000,0x0000,0x0000,0x0000,0x0000,0x0000,0x0000,0x0000,0x0000,0x0000,//	63770 [f91a] 
0x0000,0x0000,0x0000,0x0000,0x0000,0x0000,0x0000,0x0000,0x0000,0x0000,//	63780 [f924] 
0x0000,0x0000,0x0000,0x0000,0x0000,0x0000,0x0000,0x0000,0x0000,0x0000,//	63790 [f92e] 
0x0000,0x0000,0x0000,0x0000,0x0000,0x0000,0x0000,0x0000,0x0000,0x0000,//	63800 [f938] 
0x0000,0x0000,0x0000,0x0000,0x0000,0x0000,0x0000,0x7e98,0x7e9b,0x7e99,//	63810 [f942] 
0x81e0,0x81e1,0x8646,0x8647,0x8648,0x8979,0x897a,0x897c,0x897b,0x89ff,//	63820 [f94c] 
0x8b98,0x8b99,0x8ea5,0x8ea4,0x8ea3,0x946e,0x946d,0x946f,0x9471,0x9473,//	63830 [f956] 
0x9749,0x9872,0x995f,0x9c68,0x9c6e,0x9c6d,0x9e0b,0x9e0d,0x9e10,0x9e0f,//	63840 [f960] 
0x9e12,0x9e11,0x9ea1,0x9ef5,0x9f09,0x9f47,0x9f78,0x9f7b,0x9f7a,0x9f79,//	63850 [f96a] 
0x571e,0x7066,0x7c6f,0x883c,0x8db2,0x8ea6,0x91c3,0x9474,0x9478,0x9476,//	63860 [f974] 
0x9475,0x9a60,0x9c74,0x9c73,0x9c71,0x9c75,0x9e14,0x9e13,0x9ef6,0x9f0a,//	63870 [f97e] 
0x0000,0x0000,0x0000,0x0000,0x0000,0x0000,0x0000,0x0000,0x0000,0x0000,//	63880 [f988] 
0x0000,0x0000,0x0000,0x0000,0x0000,0x0000,0x0000,0x0000,0x0000,0x0000,//	63890 [f992] 
0x0000,0x0000,0x0000,0x0000,0x0000,0x0000,0x0000,0x0000,0x0000,0x0000,//	63900 [f99c] 
0x0000,0x0000,0x0000,0x0000,0x9fa4,0x7068,0x7065,0x7cf7,0x866a,0x883e,//	63910 [f9a6] 
0x883d,0x883f,0x8b9e,0x8c9c,0x8ea9,0x8ec9,0x974b,0x9873,0x9874,0x98cc,//	63920 [f9b0] 
0x9961,0x99ab,0x9a64,0x9a66,0x9a67,0x9b24,0x9e15,0x9e17,0x9f48,0x6207,//	63930 [f9ba] 
0x6b1e,0x7227,0x864c,0x8ea8,0x9482,0x9480,0x9481,0x9a69,0x9a68,0x9b2e,//	63940 [f9c4] 
0x9e19,0x7229,0x864b,0x8b9f,0x9483,0x9c79,0x9eb7,0x7675,0x9a6b,0x9c7a,//	63950 [f9ce] 
0x9e1d,0x7069,0x706a,0x9ea4,0x9f7e,0x9f49,0x9f98,0x7881,0x92B9,0x88CF,//    63960  
0x58BB,0x6052,0x7CA7,0x5AFA,0x2554,0x2566,0x2557,0x2560,0x256C,0x2563,//
0x255A,0x2569,0x255D,0x2552,0x2564,0x2555,0x255E,0x256A,0x2561,0x2558,//
0x2567,0x255B,0x2553,0x2565,0x2556,0x255F,0x256B,0x2562,0x2559,0x2568, 
0x255C,0x2551,0x2550,0x256D,0x256E,0x2570,0x256F,0x2593};

  const uint16 C49[]={
0xAC02,0xAC03,0xAC05,0xAC06,0xAC0B,0xAC0C,0xAC0D,0xAC0E,
0xAC0F,0xAC18,0xAC1E,0xAC1F,0xAC21,0xAC22,0xAC23,0xAC25,
0xAC26,0xAC27,0xAC28,0xAC29,0xAC2A,0xAC2B,0xAC2E,0xAC32,
0xAC33,0xAC34,     0,     0,     0,     0,     0,     0,
0xAC35,0xAC36,0xAC37,0xAC3A,0xAC3B,0xAC3D,0xAC3E,0xAC3F,
0xAC41,0xAC42,0xAC43,0xAC44,0xAC45,0xAC46,0xAC47,0xAC48,
0xAC49,0xAC4A,0xAC4C,0xAC4E,0xAC4F,0xAC50,0xAC51,0xAC52,
0xAC53,0xAC55,     0,     0,     0,     0,     0,     0,
0xAC56,0xAC57,0xAC59,0xAC5A,0xAC5B,0xAC5D,0xAC5E,0xAC5F,
0xAC60,0xAC61,0xAC62,0xAC63,0xAC64,0xAC65,0xAC66,0xAC67,
0xAC68,0xAC69,0xAC6A,0xAC6B,0xAC6C,0xAC6D,0xAC6E,0xAC6F,
0xAC72,0xAC73,0xAC75,0xAC76,0xAC79,0xAC7B,0xAC7C,0xAC7D,
0xAC7E,0xAC7F,0xAC82,0xAC87,0xAC88,0xAC8D,0xAC8E,0xAC8F,
0xAC91,0xAC92,0xAC93,0xAC95,0xAC96,0xAC97,0xAC98,0xAC99,
0xAC9A,0xAC9B,0xAC9E,0xACA2,0xACA3,0xACA4,0xACA5,0xACA6,
0xACA7,0xACAB,0xACAD,0xACAE,0xACB1,0xACB2,0xACB3,0xACB4,
0xACB5,0xACB6,0xACB7,0xACBA,0xACBE,0xACBF,0xACC0,0xACC2,
0xACC3,0xACC5,0xACC6,0xACC7,0xACC9,0xACCA,0xACCB,0xACCD,
0xACCE,0xACCF,0xACD0,0xACD1,0xACD2,0xACD3,0xACD4,0xACD6,
0xACD8,0xACD9,0xACDA,0xACDB,0xACDC,0xACDD,0xACDE,0xACDF,
0xACE2,0xACE3,0xACE5,0xACE6,0xACE9,0xACEB,0xACED,0xACEE,
0xACF2,0xACF4,0xACF7,0xACF8,0xACF9,0xACFA,0xACFB,0xACFE,
0xACFF,0xAD01,0xAD02,0xAD03,0xAD05,0xAD07,0xAD08,0xAD09,
0xAD0A,0xAD0B,0xAD0E,0xAD10,0xAD12,0xAD13,     0,     0,
     0,     0,     0,     0,     0,     0,     0,     0,
     0,     0,     0,     0,     0,     0,     0,     0,
     0,     0,     0,     0,     0,     0,     0,     0,
     0,     0,     0,     0,     0,     0,     0,     0,
     0,     0,     0,     0,     0,     0,     0,     0,
     0,     0,     0,     0,     0,     0,     0,     0,
     0,     0,     0,     0,     0,     0,     0,     0,
     0,     0,     0,     0,     0,     0,     0,     0,
0xAD14,0xAD15,0xAD16,0xAD17,0xAD19,0xAD1A,0xAD1B,0xAD1D,
0xAD1E,0xAD1F,0xAD21,0xAD22,0xAD23,0xAD24,0xAD25,0xAD26,
0xAD27,0xAD28,0xAD2A,0xAD2B,0xAD2E,0xAD2F,0xAD30,0xAD31,
0xAD32,0xAD33,     0,     0,     0,     0,     0,     0,
0xAD36,0xAD37,0xAD39,0xAD3A,0xAD3B,0xAD3D,0xAD3E,0xAD3F,
0xAD40,0xAD41,0xAD42,0xAD43,0xAD46,0xAD48,0xAD4A,0xAD4B,
0xAD4C,0xAD4D,0xAD4E,0xAD4F,0xAD51,0xAD52,0xAD53,0xAD55,
0xAD56,0xAD57,     0,     0,     0,     0,     0,     0,
0xAD59,0xAD5A,0xAD5B,0xAD5C,0xAD5D,0xAD5E,0xAD5F,0xAD60,
0xAD62,0xAD64,0xAD65,0xAD66,0xAD67,0xAD68,0xAD69,0xAD6A,
0xAD6B,0xAD6E,0xAD6F,0xAD71,0xAD72,0xAD77,0xAD78,0xAD79,
0xAD7A,0xAD7E,0xAD80,0xAD83,0xAD84,0xAD85,0xAD86,0xAD87,
0xAD8A,0xAD8B,0xAD8D,0xAD8E,0xAD8F,0xAD91,0xAD92,0xAD93,
0xAD94,0xAD95,0xAD96,0xAD97,0xAD98,0xAD99,0xAD9A,0xAD9B,
0xAD9E,0xAD9F,0xADA0,0xADA1,0xADA2,0xADA3,0xADA5,0xADA6,
0xADA7,0xADA8,0xADA9,0xADAA,0xADAB,0xADAC,0xADAD,0xADAE,
0xADAF,0xADB0,0xADB1,0xADB2,0xADB3,0xADB4,0xADB5,0xADB6,
0xADB8,0xADB9,0xADBA,0xADBB,0xADBC,0xADBD,0xADBE,0xADBF,
0xADC2,0xADC3,0xADC5,0xADC6,0xADC7,0xADC9,0xADCA,0xADCB,
0xADCC,0xADCD,0xADCE,0xADCF,0xADD2,0xADD4,0xADD5,0xADD6,
0xADD7,0xADD8,0xADD9,0xADDA,0xADDB,0xADDD,0xADDE,0xADDF,
0xADE1,0xADE2,0xADE3,0xADE5,0xADE6,0xADE7,0xADE8,0xADE9,
0xADEA,0xADEB,0xADEC,0xADED,0xADEE,0xADEF,0xADF0,0xADF1,
0xADF2,0xADF3,0xADF4,0xADF5,0xADF6,0xADF7,     0,     0,
     0,     0,     0,     0,     0,     0,     0,     0,
     0,     0,     0,     0,     0,     0,     0,     0,
     0,     0,     0,     0,     0,     0,     0,     0,
     0,     0,     0,     0,     0,     0,     0,     0,
     0,     0,     0,     0,     0,     0,     0,     0,
     0,     0,     0,     0,     0,     0,     0,     0,
     0,     0,     0,     0,     0,     0,     0,     0,
     0,     0,     0,     0,     0,     0,     0,     0,
0xADFA,0xADFB,0xADFD,0xADFE,0xAE02,0xAE03,0xAE04,0xAE05,
0xAE06,0xAE07,0xAE0A,0xAE0C,0xAE0E,0xAE0F,0xAE10,0xAE11,
0xAE12,0xAE13,0xAE15,0xAE16,0xAE17,0xAE18,0xAE19,0xAE1A,
0xAE1B,0xAE1C,     0,     0,     0,     0,     0,     0,
0xAE1D,0xAE1E,0xAE1F,0xAE20,0xAE21,0xAE22,0xAE23,0xAE24,
0xAE25,0xAE26,0xAE27,0xAE28,0xAE29,0xAE2A,0xAE2B,0xAE2C,
0xAE2D,0xAE2E,0xAE2F,0xAE32,0xAE33,0xAE35,0xAE36,0xAE39,
0xAE3B,0xAE3C,     0,     0,     0,     0,     0,     0,
0xAE3D,0xAE3E,0xAE3F,0xAE42,0xAE44,0xAE47,0xAE48,0xAE49,
0xAE4B,0xAE4F,0xAE51,0xAE52,0xAE53,0xAE55,0xAE57,0xAE58,
0xAE59,0xAE5A,0xAE5B,0xAE5E,0xAE62,0xAE63,0xAE64,0xAE66,
0xAE67,0xAE6A,0xAE6B,0xAE6D,0xAE6E,0xAE6F,0xAE71,0xAE72,
0xAE73,0xAE74,0xAE75,0xAE76,0xAE77,0xAE7A,0xAE7E,0xAE7F,
0xAE80,0xAE81,0xAE82,0xAE83,0xAE86,0xAE87,0xAE88,0xAE89,
0xAE8A,0xAE8B,0xAE8D,0xAE8E,0xAE8F,0xAE90,0xAE91,0xAE92,
0xAE93,0xAE94,0xAE95,0xAE96,0xAE97,0xAE98,0xAE99,0xAE9A,
0xAE9B,0xAE9C,0xAE9D,0xAE9E,0xAE9F,0xAEA0,0xAEA1,0xAEA2,
0xAEA3,0xAEA4,0xAEA5,0xAEA6,0xAEA7,0xAEA8,0xAEA9,0xAEAA,
0xAEAB,0xAEAC,0xAEAD,0xAEAE,0xAEAF,0xAEB0,0xAEB1,0xAEB2,
0xAEB3,0xAEB4,0xAEB5,0xAEB6,0xAEB7,0xAEB8,0xAEB9,0xAEBA,
0xAEBB,0xAEBF,0xAEC1,0xAEC2,0xAEC3,0xAEC5,0xAEC6,0xAEC7,
0xAEC8,0xAEC9,0xAECA,0xAECB,0xAECE,0xAED2,0xAED3,0xAED4,
0xAED5,0xAED6,0xAED7,0xAEDA,0xAEDB,0xAEDD,0xAEDE,0xAEDF,
0xAEE0,0xAEE1,0xAEE2,0xAEE3,0xAEE4,0xAEE5,     0,     0,
     0,     0,     0,     0,     0,     0,     0,     0,
     0,     0,     0,     0,     0,     0,     0,     0,
     0,     0,     0,     0,     0,     0,     0,     0,
     0,     0,     0,     0,     0,     0,     0,     0,
     0,     0,     0,     0,     0,     0,     0,     0,
     0,     0,     0,     0,     0,     0,     0,     0,
     0,     0,     0,     0,     0,     0,     0,     0,
     0,     0,     0,     0,     0,     0,     0,     0,
0xAEE6,0xAEE7,0xAEE9,0xAEEA,0xAEEC,0xAEEE,0xAEEF,0xAEF0,
0xAEF1,0xAEF2,0xAEF3,0xAEF5,0xAEF6,0xAEF7,0xAEF9,0xAEFA,
0xAEFB,0xAEFD,0xAEFE,0xAEFF,0xAF00,0xAF01,0xAF02,0xAF03,
0xAF04,0xAF05,     0,     0,     0,     0,     0,     0,
0xAF06,0xAF09,0xAF0A,0xAF0B,0xAF0C,0xAF0E,0xAF0F,0xAF11,
0xAF12,0xAF13,0xAF14,0xAF15,0xAF16,0xAF17,0xAF18,0xAF19,
0xAF1A,0xAF1B,0xAF1C,0xAF1D,0xAF1E,0xAF1F,0xAF20,0xAF21,
0xAF22,0xAF23,     0,     0,     0,     0,     0,     0,
0xAF24,0xAF25,0xAF26,0xAF27,0xAF28,0xAF29,0xAF2A,0xAF2B,
0xAF2E,0xAF2F,0xAF31,0xAF33,0xAF35,0xAF36,0xAF37,0xAF38,
0xAF39,0xAF3A,0xAF3B,0xAF3E,0xAF40,0xAF44,0xAF45,0xAF46,
0xAF47,0xAF4A,0xAF4B,0xAF4C,0xAF4D,0xAF4E,0xAF4F,0xAF51,
0xAF52,0xAF53,0xAF54,0xAF55,0xAF56,0xAF57,0xAF58,0xAF59,
0xAF5A,0xAF5B,0xAF5E,0xAF5F,0xAF60,0xAF61,0xAF62,0xAF63,
0xAF66,0xAF67,0xAF68,0xAF69,0xAF6A,0xAF6B,0xAF6C,0xAF6D,
0xAF6E,0xAF6F,0xAF70,0xAF71,0xAF72,0xAF73,0xAF74,0xAF75,
0xAF76,0xAF77,0xAF78,0xAF7A,0xAF7B,0xAF7C,0xAF7D,0xAF7E,
0xAF7F,0xAF81,0xAF82,0xAF83,0xAF85,0xAF86,0xAF87,0xAF89,
0xAF8A,0xAF8B,0xAF8C,0xAF8D,0xAF8E,0xAF8F,0xAF92,0xAF93,
0xAF94,0xAF96,0xAF97,0xAF98,0xAF99,0xAF9A,0xAF9B,0xAF9D,
0xAF9E,0xAF9F,0xAFA0,0xAFA1,0xAFA2,0xAFA3,0xAFA4,0xAFA5,
0xAFA6,0xAFA7,0xAFA8,0xAFA9,0xAFAA,0xAFAB,0xAFAC,0xAFAD,
0xAFAE,0xAFAF,0xAFB0,0xAFB1,0xAFB2,0xAFB3,0xAFB4,0xAFB5,
0xAFB6,0xAFB7,0xAFBA,0xAFBB,0xAFBD,0xAFBE,     0,     0,
     0,     0,     0,     0,     0,     0,     0,     0,
     0,     0,     0,     0,     0,     0,     0,     0,
     0,     0,     0,     0,     0,     0,     0,     0,
     0,     0,     0,     0,     0,     0,     0,     0,
     0,     0,     0,     0,     0,     0,     0,     0,
     0,     0,     0,     0,     0,     0,     0,     0,
     0,     0,     0,     0,     0,     0,     0,     0,
     0,     0,     0,     0,     0,     0,     0,     0,
0xAFBF,0xAFC1,0xAFC2,0xAFC3,0xAFC4,0xAFC5,0xAFC6,0xAFCA,
0xAFCC,0xAFCF,0xAFD0,0xAFD1,0xAFD2,0xAFD3,0xAFD5,0xAFD6,
0xAFD7,0xAFD8,0xAFD9,0xAFDA,0xAFDB,0xAFDD,0xAFDE,0xAFDF,
0xAFE0,0xAFE1,     0,     0,     0,     0,     0,     0,
0xAFE2,0xAFE3,0xAFE4,0xAFE5,0xAFE6,0xAFE7,0xAFEA,0xAFEB,
0xAFEC,0xAFED,0xAFEE,0xAFEF,0xAFF2,0xAFF3,0xAFF5,0xAFF6,
0xAFF7,0xAFF9,0xAFFA,0xAFFB,0xAFFC,0xAFFD,0xAFFE,0xAFFF,
0xB002,0xB003,     0,     0,     0,     0,     0,     0,
0xB005,0xB006,0xB007,0xB008,0xB009,0xB00A,0xB00B,0xB00D,
0xB00E,0xB00F,0xB011,0xB012,0xB013,0xB015,0xB016,0xB017,
0xB018,0xB019,0xB01A,0xB01B,0xB01E,0xB01F,0xB020,0xB021,
0xB022,0xB023,0xB024,0xB025,0xB026,0xB027,0xB029,0xB02A,
0xB02B,0xB02C,0xB02D,0xB02E,0xB02F,0xB030,0xB031,0xB032,
0xB033,0xB034,0xB035,0xB036,0xB037,0xB038,0xB039,0xB03A,
0xB03B,0xB03C,0xB03D,0xB03E,0xB03F,0xB040,0xB041,0xB042,
0xB043,0xB046,0xB047,0xB049,0xB04B,0xB04D,0xB04F,0xB050,
0xB051,0xB052,0xB056,0xB058,0xB05A,0xB05B,0xB05C,0xB05E,
0xB05F,0xB060,0xB061,0xB062,0xB063,0xB064,0xB065,0xB066,
0xB067,0xB068,0xB069,0xB06A,0xB06B,0xB06C,0xB06D,0xB06E,
0xB06F,0xB070,0xB071,0xB072,0xB073,0xB074,0xB075,0xB076,
0xB077,0xB078,0xB079,0xB07A,0xB07B,0xB07E,0xB07F,0xB081,
0xB082,0xB083,0xB085,0xB086,0xB087,0xB088,0xB089,0xB08A,
0xB08B,0xB08E,0xB090,0xB092,0xB093,0xB094,0xB095,0xB096,
0xB097,0xB09B,0xB09D,0xB09E,0xB0A3,0xB0A4,     0,     0,
     0,     0,     0,     0,     0,     0,     0,     0,
     0,     0,     0,     0,     0,     0,     0,     0,
     0,     0,     0,     0,     0,     0,     0,     0,
     0,     0,     0,     0,     0,     0,     0,     0,
     0,     0,     0,     0,     0,     0,     0,     0,
     0,     0,     0,     0,     0,     0,     0,     0,
     0,     0,     0,     0,     0,     0,     0,     0,
     0,     0,     0,     0,     0,     0,     0,     0,
0xB0A5,0xB0A6,0xB0A7,0xB0AA,0xB0B0,0xB0B2,0xB0B6,0xB0B7,
0xB0B9,0xB0BA,0xB0BB,0xB0BD,0xB0BE,0xB0BF,0xB0C0,0xB0C1,
0xB0C2,0xB0C3,0xB0C6,0xB0CA,0xB0CB,0xB0CC,0xB0CD,0xB0CE,
0xB0CF,0xB0D2,     0,     0,     0,     0,     0,     0,
0xB0D3,0xB0D5,0xB0D6,0xB0D7,0xB0D9,0xB0DA,0xB0DB,0xB0DC,
0xB0DD,0xB0DE,0xB0DF,0xB0E1,0xB0E2,0xB0E3,0xB0E4,0xB0E6,
0xB0E7,0xB0E8,0xB0E9,0xB0EA,0xB0EB,0xB0EC,0xB0ED,0xB0EE,
0xB0EF,0xB0F0,     0,     0,     0,     0,     0,     0,
0xB0F1,0xB0F2,0xB0F3,0xB0F4,0xB0F5,0xB0F6,0xB0F7,0xB0F8,
0xB0F9,0xB0FA,0xB0FB,0xB0FC,0xB0FD,0xB0FE,0xB0FF,0xB100,
0xB101,0xB102,0xB103,0xB104,0xB105,0xB106,0xB107,0xB10A,
0xB10D,0xB10E,0xB10F,0xB111,0xB114,0xB115,0xB116,0xB117,
0xB11A,0xB11E,0xB11F,0xB120,0xB121,0xB122,0xB126,0xB127,
0xB129,0xB12A,0xB12B,0xB12D,0xB12E,0xB12F,0xB130,0xB131,
0xB132,0xB133,0xB136,0xB13A,0xB13B,0xB13C,0xB13D,0xB13E,
0xB13F,0xB142,0xB143,0xB145,0xB146,0xB147,0xB149,0xB14A,
0xB14B,0xB14C,0xB14D,0xB14E,0xB14F,0xB152,0xB153,0xB156,
0xB157,0xB159,0xB15A,0xB15B,0xB15D,0xB15E,0xB15F,0xB161,
0xB162,0xB163,0xB164,0xB165,0xB166,0xB167,0xB168,0xB169,
0xB16A,0xB16B,0xB16C,0xB16D,0xB16E,0xB16F,0xB170,0xB171,
0xB172,0xB173,0xB174,0xB175,0xB176,0xB177,0xB17A,0xB17B,
0xB17D,0xB17E,0xB17F,0xB181,0xB183,0xB184,0xB185,0xB186,
0xB187,0xB18A,0xB18C,0xB18E,0xB18F,0xB190,0xB191,0xB195,
0xB196,0xB197,0xB199,0xB19A,0xB19B,0xB19D,     0,     0,
     0,     0,     0,     0,     0,     0,     0,     0,
     0,     0,     0,     0,     0,     0,     0,     0,
     0,     0,     0,     0,     0,     0,     0,     0,
     0,     0,     0,     0,     0,     0,     0,     0,
     0,     0,     0,     0,     0,     0,     0,     0,
     0,     0,     0,     0,     0,     0,     0,     0,
     0,     0,     0,     0,     0,     0,     0,     0,
     0,     0,     0,     0,     0,     0,     0,     0,
0xB19E,0xB19F,0xB1A0,0xB1A1,0xB1A2,0xB1A3,0xB1A4,0xB1A5,
0xB1A6,0xB1A7,0xB1A9,0xB1AA,0xB1AB,0xB1AC,0xB1AD,0xB1AE,
0xB1AF,0xB1B0,0xB1B1,0xB1B2,0xB1B3,0xB1B4,0xB1B5,0xB1B6,
0xB1B7,0xB1B8,     0,     0,     0,     0,     0,     0,
0xB1B9,0xB1BA,0xB1BB,0xB1BC,0xB1BD,0xB1BE,0xB1BF,0xB1C0,
0xB1C1,0xB1C2,0xB1C3,0xB1C4,0xB1C5,0xB1C6,0xB1C7,0xB1C8,
0xB1C9,0xB1CA,0xB1CB,0xB1CD,0xB1CE,0xB1CF,0xB1D1,0xB1D2,
0xB1D3,0xB1D5,     0,     0,     0,     0,     0,     0,
0xB1D6,0xB1D7,0xB1D8,0xB1D9,0xB1DA,0xB1DB,0xB1DE,0xB1E0,
0xB1E1,0xB1E2,0xB1E3,0xB1E4,0xB1E5,0xB1E6,0xB1E7,0xB1EA,
0xB1EB,0xB1ED,0xB1EE,0xB1EF,0xB1F1,0xB1F2,0xB1F3,0xB1F4,
0xB1F5,0xB1F6,0xB1F7,0xB1F8,0xB1FA,0xB1FC,0xB1FE,0xB1FF,
0xB200,0xB201,0xB202,0xB203,0xB206,0xB207,0xB209,0xB20A,
0xB20D,0xB20E,0xB20F,0xB210,0xB211,0xB212,0xB213,0xB216,
0xB218,0xB21A,0xB21B,0xB21C,0xB21D,0xB21E,0xB21F,0xB221,
0xB222,0xB223,0xB224,0xB225,0xB226,0xB227,0xB228,0xB229,
0xB22A,0xB22B,0xB22C,0xB22D,0xB22E,0xB22F,0xB230,0xB231,
0xB232,0xB233,0xB235,0xB236,0xB237,0xB238,0xB239,0xB23A,
0xB23B,0xB23D,0xB23E,0xB23F,0xB240,0xB241,0xB242,0xB243,
0xB244,0xB245,0xB246,0xB247,0xB248,0xB249,0xB24A,0xB24B,
0xB24C,0xB24D,0xB24E,0xB24F,0xB250,0xB251,0xB252,0xB253,
0xB254,0xB255,0xB256,0xB257,0xB259,0xB25A,0xB25B,0xB25D,
0xB25E,0xB25F,0xB261,0xB262,0xB263,0xB264,0xB265,0xB266,
0xB267,0xB26A,0xB26B,0xB26C,0xB26D,0xB26E,     0,     0,
     0,     0,     0,     0,     0,     0,     0,     0,
     0,     0,     0,     0,     0,     0,     0,     0,
     0,     0,     0,     0,     0,     0,     0,     0,
     0,     0,     0,     0,     0,     0,     0,     0,
     0,     0,     0,     0,     0,     0,     0,     0,
     0,     0,     0,     0,     0,     0,     0,     0,
     0,     0,     0,     0,     0,     0,     0,     0,
     0,     0,     0,     0,     0,     0,     0,     0,
0xB26F,0xB270,0xB271,0xB272,0xB273,0xB276,0xB277,0xB278,
0xB279,0xB27A,0xB27B,0xB27D,0xB27E,0xB27F,0xB280,0xB281,
0xB282,0xB283,0xB286,0xB287,0xB288,0xB28A,0xB28B,0xB28C,
0xB28D,0xB28E,     0,     0,     0,     0,     0,     0,
0xB28F,0xB292,0xB293,0xB295,0xB296,0xB297,0xB29B,0xB29C,
0xB29D,0xB29E,0xB29F,0xB2A2,0xB2A4,0xB2A7,0xB2A8,0xB2A9,
0xB2AB,0xB2AD,0xB2AE,0xB2AF,0xB2B1,0xB2B2,0xB2B3,0xB2B5,
0xB2B6,0xB2B7,     0,     0,     0,     0,     0,     0,
0xB2B8,0xB2B9,0xB2BA,0xB2BB,0xB2BC,0xB2BD,0xB2BE,0xB2BF,
0xB2C0,0xB2C1,0xB2C2,0xB2C3,0xB2C4,0xB2C5,0xB2C6,0xB2C7,
0xB2CA,0xB2CB,0xB2CD,0xB2CE,0xB2CF,0xB2D1,0xB2D3,0xB2D4,
0xB2D5,0xB2D6,0xB2D7,0xB2DA,0xB2DC,0xB2DE,0xB2DF,0xB2E0,
0xB2E1,0xB2E3,0xB2E7,0xB2E9,0xB2EA,0xB2F0,0xB2F1,0xB2F2,
0xB2F6,0xB2FC,0xB2FD,0xB2FE,0xB302,0xB303,0xB305,0xB306,
0xB307,0xB309,0xB30A,0xB30B,0xB30C,0xB30D,0xB30E,0xB30F,
0xB312,0xB316,0xB317,0xB318,0xB319,0xB31A,0xB31B,0xB31D,
0xB31E,0xB31F,0xB320,0xB321,0xB322,0xB323,0xB324,0xB325,
0xB326,0xB327,0xB328,0xB329,0xB32A,0xB32B,0xB32C,0xB32D,
0xB32E,0xB32F,0xB330,0xB331,0xB332,0xB333,0xB334,0xB335,
0xB336,0xB337,0xB338,0xB339,0xB33A,0xB33B,0xB33C,0xB33D,
0xB33E,0xB33F,0xB340,0xB341,0xB342,0xB343,0xB344,0xB345,
0xB346,0xB347,0xB348,0xB349,0xB34A,0xB34B,0xB34C,0xB34D,
0xB34E,0xB34F,0xB350,0xB351,0xB352,0xB353,0xB357,0xB359,
0xB35A,0xB35D,0xB360,0xB361,0xB362,0xB363,     0,     0,
     0,     0,     0,     0,     0,     0,     0,     0,
     0,     0,     0,     0,     0,     0,     0,     0,
     0,     0,     0,     0,     0,     0,     0,     0,
     0,     0,     0,     0,     0,     0,     0,     0,
     0,     0,     0,     0,     0,     0,     0,     0,
     0,     0,     0,     0,     0,     0,     0,     0,
     0,     0,     0,     0,     0,     0,     0,     0,
     0,     0,     0,     0,     0,     0,     0,     0,
0xB366,0xB368,0xB36A,0xB36C,0xB36D,0xB36F,0xB372,0xB373,
0xB375,0xB376,0xB377,0xB379,0xB37A,0xB37B,0xB37C,0xB37D,
0xB37E,0xB37F,0xB382,0xB386,0xB387,0xB388,0xB389,0xB38A,
0xB38B,0xB38D,     0,     0,     0,     0,     0,     0,
0xB38E,0xB38F,0xB391,0xB392,0xB393,0xB395,0xB396,0xB397,
0xB398,0xB399,0xB39A,0xB39B,0xB39C,0xB39D,0xB39E,0xB39F,
0xB3A2,0xB3A3,0xB3A4,0xB3A5,0xB3A6,0xB3A7,0xB3A9,0xB3AA,
0xB3AB,0xB3AD,     0,     0,     0,     0,     0,     0,
0xB3AE,0xB3AF,0xB3B0,0xB3B1,0xB3B2,0xB3B3,0xB3B4,0xB3B5,
0xB3B6,0xB3B7,0xB3B8,0xB3B9,0xB3BA,0xB3BB,0xB3BC,0xB3BD,
0xB3BE,0xB3BF,0xB3C0,0xB3C1,0xB3C2,0xB3C3,0xB3C6,0xB3C7,
0xB3C9,0xB3CA,0xB3CD,0xB3CF,0xB3D1,0xB3D2,0xB3D3,0xB3D6,
0xB3D8,0xB3DA,0xB3DC,0xB3DE,0xB3DF,0xB3E1,0xB3E2,0xB3E3,
0xB3E5,0xB3E6,0xB3E7,0xB3E9,0xB3EA,0xB3EB,0xB3EC,0xB3ED,
0xB3EE,0xB3EF,0xB3F0,0xB3F1,0xB3F2,0xB3F3,0xB3F4,0xB3F5,
0xB3F6,0xB3F7,0xB3F8,0xB3F9,0xB3FA,0xB3FB,0xB3FD,0xB3FE,
0xB3FF,0xB400,0xB401,0xB402,0xB403,0xB404,0xB405,0xB406,
0xB407,0xB408,0xB409,0xB40A,0xB40B,0xB40C,0xB40D,0xB40E,
0xB40F,0xB411,0xB412,0xB413,0xB414,0xB415,0xB416,0xB417,
0xB419,0xB41A,0xB41B,0xB41D,0xB41E,0xB41F,0xB421,0xB422,
0xB423,0xB424,0xB425,0xB426,0xB427,0xB42A,0xB42C,0xB42D,
0xB42E,0xB42F,0xB430,0xB431,0xB432,0xB433,0xB435,0xB436,
0xB437,0xB438,0xB439,0xB43A,0xB43B,0xB43C,0xB43D,0xB43E,
0xB43F,0xB440,0xB441,0xB442,0xB443,0xB444,     0,     0,
     0,     0,     0,     0,     0,     0,     0,     0,
     0,     0,     0,     0,     0,     0,     0,     0,
     0,     0,     0,     0,     0,     0,     0,     0,
     0,     0,     0,     0,     0,     0,     0,     0,
     0,     0,     0,     0,     0,     0,     0,     0,
     0,     0,     0,     0,     0,     0,     0,     0,
     0,     0,     0,     0,     0,     0,     0,     0,
     0,     0,     0,     0,     0,     0,     0,     0,
0xB445,0xB446,0xB447,0xB448,0xB449,0xB44A,0xB44B,0xB44C,
0xB44D,0xB44E,0xB44F,0xB452,0xB453,0xB455,0xB456,0xB457,
0xB459,0xB45A,0xB45B,0xB45C,0xB45D,0xB45E,0xB45F,0xB462,
0xB464,0xB466,     0,     0,     0,     0,     0,     0,
0xB467,0xB468,0xB469,0xB46A,0xB46B,0xB46D,0xB46E,0xB46F,
0xB470,0xB471,0xB472,0xB473,0xB474,0xB475,0xB476,0xB477,
0xB478,0xB479,0xB47A,0xB47B,0xB47C,0xB47D,0xB47E,0xB47F,
0xB481,0xB482,     0,     0,     0,     0,     0,     0,
0xB483,0xB484,0xB485,0xB486,0xB487,0xB489,0xB48A,0xB48B,
0xB48C,0xB48D,0xB48E,0xB48F,0xB490,0xB491,0xB492,0xB493,
0xB494,0xB495,0xB496,0xB497,0xB498,0xB499,0xB49A,0xB49B,
0xB49C,0xB49E,0xB49F,0xB4A0,0xB4A1,0xB4A2,0xB4A3,0xB4A5,
0xB4A6,0xB4A7,0xB4A9,0xB4AA,0xB4AB,0xB4AD,0xB4AE,0xB4AF,
0xB4B0,0xB4B1,0xB4B2,0xB4B3,0xB4B4,0xB4B6,0xB4B8,0xB4BA,
0xB4BB,0xB4BC,0xB4BD,0xB4BE,0xB4BF,0xB4C1,0xB4C2,0xB4C3,
0xB4C5,0xB4C6,0xB4C7,0xB4C9,0xB4CA,0xB4CB,0xB4CC,0xB4CD,
0xB4CE,0xB4CF,0xB4D1,0xB4D2,0xB4D3,0xB4D4,0xB4D6,0xB4D7,
0xB4D8,0xB4D9,0xB4DA,0xB4DB,0xB4DE,0xB4DF,0xB4E1,0xB4E2,
0xB4E5,0xB4E7,0xB4E8,0xB4E9,0xB4EA,0xB4EB,0xB4EE,0xB4F0,
0xB4F2,0xB4F3,0xB4F4,0xB4F5,0xB4F6,0xB4F7,0xB4F9,0xB4FA,
0xB4FB,0xB4FC,0xB4FD,0xB4FE,0xB4FF,0xB500,0xB501,0xB502,
0xB503,0xB504,0xB505,0xB506,0xB507,0xB508,0xB509,0xB50A,
0xB50B,0xB50C,0xB50D,0xB50E,0xB50F,0xB510,0xB511,0xB512,
0xB513,0xB516,0xB517,0xB519,0xB51A,0xB51D,     0,     0,
     0,     0,     0,     0,     0,     0,     0,     0,
     0,     0,     0,     0,     0,     0,     0,     0,
     0,     0,     0,     0,     0,     0,     0,     0,
     0,     0,     0,     0,     0,     0,     0,     0,
     0,     0,     0,     0,     0,     0,     0,     0,
     0,     0,     0,     0,     0,     0,     0,     0,
     0,     0,     0,     0,     0,     0,     0,     0,
     0,     0,     0,     0,     0,     0,     0,     0,
0xB51E,0xB51F,0xB520,0xB521,0xB522,0xB523,0xB526,0xB52B,
0xB52C,0xB52D,0xB52E,0xB52F,0xB532,0xB533,0xB535,0xB536,
0xB537,0xB539,0xB53A,0xB53B,0xB53C,0xB53D,0xB53E,0xB53F,
0xB542,0xB546,     0,     0,     0,     0,     0,     0,
0xB547,0xB548,0xB549,0xB54A,0xB54E,0xB54F,0xB551,0xB552,
0xB553,0xB555,0xB556,0xB557,0xB558,0xB559,0xB55A,0xB55B,
0xB55E,0xB562,0xB563,0xB564,0xB565,0xB566,0xB567,0xB568,
0xB569,0xB56A,     0,     0,     0,     0,     0,     0,
0xB56B,0xB56C,0xB56D,0xB56E,0xB56F,0xB570,0xB571,0xB572,
0xB573,0xB574,0xB575,0xB576,0xB577,0xB578,0xB579,0xB57A,
0xB57B,0xB57C,0xB57D,0xB57E,0xB57F,0xB580,0xB581,0xB582,
0xB583,0xB584,0xB585,0xB586,0xB587,0xB588,0xB589,0xB58A,
0xB58B,0xB58C,0xB58D,0xB58E,0xB58F,0xB590,0xB591,0xB592,
0xB593,0xB594,0xB595,0xB596,0xB597,0xB598,0xB599,0xB59A,
0xB59B,0xB59C,0xB59D,0xB59E,0xB59F,0xB5A2,0xB5A3,0xB5A5,
0xB5A6,0xB5A7,0xB5A9,0xB5AC,0xB5AD,0xB5AE,0xB5AF,0xB5B2,
0xB5B6,0xB5B7,0xB5B8,0xB5B9,0xB5BA,0xB5BE,0xB5BF,0xB5C1,
0xB5C2,0xB5C3,0xB5C5,0xB5C6,0xB5C7,0xB5C8,0xB5C9,0xB5CA,
0xB5CB,0xB5CE,0xB5D2,0xB5D3,0xB5D4,0xB5D5,0xB5D6,0xB5D7,
0xB5D9,0xB5DA,0xB5DB,0xB5DC,0xB5DD,0xB5DE,0xB5DF,0xB5E0,
0xB5E1,0xB5E2,0xB5E3,0xB5E4,0xB5E5,0xB5E6,0xB5E7,0xB5E8,
0xB5E9,0xB5EA,0xB5EB,0xB5ED,0xB5EE,0xB5EF,0xB5F0,0xB5F1,
0xB5F2,0xB5F3,0xB5F4,0xB5F5,0xB5F6,0xB5F7,0xB5F8,0xB5F9,
0xB5FA,0xB5FB,0xB5FC,0xB5FD,0xB5FE,0xB5FF,     0,     0,
     0,     0,     0,     0,     0,     0,     0,     0,
     0,     0,     0,     0,     0,     0,     0,     0,
     0,     0,     0,     0,     0,     0,     0,     0,
     0,     0,     0,     0,     0,     0,     0,     0,
     0,     0,     0,     0,     0,     0,     0,     0,
     0,     0,     0,     0,     0,     0,     0,     0,
     0,     0,     0,     0,     0,     0,     0,     0,
     0,     0,     0,     0,     0,     0,     0,     0,
0xB600,0xB601,0xB602,0xB603,0xB604,0xB605,0xB606,0xB607,
0xB608,0xB609,0xB60A,0xB60B,0xB60C,0xB60D,0xB60E,0xB60F,
0xB612,0xB613,0xB615,0xB616,0xB617,0xB619,0xB61A,0xB61B,
0xB61C,0xB61D,     0,     0,     0,     0,     0,     0,
0xB61E,0xB61F,0xB620,0xB621,0xB622,0xB623,0xB624,0xB626,
0xB627,0xB628,0xB629,0xB62A,0xB62B,0xB62D,0xB62E,0xB62F,
0xB630,0xB631,0xB632,0xB633,0xB635,0xB636,0xB637,0xB638,
0xB639,0xB63A,     0,     0,     0,     0,     0,     0,
0xB63B,0xB63C,0xB63D,0xB63E,0xB63F,0xB640,0xB641,0xB642,
0xB643,0xB644,0xB645,0xB646,0xB647,0xB649,0xB64A,0xB64B,
0xB64C,0xB64D,0xB64E,0xB64F,0xB650,0xB651,0xB652,0xB653,
0xB654,0xB655,0xB656,0xB657,0xB658,0xB659,0xB65A,0xB65B,
0xB65C,0xB65D,0xB65E,0xB65F,0xB660,0xB661,0xB662,0xB663,
0xB665,0xB666,0xB667,0xB669,0xB66A,0xB66B,0xB66C,0xB66D,
0xB66E,0xB66F,0xB670,0xB671,0xB672,0xB673,0xB674,0xB675,
0xB676,0xB677,0xB678,0xB679,0xB67A,0xB67B,0xB67C,0xB67D,
0xB67E,0xB67F,0xB680,0xB681,0xB682,0xB683,0xB684,0xB685,
0xB686,0xB687,0xB688,0xB689,0xB68A,0xB68B,0xB68C,0xB68D,
0xB68E,0xB68F,0xB690,0xB691,0xB692,0xB693,0xB694,0xB695,
0xB696,0xB697,0xB698,0xB699,0xB69A,0xB69B,0xB69E,0xB69F,
0xB6A1,0xB6A2,0xB6A3,0xB6A5,0xB6A6,0xB6A7,0xB6A8,0xB6A9,
0xB6AA,0xB6AD,0xB6AE,0xB6AF,0xB6B0,0xB6B2,0xB6B3,0xB6B4,
0xB6B5,0xB6B6,0xB6B7,0xB6B8,0xB6B9,0xB6BA,0xB6BB,0xB6BC,
0xB6BD,0xB6BE,0xB6BF,0xB6C0,0xB6C1,0xB6C2,     0,     0,
     0,     0,     0,     0,     0,     0,     0,     0,
     0,     0,     0,     0,     0,     0,     0,     0,
     0,     0,     0,     0,     0,     0,     0,     0,
     0,     0,     0,     0,     0,     0,     0,     0,
     0,     0,     0,     0,     0,     0,     0,     0,
     0,     0,     0,     0,     0,     0,     0,     0,
     0,     0,     0,     0,     0,     0,     0,     0,
     0,     0,     0,     0,     0,     0,     0,     0,
0xB6C3,0xB6C4,0xB6C5,0xB6C6,0xB6C7,0xB6C8,0xB6C9,0xB6CA,
0xB6CB,0xB6CC,0xB6CD,0xB6CE,0xB6CF,0xB6D0,0xB6D1,0xB6D2,
0xB6D3,0xB6D5,0xB6D6,0xB6D7,0xB6D8,0xB6D9,0xB6DA,0xB6DB,
0xB6DC,0xB6DD,     0,     0,     0,     0,     0,     0,
0xB6DE,0xB6DF,0xB6E0,0xB6E1,0xB6E2,0xB6E3,0xB6E4,0xB6E5,
0xB6E6,0xB6E7,0xB6E8,0xB6E9,0xB6EA,0xB6EB,0xB6EC,0xB6ED,
0xB6EE,0xB6EF,0xB6F1,0xB6F2,0xB6F3,0xB6F5,0xB6F6,0xB6F7,
0xB6F9,0xB6FA,     0,     0,     0,     0,     0,     0,
0xB6FB,0xB6FC,0xB6FD,0xB6FE,0xB6FF,0xB702,0xB703,0xB704,
0xB706,0xB707,0xB708,0xB709,0xB70A,0xB70B,0xB70C,0xB70D,
0xB70E,0xB70F,0xB710,0xB711,0xB712,0xB713,0xB714,0xB715,
0xB716,0xB717,0xB718,0xB719,0xB71A,0xB71B,0xB71C,0xB71D,
0xB71E,0xB71F,0xB720,0xB721,0xB722,0xB723,0xB724,0xB725,
0xB726,0xB727,0xB72A,0xB72B,0xB72D,0xB72E,0xB731,0xB732,
0xB733,0xB734,0xB735,0xB736,0xB737,0xB73A,0xB73C,0xB73D,
0xB73E,0xB73F,0xB740,0xB741,0xB742,0xB743,0xB745,0xB746,
0xB747,0xB749,0xB74A,0xB74B,0xB74D,0xB74E,0xB74F,0xB750,
0xB751,0xB752,0xB753,0xB756,0xB757,0xB758,0xB759,0xB75A,
0xB75B,0xB75C,0xB75D,0xB75E,0xB75F,0xB761,0xB762,0xB763,
0xB765,0xB766,0xB767,0xB769,0xB76A,0xB76B,0xB76C,0xB76D,
0xB76E,0xB76F,0xB772,0xB774,0xB776,0xB777,0xB778,0xB779,
0xB77A,0xB77B,0xB77E,0xB77F,0xB781,0xB782,0xB783,0xB785,
0xB786,0xB787,0xB788,0xB789,0xB78A,0xB78B,0xB78E,0xB793,
0xB794,0xB795,0xB79A,0xB79B,0xB79D,0xB79E,     0,     0,
     0,     0,     0,     0,     0,     0,     0,     0,
     0,     0,     0,     0,     0,     0,     0,     0,
     0,     0,     0,     0,     0,     0,     0,     0,
     0,     0,     0,     0,     0,     0,     0,     0,
     0,     0,     0,     0,     0,     0,     0,     0,
     0,     0,     0,     0,     0,     0,     0,     0,
     0,     0,     0,     0,     0,     0,     0,     0,
     0,     0,     0,     0,     0,     0,     0,     0,
0xB79F,0xB7A1,0xB7A2,0xB7A3,0xB7A4,0xB7A5,0xB7A6,0xB7A7,
0xB7AA,0xB7AE,0xB7AF,0xB7B0,0xB7B1,0xB7B2,0xB7B3,0xB7B6,
0xB7B7,0xB7B9,0xB7BA,0xB7BB,0xB7BC,0xB7BD,0xB7BE,0xB7BF,
0xB7C0,0xB7C1,     0,     0,     0,     0,     0,     0,
0xB7C2,0xB7C3,0xB7C4,0xB7C5,0xB7C6,0xB7C8,0xB7CA,0xB7CB,
0xB7CC,0xB7CD,0xB7CE,0xB7CF,0xB7D0,0xB7D1,0xB7D2,0xB7D3,
0xB7D4,0xB7D5,0xB7D6,0xB7D7,0xB7D8,0xB7D9,0xB7DA,0xB7DB,
0xB7DC,0xB7DD,     0,     0,     0,     0,     0,     0,
0xB7DE,0xB7DF,0xB7E0,0xB7E1,0xB7E2,0xB7E3,0xB7E4,0xB7E5,
0xB7E6,0xB7E7,0xB7E8,0xB7E9,0xB7EA,0xB7EB,0xB7EE,0xB7EF,
0xB7F1,0xB7F2,0xB7F3,0xB7F5,0xB7F6,0xB7F7,0xB7F8,0xB7F9,
0xB7FA,0xB7FB,0xB7FE,0xB802,0xB803,0xB804,0xB805,0xB806,
0xB80A,0xB80B,0xB80D,0xB80E,0xB80F,0xB811,0xB812,0xB813,
0xB814,0xB815,0xB816,0xB817,0xB81A,0xB81C,0xB81E,0xB81F,
0xB820,0xB821,0xB822,0xB823,0xB826,0xB827,0xB829,0xB82A,
0xB82B,0xB82D,0xB82E,0xB82F,0xB830,0xB831,0xB832,0xB833,
0xB836,0xB83A,0xB83B,0xB83C,0xB83D,0xB83E,0xB83F,0xB841,
0xB842,0xB843,0xB845,0xB846,0xB847,0xB848,0xB849,0xB84A,
0xB84B,0xB84C,0xB84D,0xB84E,0xB84F,0xB850,0xB852,0xB854,
0xB855,0xB856,0xB857,0xB858,0xB859,0xB85A,0xB85B,0xB85E,
0xB85F,0xB861,0xB862,0xB863,0xB865,0xB866,0xB867,0xB868,
0xB869,0xB86A,0xB86B,0xB86E,0xB870,0xB872,0xB873,0xB874,
0xB875,0xB876,0xB877,0xB879,0xB87A,0xB87B,0xB87D,0xB87E,
0xB87F,0xB880,0xB881,0xB882,0xB883,0xB884,     0,     0,
     0,     0,     0,     0,     0,     0,     0,     0,
     0,     0,     0,     0,     0,     0,     0,     0,
     0,     0,     0,     0,     0,     0,     0,     0,
     0,     0,     0,     0,     0,     0,     0,     0,
     0,     0,     0,     0,     0,     0,     0,     0,
     0,     0,     0,     0,     0,     0,     0,     0,
     0,     0,     0,     0,     0,     0,     0,     0,
     0,     0,     0,     0,     0,     0,     0,     0,
0xB885,0xB886,0xB887,0xB888,0xB889,0xB88A,0xB88B,0xB88C,
0xB88E,0xB88F,0xB890,0xB891,0xB892,0xB893,0xB894,0xB895,
0xB896,0xB897,0xB898,0xB899,0xB89A,0xB89B,0xB89C,0xB89D,
0xB89E,0xB89F,     0,     0,     0,     0,     0,     0,
0xB8A0,0xB8A1,0xB8A2,0xB8A3,0xB8A4,0xB8A5,0xB8A6,0xB8A7,
0xB8A9,0xB8AA,0xB8AB,0xB8AC,0xB8AD,0xB8AE,0xB8AF,0xB8B1,
0xB8B2,0xB8B3,0xB8B5,0xB8B6,0xB8B7,0xB8B9,0xB8BA,0xB8BB,
0xB8BC,0xB8BD,     0,     0,     0,     0,     0,     0,
0xB8BE,0xB8BF,0xB8C2,0xB8C4,0xB8C6,0xB8C7,0xB8C8,0xB8C9,
0xB8CA,0xB8CB,0xB8CD,0xB8CE,0xB8CF,0xB8D1,0xB8D2,0xB8D3,
0xB8D5,0xB8D6,0xB8D7,0xB8D8,0xB8D9,0xB8DA,0xB8DB,0xB8DC,
0xB8DE,0xB8E0,0xB8E2,0xB8E3,0xB8E4,0xB8E5,0xB8E6,0xB8E7,
0xB8EA,0xB8EB,0xB8ED,0xB8EE,0xB8EF,0xB8F1,0xB8F2,0xB8F3,
0xB8F4,0xB8F5,0xB8F6,0xB8F7,0xB8FA,0xB8FC,0xB8FE,0xB8FF,
0xB900,0xB901,0xB902,0xB903,0xB905,0xB906,0xB907,0xB908,
0xB909,0xB90A,0xB90B,0xB90C,0xB90D,0xB90E,0xB90F,0xB910,
0xB911,0xB912,0xB913,0xB914,0xB915,0xB916,0xB917,0xB919,
0xB91A,0xB91B,0xB91C,0xB91D,0xB91E,0xB91F,0xB921,0xB922,
0xB923,0xB924,0xB925,0xB926,0xB927,0xB928,0xB929,0xB92A,
0xB92B,0xB92C,0xB92D,0xB92E,0xB92F,0xB930,0xB931,0xB932,
0xB933,0xB934,0xB935,0xB936,0xB937,0xB938,0xB939,0xB93A,
0xB93B,0xB93E,0xB93F,0xB941,0xB942,0xB943,0xB945,0xB946,
0xB947,0xB948,0xB949,0xB94A,0xB94B,0xB94D,0xB94E,0xB950,
0xB952,0xB953,0xB954,0xB955,0xB956,0xB957,     0,     0,
     0,     0,     0,     0,     0,     0,     0,     0,
     0,     0,     0,     0,     0,     0,     0,     0,
     0,     0,     0,     0,     0,     0,     0,     0,
     0,     0,     0,     0,     0,     0,     0,     0,
     0,     0,     0,     0,     0,     0,     0,     0,
     0,     0,     0,     0,     0,     0,     0,     0,
     0,     0,     0,     0,     0,     0,     0,     0,
     0,     0,     0,     0,     0,     0,     0,     0,
0xB95A,0xB95B,0xB95D,0xB95E,0xB95F,0xB961,0xB962,0xB963,
0xB964,0xB965,0xB966,0xB967,0xB96A,0xB96C,0xB96E,0xB96F,
0xB970,0xB971,0xB972,0xB973,0xB976,0xB977,0xB979,0xB97A,
0xB97B,0xB97D,     0,     0,     0,     0,     0,     0,
0xB97E,0xB97F,0xB980,0xB981,0xB982,0xB983,0xB986,0xB988,
0xB98B,0xB98C,0xB98F,0xB990,0xB991,0xB992,0xB993,0xB994,
0xB995,0xB996,0xB997,0xB998,0xB999,0xB99A,0xB99B,0xB99C,
0xB99D,0xB99E,     0,     0,     0,     0,     0,     0,
0xB99F,0xB9A0,0xB9A1,0xB9A2,0xB9A3,0xB9A4,0xB9A5,0xB9A6,
0xB9A7,0xB9A8,0xB9A9,0xB9AA,0xB9AB,0xB9AE,0xB9AF,0xB9B1,
0xB9B2,0xB9B3,0xB9B5,0xB9B6,0xB9B7,0xB9B8,0xB9B9,0xB9BA,
0xB9BB,0xB9BE,0xB9C0,0xB9C2,0xB9C3,0xB9C4,0xB9C5,0xB9C6,
0xB9C7,0xB9CA,0xB9CB,0xB9CD,0xB9D3,0xB9D4,0xB9D5,0xB9D6,
0xB9D7,0xB9DA,0xB9DC,0xB9DF,0xB9E0,0xB9E2,0xB9E6,0xB9E7,
0xB9E9,0xB9EA,0xB9EB,0xB9ED,0xB9EE,0xB9EF,0xB9F0,0xB9F1,
0xB9F2,0xB9F3,0xB9F6,0xB9FB,0xB9FC,0xB9FD,0xB9FE,0xB9FF,
0xBA02,0xBA03,0xBA04,0xBA05,0xBA06,0xBA07,0xBA09,0xBA0A,
0xBA0B,0xBA0C,0xBA0D,0xBA0E,0xBA0F,0xBA10,0xBA11,0xBA12,
0xBA13,0xBA14,0xBA16,0xBA17,0xBA18,0xBA19,0xBA1A,0xBA1B,
0xBA1C,0xBA1D,0xBA1E,0xBA1F,0xBA20,0xBA21,0xBA22,0xBA23,
0xBA24,0xBA25,0xBA26,0xBA27,0xBA28,0xBA29,0xBA2A,0xBA2B,
0xBA2C,0xBA2D,0xBA2E,0xBA2F,0xBA30,0xBA31,0xBA32,0xBA33,
0xBA34,0xBA35,0xBA36,0xBA37,0xBA3A,0xBA3B,0xBA3D,0xBA3E,
0xBA3F,0xBA41,0xBA43,0xBA44,0xBA45,0xBA46,     0,     0,
     0,     0,     0,     0,     0,     0,     0,     0,
     0,     0,     0,     0,     0,     0,     0,     0,
     0,     0,     0,     0,     0,     0,     0,     0,
     0,     0,     0,     0,     0,     0,     0,     0,
     0,     0,     0,     0,     0,     0,     0,     0,
     0,     0,     0,     0,     0,     0,     0,     0,
     0,     0,     0,     0,     0,     0,     0,     0,
     0,     0,     0,     0,     0,     0,     0,     0,
0xBA47,0xBA4A,0xBA4C,0xBA4F,0xBA50,0xBA51,0xBA52,0xBA56,
0xBA57,0xBA59,0xBA5A,0xBA5B,0xBA5D,0xBA5E,0xBA5F,0xBA60,
0xBA61,0xBA62,0xBA63,0xBA66,0xBA6A,0xBA6B,0xBA6C,0xBA6D,
0xBA6E,0xBA6F,     0,     0,     0,     0,     0,     0,
0xBA72,0xBA73,0xBA75,0xBA76,0xBA77,0xBA79,0xBA7A,0xBA7B,
0xBA7C,0xBA7D,0xBA7E,0xBA7F,0xBA80,0xBA81,0xBA82,0xBA86,
0xBA88,0xBA89,0xBA8A,0xBA8B,0xBA8D,0xBA8E,0xBA8F,0xBA90,
0xBA91,0xBA92,     0,     0,     0,     0,     0,     0,
0xBA93,0xBA94,0xBA95,0xBA96,0xBA97,0xBA98,0xBA99,0xBA9A,
0xBA9B,0xBA9C,0xBA9D,0xBA9E,0xBA9F,0xBAA0,0xBAA1,0xBAA2,
0xBAA3,0xBAA4,0xBAA5,0xBAA6,0xBAA7,0xBAAA,0xBAAD,0xBAAE,
0xBAAF,0xBAB1,0xBAB3,0xBAB4,0xBAB5,0xBAB6,0xBAB7,0xBABA,
0xBABC,0xBABE,0xBABF,0xBAC0,0xBAC1,0xBAC2,0xBAC3,0xBAC5,
0xBAC6,0xBAC7,0xBAC9,0xBACA,0xBACB,0xBACC,0xBACD,0xBACE,
0xBACF,0xBAD0,0xBAD1,0xBAD2,0xBAD3,0xBAD4,0xBAD5,0xBAD6,
0xBAD7,0xBADA,0xBADB,0xBADC,0xBADD,0xBADE,0xBADF,0xBAE0,
0xBAE1,0xBAE2,0xBAE3,0xBAE4,0xBAE5,0xBAE6,0xBAE7,0xBAE8,
0xBAE9,0xBAEA,0xBAEB,0xBAEC,0xBAED,0xBAEE,0xBAEF,0xBAF0,
0xBAF1,0xBAF2,0xBAF3,0xBAF4,0xBAF5,0xBAF6,0xBAF7,0xBAF8,
0xBAF9,0xBAFA,0xBAFB,0xBAFD,0xBAFE,0xBAFF,0xBB01,0xBB02,
0xBB03,0xBB05,0xBB06,0xBB07,0xBB08,0xBB09,0xBB0A,0xBB0B,
0xBB0C,0xBB0E,0xBB10,0xBB12,0xBB13,0xBB14,0xBB15,0xBB16,
0xBB17,0xBB19,0xBB1A,0xBB1B,0xBB1D,0xBB1E,0xBB1F,0xBB21,
0xBB22,0xBB23,0xBB24,0xBB25,0xBB26,0xBB27,     0,     0,
     0,     0,     0,     0,     0,     0,     0,     0,
     0,     0,     0,     0,     0,     0,     0,     0,
     0,     0,     0,     0,     0,     0,     0,     0,
     0,     0,     0,     0,     0,     0,     0,     0,
     0,     0,     0,     0,     0,     0,     0,     0,
     0,     0,     0,     0,     0,     0,     0,     0,
     0,     0,     0,     0,     0,     0,     0,     0,
     0,     0,     0,     0,     0,     0,     0,     0,
0xBB28,0xBB2A,0xBB2C,0xBB2D,0xBB2E,0xBB2F,0xBB30,0xBB31,
0xBB32,0xBB33,0xBB37,0xBB39,0xBB3A,0xBB3F,0xBB40,0xBB41,
0xBB42,0xBB43,0xBB46,0xBB48,0xBB4A,0xBB4B,0xBB4C,0xBB4E,
0xBB51,0xBB52,     0,     0,     0,     0,     0,     0,
0xBB53,0xBB55,0xBB56,0xBB57,0xBB59,0xBB5A,0xBB5B,0xBB5C,
0xBB5D,0xBB5E,0xBB5F,0xBB60,0xBB62,0xBB64,0xBB65,0xBB66,
0xBB67,0xBB68,0xBB69,0xBB6A,0xBB6B,0xBB6D,0xBB6E,0xBB6F,
0xBB70,0xBB71,     0,     0,     0,     0,     0,     0,
0xBB72,0xBB73,0xBB74,0xBB75,0xBB76,0xBB77,0xBB78,0xBB79,
0xBB7A,0xBB7B,0xBB7C,0xBB7D,0xBB7E,0xBB7F,0xBB80,0xBB81,
0xBB82,0xBB83,0xBB84,0xBB85,0xBB86,0xBB87,0xBB89,0xBB8A,
0xBB8B,0xBB8D,0xBB8E,0xBB8F,0xBB91,0xBB92,0xBB93,0xBB94,
0xBB95,0xBB96,0xBB97,0xBB98,0xBB99,0xBB9A,0xBB9B,0xBB9C,
0xBB9D,0xBB9E,0xBB9F,0xBBA0,0xBBA1,0xBBA2,0xBBA3,0xBBA5,
0xBBA6,0xBBA7,0xBBA9,0xBBAA,0xBBAB,0xBBAD,0xBBAE,0xBBAF,
0xBBB0,0xBBB1,0xBBB2,0xBBB3,0xBBB5,0xBBB6,0xBBB8,0xBBB9,
0xBBBA,0xBBBB,0xBBBC,0xBBBD,0xBBBE,0xBBBF,0xBBC1,0xBBC2,
0xBBC3,0xBBC5,0xBBC6,0xBBC7,0xBBC9,0xBBCA,0xBBCB,0xBBCC,
0xBBCD,0xBBCE,0xBBCF,0xBBD1,0xBBD2,0xBBD4,0xBBD5,0xBBD6,
0xBBD7,0xBBD8,0xBBD9,0xBBDA,0xBBDB,0xBBDC,0xBBDD,0xBBDE,
0xBBDF,0xBBE0,0xBBE1,0xBBE2,0xBBE3,0xBBE4,0xBBE5,0xBBE6,
0xBBE7,0xBBE8,0xBBE9,0xBBEA,0xBBEB,0xBBEC,0xBBED,0xBBEE,
0xBBEF,0xBBF0,0xBBF1,0xBBF2,0xBBF3,0xBBF4,0xBBF5,0xBBF6,
0xBBF7,0xBBFA,0xBBFB,0xBBFD,0xBBFE,0xBC01,     0,     0,
     0,     0,     0,     0,     0,     0,     0,     0,
     0,     0,     0,     0,     0,     0,     0,     0,
     0,     0,     0,     0,     0,     0,     0,     0,
     0,     0,     0,     0,     0,     0,     0,     0,
     0,     0,     0,     0,     0,     0,     0,     0,
     0,     0,     0,     0,     0,     0,     0,     0,
     0,     0,     0,     0,     0,     0,     0,     0,
     0,     0,     0,     0,     0,     0,     0,     0,
0xBC03,0xBC04,0xBC05,0xBC06,0xBC07,0xBC0A,0xBC0E,0xBC10,
0xBC12,0xBC13,0xBC19,0xBC1A,0xBC20,0xBC21,0xBC22,0xBC23,
0xBC26,0xBC28,0xBC2A,0xBC2B,0xBC2C,0xBC2E,0xBC2F,0xBC32,
0xBC33,0xBC35,     0,     0,     0,     0,     0,     0,
0xBC36,0xBC37,0xBC39,0xBC3A,0xBC3B,0xBC3C,0xBC3D,0xBC3E,
0xBC3F,0xBC42,0xBC46,0xBC47,0xBC48,0xBC4A,0xBC4B,0xBC4E,
0xBC4F,0xBC51,0xBC52,0xBC53,0xBC54,0xBC55,0xBC56,0xBC57,
0xBC58,0xBC59,     0,     0,     0,     0,     0,     0,
0xBC5A,0xBC5B,0xBC5C,0xBC5E,0xBC5F,0xBC60,0xBC61,0xBC62,
0xBC63,0xBC64,0xBC65,0xBC66,0xBC67,0xBC68,0xBC69,0xBC6A,
0xBC6B,0xBC6C,0xBC6D,0xBC6E,0xBC6F,0xBC70,0xBC71,0xBC72,
0xBC73,0xBC74,0xBC75,0xBC76,0xBC77,0xBC78,0xBC79,0xBC7A,
0xBC7B,0xBC7C,0xBC7D,0xBC7E,0xBC7F,0xBC80,0xBC81,0xBC82,
0xBC83,0xBC86,0xBC87,0xBC89,0xBC8A,0xBC8D,0xBC8F,0xBC90,
0xBC91,0xBC92,0xBC93,0xBC96,0xBC98,0xBC9B,0xBC9C,0xBC9D,
0xBC9E,0xBC9F,0xBCA2,0xBCA3,0xBCA5,0xBCA6,0xBCA9,0xBCAA,
0xBCAB,0xBCAC,0xBCAD,0xBCAE,0xBCAF,0xBCB2,0xBCB6,0xBCB7,
0xBCB8,0xBCB9,0xBCBA,0xBCBB,0xBCBE,0xBCBF,0xBCC1,0xBCC2,
0xBCC3,0xBCC5,0xBCC6,0xBCC7,0xBCC8,0xBCC9,0xBCCA,0xBCCB,
0xBCCC,0xBCCE,0xBCD2,0xBCD3,0xBCD4,0xBCD6,0xBCD7,0xBCD9,
0xBCDA,0xBCDB,0xBCDD,0xBCDE,0xBCDF,0xBCE0,0xBCE1,0xBCE2,
0xBCE3,0xBCE4,0xBCE5,0xBCE6,0xBCE7,0xBCE8,0xBCE9,0xBCEA,
0xBCEB,0xBCEC,0xBCED,0xBCEE,0xBCEF,0xBCF0,0xBCF1,0xBCF2,
0xBCF3,0xBCF7,0xBCF9,0xBCFA,0xBCFB,0xBCFD,     0,     0,
     0,     0,     0,     0,     0,     0,     0,     0,
     0,     0,     0,     0,     0,     0,     0,     0,
     0,     0,     0,     0,     0,     0,     0,     0,
     0,     0,     0,     0,     0,     0,     0,     0,
     0,     0,     0,     0,     0,     0,     0,     0,
     0,     0,     0,     0,     0,     0,     0,     0,
     0,     0,     0,     0,     0,     0,     0,     0,
     0,     0,     0,     0,     0,     0,     0,     0,
0xBCFE,0xBCFF,0xBD00,0xBD01,0xBD02,0xBD03,0xBD06,0xBD08,
0xBD0A,0xBD0B,0xBD0C,0xBD0D,0xBD0E,0xBD0F,0xBD11,0xBD12,
0xBD13,0xBD15,0xBD16,0xBD17,0xBD18,0xBD19,0xBD1A,0xBD1B,
0xBD1C,0xBD1D,     0,     0,     0,     0,     0,     0,
0xBD1E,0xBD1F,0xBD20,0xBD21,0xBD22,0xBD23,0xBD25,0xBD26,
0xBD27,0xBD28,0xBD29,0xBD2A,0xBD2B,0xBD2D,0xBD2E,0xBD2F,
0xBD30,0xBD31,0xBD32,0xBD33,0xBD34,0xBD35,0xBD36,0xBD37,
0xBD38,0xBD39,     0,     0,     0,     0,     0,     0,
0xBD3A,0xBD3B,0xBD3C,0xBD3D,0xBD3E,0xBD3F,0xBD41,0xBD42,
0xBD43,0xBD44,0xBD45,0xBD46,0xBD47,0xBD4A,0xBD4B,0xBD4D,
0xBD4E,0xBD4F,0xBD51,0xBD52,0xBD53,0xBD54,0xBD55,0xBD56,
0xBD57,0xBD5A,0xBD5B,0xBD5C,0xBD5D,0xBD5E,0xBD5F,0xBD60,
0xBD61,0xBD62,0xBD63,0xBD65,0xBD66,0xBD67,0xBD69,0xBD6A,
0xBD6B,0xBD6C,0xBD6D,0xBD6E,0xBD6F,0xBD70,0xBD71,0xBD72,
0xBD73,0xBD74,0xBD75,0xBD76,0xBD77,0xBD78,0xBD79,0xBD7A,
0xBD7B,0xBD7C,0xBD7D,0xBD7E,0xBD7F,0xBD82,0xBD83,0xBD85,
0xBD86,0xBD8B,0xBD8C,0xBD8D,0xBD8E,0xBD8F,0xBD92,0xBD94,
0xBD96,0xBD97,0xBD98,0xBD9B,0xBD9D,0xBD9E,0xBD9F,0xBDA0,
0xBDA1,0xBDA2,0xBDA3,0xBDA5,0xBDA6,0xBDA7,0xBDA8,0xBDA9,
0xBDAA,0xBDAB,0xBDAC,0xBDAD,0xBDAE,0xBDAF,0xBDB1,0xBDB2,
0xBDB3,0xBDB4,0xBDB5,0xBDB6,0xBDB7,0xBDB9,0xBDBA,0xBDBB,
0xBDBC,0xBDBD,0xBDBE,0xBDBF,0xBDC0,0xBDC1,0xBDC2,0xBDC3,
0xBDC4,0xBDC5,0xBDC6,0xBDC7,0xBDC8,0xBDC9,0xBDCA,0xBDCB,
0xBDCC,0xBDCD,0xBDCE,0xBDCF,0xBDD0,0xBDD1,     0,     0,
     0,     0,     0,     0,     0,     0,     0,     0,
     0,     0,     0,     0,     0,     0,     0,     0,
     0,     0,     0,     0,     0,     0,     0,     0,
     0,     0,     0,     0,     0,     0,     0,     0,
     0,     0,     0,     0,     0,     0,     0,     0,
     0,     0,     0,     0,     0,     0,     0,     0,
     0,     0,     0,     0,     0,     0,     0,     0,
     0,     0,     0,     0,     0,     0,     0,     0,
0xBDD2,0xBDD3,0xBDD6,0xBDD7,0xBDD9,0xBDDA,0xBDDB,0xBDDD,
0xBDDE,0xBDDF,0xBDE0,0xBDE1,0xBDE2,0xBDE3,0xBDE4,0xBDE5,
0xBDE6,0xBDE7,0xBDE8,0xBDEA,0xBDEB,0xBDEC,0xBDED,0xBDEE,
0xBDEF,0xBDF1,     0,     0,     0,     0,     0,     0,
0xBDF2,0xBDF3,0xBDF5,0xBDF6,0xBDF7,0xBDF9,0xBDFA,0xBDFB,
0xBDFC,0xBDFD,0xBDFE,0xBDFF,0xBE01,0xBE02,0xBE04,0xBE06,
0xBE07,0xBE08,0xBE09,0xBE0A,0xBE0B,0xBE0E,0xBE0F,0xBE11,
0xBE12,0xBE13,     0,     0,     0,     0,     0,     0,
0xBE15,0xBE16,0xBE17,0xBE18,0xBE19,0xBE1A,0xBE1B,0xBE1E,
0xBE20,0xBE21,0xBE22,0xBE23,0xBE24,0xBE25,0xBE26,0xBE27,
0xBE28,0xBE29,0xBE2A,0xBE2B,0xBE2C,0xBE2D,0xBE2E,0xBE2F,
0xBE30,0xBE31,0xBE32,0xBE33,0xBE34,0xBE35,0xBE36,0xBE37,
0xBE38,0xBE39,0xBE3A,0xBE3B,0xBE3C,0xBE3D,0xBE3E,0xBE3F,
0xBE40,0xBE41,0xBE42,0xBE43,0xBE46,0xBE47,0xBE49,0xBE4A,
0xBE4B,0xBE4D,0xBE4F,0xBE50,0xBE51,0xBE52,0xBE53,0xBE56,
0xBE58,0xBE5C,0xBE5D,0xBE5E,0xBE5F,0xBE62,0xBE63,0xBE65,
0xBE66,0xBE67,0xBE69,0xBE6B,0xBE6C,0xBE6D,0xBE6E,0xBE6F,
0xBE72,0xBE76,0xBE77,0xBE78,0xBE79,0xBE7A,0xBE7E,0xBE7F,
0xBE81,0xBE82,0xBE83,0xBE85,0xBE86,0xBE87,0xBE88,0xBE89,
0xBE8A,0xBE8B,0xBE8E,0xBE92,0xBE93,0xBE94,0xBE95,0xBE96,
0xBE97,0xBE9A,0xBE9B,0xBE9C,0xBE9D,0xBE9E,0xBE9F,0xBEA0,
0xBEA1,0xBEA2,0xBEA3,0xBEA4,0xBEA5,0xBEA6,0xBEA7,0xBEA9,
0xBEAA,0xBEAB,0xBEAC,0xBEAD,0xBEAE,0xBEAF,0xBEB0,0xBEB1,
0xBEB2,0xBEB3,0xBEB4,0xBEB5,0xBEB6,0xBEB7,     0,     0,
     0,     0,     0,     0,     0,     0,     0,     0,
     0,     0,     0,     0,     0,     0,     0,     0,
     0,     0,     0,     0,     0,     0,     0,     0,
     0,     0,     0,     0,     0,     0,     0,     0,
     0,     0,     0,     0,     0,     0,     0,     0,
     0,     0,     0,     0,     0,     0,     0,     0,
     0,     0,     0,     0,     0,     0,     0,     0,
     0,     0,     0,     0,     0,     0,     0,     0,
0xBEB8,0xBEB9,0xBEBA,0xBEBB,0xBEBC,0xBEBD,0xBEBE,0xBEBF,
0xBEC0,0xBEC1,0xBEC2,0xBEC3,0xBEC4,0xBEC5,0xBEC6,0xBEC7,
0xBEC8,0xBEC9,0xBECA,0xBECB,0xBECC,0xBECD,0xBECE,0xBECF,
0xBED2,0xBED3,     0,     0,     0,     0,     0,     0,
0xBED5,0xBED6,0xBED9,0xBEDA,0xBEDB,0xBEDC,0xBEDD,0xBEDE,
0xBEDF,0xBEE1,0xBEE2,0xBEE6,0xBEE7,0xBEE8,0xBEE9,0xBEEA,
0xBEEB,0xBEED,0xBEEE,0xBEEF,0xBEF0,0xBEF1,0xBEF2,0xBEF3,
0xBEF4,0xBEF5,     0,     0,     0,     0,     0,     0,
0xBEF6,0xBEF7,0xBEF8,0xBEF9,0xBEFA,0xBEFB,0xBEFC,0xBEFD,
0xBEFE,0xBEFF,0xBF00,0xBF02,0xBF03,0xBF04,0xBF05,0xBF06,
0xBF07,0xBF0A,0xBF0B,0xBF0C,0xBF0D,0xBF0E,0xBF0F,0xBF10,
0xBF11,0xBF12,0xBF13,0xBF14,0xBF15,0xBF16,0xBF17,0xBF1A,
0xBF1E,0xBF1F,0xBF20,0xBF21,0xBF22,0xBF23,0xBF24,0xBF25,
0xBF26,0xBF27,0xBF28,0xBF29,0xBF2A,0xBF2B,0xBF2C,0xBF2D,
0xBF2E,0xBF2F,0xBF30,0xBF31,0xBF32,0xBF33,0xBF34,0xBF35,
0xBF36,0xBF37,0xBF38,0xBF39,0xBF3A,0xBF3B,0xBF3C,0xBF3D,
0xBF3E,0xBF3F,0xBF42,0xBF43,0xBF45,0xBF46,0xBF47,0xBF49,
0xBF4A,0xBF4B,0xBF4C,0xBF4D,0xBF4E,0xBF4F,0xBF52,0xBF53,
0xBF54,0xBF56,0xBF57,0xBF58,0xBF59,0xBF5A,0xBF5B,0xBF5C,
0xBF5D,0xBF5E,0xBF5F,0xBF60,0xBF61,0xBF62,0xBF63,0xBF64,
0xBF65,0xBF66,0xBF67,0xBF68,0xBF69,0xBF6A,0xBF6B,0xBF6C,
0xBF6D,0xBF6E,0xBF6F,0xBF70,0xBF71,0xBF72,0xBF73,0xBF74,
0xBF75,0xBF76,0xBF77,0xBF78,0xBF79,0xBF7A,0xBF7B,0xBF7C,
0xBF7D,0xBF7E,0xBF7F,0xBF80,0xBF81,0xBF82,     0,     0,
     0,     0,     0,     0,     0,     0,     0,     0,
     0,     0,     0,     0,     0,     0,     0,     0,
     0,     0,     0,     0,     0,     0,     0,     0,
     0,     0,     0,     0,     0,     0,     0,     0,
     0,     0,     0,     0,     0,     0,     0,     0,
     0,     0,     0,     0,     0,     0,     0,     0,
     0,     0,     0,     0,     0,     0,     0,     0,
     0,     0,     0,     0,     0,     0,     0,     0,
0xBF83,0xBF84,0xBF85,0xBF86,0xBF87,0xBF88,0xBF89,0xBF8A,
0xBF8B,0xBF8C,0xBF8D,0xBF8E,0xBF8F,0xBF90,0xBF91,0xBF92,
0xBF93,0xBF95,0xBF96,0xBF97,0xBF98,0xBF99,0xBF9A,0xBF9B,
0xBF9C,0xBF9D,     0,     0,     0,     0,     0,     0,
0xBF9E,0xBF9F,0xBFA0,0xBFA1,0xBFA2,0xBFA3,0xBFA4,0xBFA5,
0xBFA6,0xBFA7,0xBFA8,0xBFA9,0xBFAA,0xBFAB,0xBFAC,0xBFAD,
0xBFAE,0xBFAF,0xBFB1,0xBFB2,0xBFB3,0xBFB4,0xBFB5,0xBFB6,
0xBFB7,0xBFB8,     0,     0,     0,     0,     0,     0,
0xBFB9,0xBFBA,0xBFBB,0xBFBC,0xBFBD,0xBFBE,0xBFBF,0xBFC0,
0xBFC1,0xBFC2,0xBFC3,0xBFC4,0xBFC6,0xBFC7,0xBFC8,0xBFC9,
0xBFCA,0xBFCB,0xBFCE,0xBFCF,0xBFD1,0xBFD2,0xBFD3,0xBFD5,
0xBFD6,0xBFD7,0xBFD8,0xBFD9,0xBFDA,0xBFDB,0xBFDD,0xBFDE,
0xBFE0,0xBFE2,0xBFE3,0xBFE4,0xBFE5,0xBFE6,0xBFE7,0xBFE8,
0xBFE9,0xBFEA,0xBFEB,0xBFEC,0xBFED,0xBFEE,0xBFEF,0xBFF0,
0xBFF1,0xBFF2,0xBFF3,0xBFF4,0xBFF5,0xBFF6,0xBFF7,0xBFF8,
0xBFF9,0xBFFA,0xBFFB,0xBFFC,0xBFFD,0xBFFE,0xBFFF,0xC000,
0xC001,0xC002,0xC003,0xC004,0xC005,0xC006,0xC007,0xC008,
0xC009,0xC00A,0xC00B,0xC00C,0xC00D,0xC00E,0xC00F,0xC010,
0xC011,0xC012,0xC013,0xC014,0xC015,0xC016,0xC017,0xC018,
0xC019,0xC01A,0xC01B,0xC01C,0xC01D,0xC01E,0xC01F,0xC020,
0xC021,0xC022,0xC023,0xC024,0xC025,0xC026,0xC027,0xC028,
0xC029,0xC02A,0xC02B,0xC02C,0xC02D,0xC02E,0xC02F,0xC030,
0xC031,0xC032,0xC033,0xC034,0xC035,0xC036,0xC037,0xC038,
0xC039,0xC03A,0xC03B,0xC03D,0xC03E,0xC03F,     0,     0,
     0,     0,     0,     0,     0,     0,     0,     0,
     0,     0,     0,     0,     0,     0,     0,     0,
     0,     0,     0,     0,     0,     0,     0,     0,
     0,     0,     0,     0,     0,     0,     0,     0,
     0,     0,     0,     0,     0,     0,     0,     0,
     0,     0,     0,     0,     0,     0,     0,     0,
     0,     0,     0,     0,     0,     0,     0,     0,
     0,     0,     0,     0,     0,     0,     0,     0,
0xC040,0xC041,0xC042,0xC043,0xC044,0xC045,0xC046,0xC047,
0xC048,0xC049,0xC04A,0xC04B,0xC04C,0xC04D,0xC04E,0xC04F,
0xC050,0xC052,0xC053,0xC054,0xC055,0xC056,0xC057,0xC059,
0xC05A,0xC05B,     0,     0,     0,     0,     0,     0,
0xC05D,0xC05E,0xC05F,0xC061,0xC062,0xC063,0xC064,0xC065,
0xC066,0xC067,0xC06A,0xC06B,0xC06C,0xC06D,0xC06E,0xC06F,
0xC070,0xC071,0xC072,0xC073,0xC074,0xC075,0xC076,0xC077,
0xC078,0xC079,     0,     0,     0,     0,     0,     0,
0xC07A,0xC07B,0xC07C,0xC07D,0xC07E,0xC07F,0xC080,0xC081,
0xC082,0xC083,0xC084,0xC085,0xC086,0xC087,0xC088,0xC089,
0xC08A,0xC08B,0xC08C,0xC08D,0xC08E,0xC08F,0xC092,0xC093,
0xC095,0xC096,0xC097,0xC099,0xC09A,0xC09B,0xC09C,0xC09D,
0xC09E,0xC09F,0xC0A2,0xC0A4,0xC0A6,0xC0A7,0xC0A8,0xC0A9,
0xC0AA,0xC0AB,0xC0AE,0xC0B1,0xC0B2,0xC0B7,0xC0B8,0xC0B9,
0xC0BA,0xC0BB,0xC0BE,0xC0C2,0xC0C3,0xC0C4,0xC0C6,0xC0C7,
0xC0CA,0xC0CB,0xC0CD,0xC0CE,0xC0CF,0xC0D1,0xC0D2,0xC0D3,
0xC0D4,0xC0D5,0xC0D6,0xC0D7,0xC0DA,0xC0DE,0xC0DF,0xC0E0,
0xC0E1,0xC0E2,0xC0E3,0xC0E6,0xC0E7,0xC0E9,0xC0EA,0xC0EB,
0xC0ED,0xC0EE,0xC0EF,0xC0F0,0xC0F1,0xC0F2,0xC0F3,0xC0F6,
0xC0F8,0xC0FA,0xC0FB,0xC0FC,0xC0FD,0xC0FE,0xC0FF,0xC101,
0xC102,0xC103,0xC105,0xC106,0xC107,0xC109,0xC10A,0xC10B,
0xC10C,0xC10D,0xC10E,0xC10F,0xC111,0xC112,0xC113,0xC114,
0xC116,0xC117,0xC118,0xC119,0xC11A,0xC11B,0xC121,0xC122,
0xC125,0xC128,0xC129,0xC12A,0xC12B,0xC12E,     0,     0,
     0,     0,     0,     0,     0,     0,     0,     0,
     0,     0,     0,     0,     0,     0,     0,     0,
     0,     0,     0,     0,     0,     0,     0,     0,
     0,     0,     0,     0,     0,     0,     0,     0,
     0,     0,     0,     0,     0,     0,     0,     0,
     0,     0,     0,     0,     0,     0,     0,     0,
     0,     0,     0,     0,     0,     0,     0,     0,
     0,     0,     0,     0,     0,     0,     0,     0,
0xC132,0xC133,0xC134,0xC135,0xC137,0xC13A,0xC13B,0xC13D,
0xC13E,0xC13F,0xC141,0xC142,0xC143,0xC144,0xC145,0xC146,
0xC147,0xC14A,0xC14E,0xC14F,0xC150,0xC151,0xC152,0xC153,
0xC156,0xC157,     0,     0,     0,     0,     0,     0,
0xC159,0xC15A,0xC15B,0xC15D,0xC15E,0xC15F,0xC160,0xC161,
0xC162,0xC163,0xC166,0xC16A,0xC16B,0xC16C,0xC16D,0xC16E,
0xC16F,0xC171,0xC172,0xC173,0xC175,0xC176,0xC177,0xC179,
0xC17A,0xC17B,     0,     0,     0,     0,     0,     0,
0xC17C,0xC17D,0xC17E,0xC17F,0xC180,0xC181,0xC182,0xC183,
0xC184,0xC186,0xC187,0xC188,0xC189,0xC18A,0xC18B,0xC18F,
0xC191,0xC192,0xC193,0xC195,0xC197,0xC198,0xC199,0xC19A,
0xC19B,0xC19E,0xC1A0,0xC1A2,0xC1A3,0xC1A4,0xC1A6,0xC1A7,
0xC1AA,0xC1AB,0xC1AD,0xC1AE,0xC1AF,0xC1B1,0xC1B2,0xC1B3,
0xC1B4,0xC1B5,0xC1B6,0xC1B7,0xC1B8,0xC1B9,0xC1BA,0xC1BB,
0xC1BC,0xC1BE,0xC1BF,0xC1C0,0xC1C1,0xC1C2,0xC1C3,0xC1C5,
0xC1C6,0xC1C7,0xC1C9,0xC1CA,0xC1CB,0xC1CD,0xC1CE,0xC1CF,
0xC1D0,0xC1D1,0xC1D2,0xC1D3,0xC1D5,0xC1D6,0xC1D9,0xC1DA,
0xC1DB,0xC1DC,0xC1DD,0xC1DE,0xC1DF,0xC1E1,0xC1E2,0xC1E3,
0xC1E5,0xC1E6,0xC1E7,0xC1E9,0xC1EA,0xC1EB,0xC1EC,0xC1ED,
0xC1EE,0xC1EF,0xC1F2,0xC1F4,0xC1F5,0xC1F6,0xC1F7,0xC1F8,
0xC1F9,0xC1FA,0xC1FB,0xC1FE,0xC1FF,0xC201,0xC202,0xC203,
0xC205,0xC206,0xC207,0xC208,0xC209,0xC20A,0xC20B,0xC20E,
0xC210,0xC212,0xC213,0xC214,0xC215,0xC216,0xC217,0xC21A,
0xC21B,0xC21D,0xC21E,0xC221,0xC222,0xC223,     0,     0,
     0,     0,     0,     0,     0,     0,     0,     0,
     0,     0,     0,     0,     0,     0,     0,     0,
     0,     0,     0,     0,     0,     0,     0,     0,
     0,     0,     0,     0,     0,     0,     0,     0,
     0,     0,     0,     0,     0,     0,     0,     0,
     0,     0,     0,     0,     0,     0,     0,     0,
     0,     0,     0,     0,     0,     0,     0,     0,
     0,     0,     0,     0,     0,     0,     0,     0,
0xC224,0xC225,0xC226,0xC227,0xC22A,0xC22C,0xC22E,0xC230,
0xC233,0xC235,0xC236,0xC237,0xC238,0xC239,0xC23A,0xC23B,
0xC23C,0xC23D,0xC23E,0xC23F,0xC240,0xC241,0xC242,0xC243,
0xC244,0xC245,     0,     0,     0,     0,     0,     0,
0xC246,0xC247,0xC249,0xC24A,0xC24B,0xC24C,0xC24D,0xC24E,
0xC24F,0xC252,0xC253,0xC255,0xC256,0xC257,0xC259,0xC25A,
0xC25B,0xC25C,0xC25D,0xC25E,0xC25F,0xC261,0xC262,0xC263,
0xC264,0xC266,     0,     0,     0,     0,     0,     0,
0xC267,0xC268,0xC269,0xC26A,0xC26B,0xC26E,0xC26F,0xC271,
0xC272,0xC273,0xC275,0xC276,0xC277,0xC278,0xC279,0xC27A,
0xC27B,0xC27E,0xC280,0xC282,0xC283,0xC284,0xC285,0xC286,
0xC287,0xC28A,0xC28B,0xC28C,0xC28D,0xC28E,0xC28F,0xC291,
0xC292,0xC293,0xC294,0xC295,0xC296,0xC297,0xC299,0xC29A,
0xC29C,0xC29E,0xC29F,0xC2A0,0xC2A1,0xC2A2,0xC2A3,0xC2A6,
0xC2A7,0xC2A9,0xC2AA,0xC2AB,0xC2AE,0xC2AF,0xC2B0,0xC2B1,
0xC2B2,0xC2B3,0xC2B6,0xC2B8,0xC2BA,0xC2BB,0xC2BC,0xC2BD,
0xC2BE,0xC2BF,0xC2C0,0xC2C1,0xC2C2,0xC2C3,0xC2C4,0xC2C5,
0xC2C6,0xC2C7,0xC2C8,0xC2C9,0xC2CA,0xC2CB,0xC2CC,0xC2CD,
0xC2CE,0xC2CF,0xC2D0,0xC2D1,0xC2D2,0xC2D3,0xC2D4,0xC2D5,
0xC2D6,0xC2D7,0xC2D8,0xC2D9,0xC2DA,0xC2DB,0xC2DE,0xC2DF,
0xC2E1,0xC2E2,0xC2E5,0xC2E6,0xC2E7,0xC2E8,0xC2E9,0xC2EA,
0xC2EE,0xC2F0,0xC2F2,0xC2F3,0xC2F4,0xC2F5,0xC2F7,0xC2FA,
0xC2FD,0xC2FE,0xC2FF,0xC301,0xC302,0xC303,0xC304,0xC305,
0xC306,0xC307,0xC30A,0xC30B,0xC30E,0xC30F,     0,     0,
     0,     0,     0,     0,     0,     0,     0,     0,
     0,     0,     0,     0,     0,     0,     0,     0,
     0,     0,     0,     0,     0,     0,     0,     0,
     0,     0,     0,     0,     0,     0,     0,     0,
     0,     0,     0,     0,     0,     0,     0,     0,
     0,     0,     0,     0,     0,     0,     0,     0,
     0,     0,     0,     0,     0,     0,     0,     0,
     0,     0,     0,     0,     0,     0,     0,     0,
0xC310,0xC311,0xC312,0xC316,0xC317,0xC319,0xC31A,0xC31B,
0xC31D,0xC31E,0xC31F,0xC320,0xC321,0xC322,0xC323,0xC326,
0xC327,0xC32A,0xC32B,0xC32C,0xC32D,0xC32E,0xC32F,0xC330,
0xC331,0xC332,     0,     0,     0,     0,     0,     0,
0xC333,0xC334,0xC335,0xC336,0xC337,0xC338,0xC339,0xC33A,
0xC33B,0xC33C,0xC33D,0xC33E,0xC33F,0xC340,0xC341,0xC342,
0xC343,0xC344,0xC346,0xC347,0xC348,0xC349,0xC34A,0xC34B,
0xC34C,0xC34D,     0,     0,     0,     0,     0,     0,
0xC34E,0xC34F,0xC350,0xC351,0xC352,0xC353,0xC354,0xC355,
0xC356,0xC357,0xC358,0xC359,0xC35A,0xC35B,0xC35C,0xC35D,
0xC35E,0xC35F,0xC360,0xC361,0xC362,0xC363,0xC364,0xC365,
0xC366,0xC367,0xC36A,0xC36B,0xC36D,0xC36E,0xC36F,0xC371,
0xC373,0xC374,0xC375,0xC376,0xC377,0xC37A,0xC37B,0xC37E,
0xC37F,0xC380,0xC381,0xC382,0xC383,0xC385,0xC386,0xC387,
0xC389,0xC38A,0xC38B,0xC38D,0xC38E,0xC38F,0xC390,0xC391,
0xC392,0xC393,0xC394,0xC395,0xC396,0xC397,0xC398,0xC399,
0xC39A,0xC39B,0xC39C,0xC39D,0xC39E,0xC39F,0xC3A0,0xC3A1,
0xC3A2,0xC3A3,0xC3A4,0xC3A5,0xC3A6,0xC3A7,0xC3A8,0xC3A9,
0xC3AA,0xC3AB,0xC3AC,0xC3AD,0xC3AE,0xC3AF,0xC3B0,0xC3B1,
0xC3B2,0xC3B3,0xC3B4,0xC3B5,0xC3B6,0xC3B7,0xC3B8,0xC3B9,
0xC3BA,0xC3BB,0xC3BC,0xC3BD,0xC3BE,0xC3BF,0xC3C1,0xC3C2,
0xC3C3,0xC3C4,0xC3C5,0xC3C6,0xC3C7,0xC3C8,0xC3C9,0xC3CA,
0xC3CB,0xC3CC,0xC3CD,0xC3CE,0xC3CF,0xC3D0,0xC3D1,0xC3D2,
0xC3D3,0xC3D4,0xC3D5,0xC3D6,0xC3D7,0xC3DA,     0,     0,
     0,     0,     0,     0,     0,     0,     0,     0,
     0,     0,     0,     0,     0,     0,     0,     0,
     0,     0,     0,     0,     0,     0,     0,     0,
     0,     0,     0,     0,     0,     0,     0,     0,
     0,     0,     0,     0,     0,     0,     0,     0,
     0,     0,     0,     0,     0,     0,     0,     0,
     0,     0,     0,     0,     0,     0,     0,     0,
     0,     0,     0,     0,     0,     0,     0,     0,
0xC3DB,0xC3DD,0xC3DE,0xC3E1,0xC3E3,0xC3E4,0xC3E5,0xC3E6,
0xC3E7,0xC3EA,0xC3EB,0xC3EC,0xC3EE,0xC3EF,0xC3F0,0xC3F1,
0xC3F2,0xC3F3,0xC3F6,0xC3F7,0xC3F9,0xC3FA,0xC3FB,0xC3FC,
0xC3FD,0xC3FE,     0,     0,     0,     0,     0,     0,
0xC3FF,0xC400,0xC401,0xC402,0xC403,0xC404,0xC405,0xC406,
0xC407,0xC409,0xC40A,0xC40B,0xC40C,0xC40D,0xC40E,0xC40F,
0xC411,0xC412,0xC413,0xC414,0xC415,0xC416,0xC417,0xC418,
0xC419,0xC41A,     0,     0,     0,     0,     0,     0,
0xC41B,0xC41C,0xC41D,0xC41E,0xC41F,0xC420,0xC421,0xC422,
0xC423,0xC425,0xC426,0xC427,0xC428,0xC429,0xC42A,0xC42B,
0xC42D,0xC42E,0xC42F,0xC431,0xC432,0xC433,0xC435,0xC436,
0xC437,0xC438,0xC439,0xC43A,0xC43B,0xC43E,0xC43F,0xC440,
0xC441,0xC442,0xC443,0xC444,0xC445,0xC446,0xC447,0xC449,
0xC44A,0xC44B,0xC44C,0xC44D,0xC44E,0xC44F,0xC450,0xC451,
0xC452,0xC453,0xC454,0xC455,0xC456,0xC457,0xC458,0xC459,
0xC45A,0xC45B,0xC45C,0xC45D,0xC45E,0xC45F,0xC460,0xC461,
0xC462,0xC463,0xC466,0xC467,0xC469,0xC46A,0xC46B,0xC46D,
0xC46E,0xC46F,0xC470,0xC471,0xC472,0xC473,0xC476,0xC477,
0xC478,0xC47A,0xC47B,0xC47C,0xC47D,0xC47E,0xC47F,0xC481,
0xC482,0xC483,0xC484,0xC485,0xC486,0xC487,0xC488,0xC489,
0xC48A,0xC48B,0xC48C,0xC48D,0xC48E,0xC48F,0xC490,0xC491,
0xC492,0xC493,0xC495,0xC496,0xC497,0xC498,0xC499,0xC49A,
0xC49B,0xC49D,0xC49E,0xC49F,0xC4A0,0xC4A1,0xC4A2,0xC4A3,
0xC4A4,0xC4A5,0xC4A6,0xC4A7,0xC4A8,0xC4A9,     0,     0,
     0,     0,     0,     0,     0,     0,     0,     0,
     0,     0,     0,     0,     0,     0,     0,     0,
     0,     0,     0,     0,     0,     0,     0,     0,
     0,     0,     0,     0,     0,     0,     0,     0,
     0,     0,     0,     0,     0,     0,     0,     0,
     0,     0,     0,     0,     0,     0,     0,     0,
     0,     0,     0,     0,     0,     0,     0,     0,
     0,     0,     0,     0,     0,     0,     0,     0,
0xC4AA,0xC4AB,0xC4AC,0xC4AD,0xC4AE,0xC4AF,0xC4B0,0xC4B1,
0xC4B2,0xC4B3,0xC4B4,0xC4B5,0xC4B6,0xC4B7,0xC4B9,0xC4BA,
0xC4BB,0xC4BD,0xC4BE,0xC4BF,0xC4C0,0xC4C1,0xC4C2,0xC4C3,
0xC4C4,0xC4C5,     0,     0,     0,     0,     0,     0,
0xC4C6,0xC4C7,0xC4C8,0xC4C9,0xC4CA,0xC4CB,0xC4CC,0xC4CD,
0xC4CE,0xC4CF,0xC4D0,0xC4D1,0xC4D2,0xC4D3,0xC4D4,0xC4D5,
0xC4D6,0xC4D7,0xC4D8,0xC4D9,0xC4DA,0xC4DB,0xC4DC,0xC4DD,
0xC4DE,0xC4DF,     0,     0,     0,     0,     0,     0,
0xC4E0,0xC4E1,0xC4E2,0xC4E3,0xC4E4,0xC4E5,0xC4E6,0xC4E7,
0xC4E8,0xC4EA,0xC4EB,0xC4EC,0xC4ED,0xC4EE,0xC4EF,0xC4F2,
0xC4F3,0xC4F5,0xC4F6,0xC4F7,0xC4F9,0xC4FB,0xC4FC,0xC4FD,
0xC4FE,0xC502,0xC503,0xC504,0xC505,0xC506,0xC507,0xC508,
0xC509,0xC50A,0xC50B,0xC50D,0xC50E,0xC50F,0xC511,0xC512,
0xC513,0xC515,0xC516,0xC517,0xC518,0xC519,0xC51A,0xC51B,
0xC51D,0xC51E,0xC51F,0xC520,0xC521,0xC522,0xC523,0xC524,
0xC525,0xC526,0xC527,0xC52A,0xC52B,0xC52D,0xC52E,0xC52F,
0xC531,0xC532,0xC533,0xC534,0xC535,0xC536,0xC537,0xC53A,
0xC53C,0xC53E,0xC53F,0xC540,0xC541,0xC542,0xC543,0xC546,
0xC547,0xC54B,0xC54F,0xC550,0xC551,0xC552,0xC556,0xC55A,
0xC55B,0xC55C,0xC55F,0xC562,0xC563,0xC565,0xC566,0xC567,
0xC569,0xC56A,0xC56B,0xC56C,0xC56D,0xC56E,0xC56F,0xC572,
0xC576,0xC577,0xC578,0xC579,0xC57A,0xC57B,0xC57E,0xC57F,
0xC581,0xC582,0xC583,0xC585,0xC586,0xC588,0xC589,0xC58A,
0xC58B,0xC58E,0xC590,0xC592,0xC593,0xC594,     0,     0,
     0,     0,     0,     0,     0,     0,     0,     0,
     0,     0,     0,     0,     0,     0,     0,     0,
     0,     0,     0,     0,     0,     0,     0,     0,
     0,     0,     0,     0,     0,     0,     0,     0,
     0,     0,     0,     0,     0,     0,     0,     0,
     0,     0,     0,     0,     0,     0,     0,     0,
     0,     0,     0,     0,     0,     0,     0,     0,
     0,     0,     0,     0,     0,     0,     0,     0,
0xC596,0xC599,0xC59A,0xC59B,0xC59D,0xC59E,0xC59F,0xC5A1,
0xC5A2,0xC5A3,0xC5A4,0xC5A5,0xC5A6,0xC5A7,0xC5A8,0xC5AA,
0xC5AB,0xC5AC,0xC5AD,0xC5AE,0xC5AF,0xC5B0,0xC5B1,0xC5B2,
0xC5B3,0xC5B6,     0,     0,     0,     0,     0,     0,
0xC5B7,0xC5BA,0xC5BF,0xC5C0,0xC5C1,0xC5C2,0xC5C3,0xC5CB,
0xC5CD,0xC5CF,0xC5D2,0xC5D3,0xC5D5,0xC5D6,0xC5D7,0xC5D9,
0xC5DA,0xC5DB,0xC5DC,0xC5DD,0xC5DE,0xC5DF,0xC5E2,0xC5E4,
0xC5E6,0xC5E7,     0,     0,     0,     0,     0,     0,
0xC5E8,0xC5E9,0xC5EA,0xC5EB,0xC5EF,0xC5F1,0xC5F2,0xC5F3,
0xC5F5,0xC5F8,0xC5F9,0xC5FA,0xC5FB,0xC602,0xC603,0xC604,
0xC609,0xC60A,0xC60B,0xC60D,0xC60E,0xC60F,0xC611,0xC612,
0xC613,0xC614,0xC615,0xC616,0xC617,0xC61A,0xC61D,0xC61E,
0xC61F,0xC620,0xC621,0xC622,0xC623,0xC626,0xC627,0xC629,
0xC62A,0xC62B,0xC62F,0xC631,0xC632,0xC636,0xC638,0xC63A,
0xC63C,0xC63D,0xC63E,0xC63F,0xC642,0xC643,0xC645,0xC646,
0xC647,0xC649,0xC64A,0xC64B,0xC64C,0xC64D,0xC64E,0xC64F,
0xC652,0xC656,0xC657,0xC658,0xC659,0xC65A,0xC65B,0xC65E,
0xC65F,0xC661,0xC662,0xC663,0xC664,0xC665,0xC666,0xC667,
0xC668,0xC669,0xC66A,0xC66B,0xC66D,0xC66E,0xC670,0xC672,
0xC673,0xC674,0xC675,0xC676,0xC677,0xC67A,0xC67B,0xC67D,
0xC67E,0xC67F,0xC681,0xC682,0xC683,0xC684,0xC685,0xC686,
0xC687,0xC68A,0xC68C,0xC68E,0xC68F,0xC690,0xC691,0xC692,
0xC693,0xC696,0xC697,0xC699,0xC69A,0xC69B,0xC69D,0xC69E,
0xC69F,0xC6A0,0xC6A1,0xC6A2,0xC6A3,0xC6A6,     0,     0,
     0,     0,     0,     0,     0,     0,     0,     0,
     0,     0,     0,     0,     0,     0,     0,     0,
     0,     0,     0,     0,     0,     0,     0,     0,
     0,     0,     0,     0,     0,     0,     0,     0,
     0,     0,     0,     0,     0,     0,     0,     0,
     0,     0,     0,     0,     0,     0,     0,     0,
     0,     0,     0,     0,     0,     0,     0,     0,
     0,     0,     0,     0,     0,     0,     0,     0,
0xC6A8,0xC6AA,0xC6AB,0xC6AC,0xC6AD,0xC6AE,0xC6AF,0xC6B2,
0xC6B3,0xC6B5,0xC6B6,0xC6B7,0xC6BB,0xC6BC,0xC6BD,0xC6BE,
0xC6BF,0xC6C2,0xC6C4,0xC6C6,0xC6C7,0xC6C8,0xC6C9,0xC6CA,
0xC6CB,0xC6CE,     0,     0,     0,     0,     0,     0,
0xC6CF,0xC6D1,0xC6D2,0xC6D3,0xC6D5,0xC6D6,0xC6D7,0xC6D8,
0xC6D9,0xC6DA,0xC6DB,0xC6DE,0xC6DF,0xC6E2,0xC6E3,0xC6E4,
0xC6E5,0xC6E6,0xC6E7,0xC6EA,0xC6EB,0xC6ED,0xC6EE,0xC6EF,
0xC6F1,0xC6F2,     0,     0,     0,     0,     0,     0,
0xC6F3,0xC6F4,0xC6F5,0xC6F6,0xC6F7,0xC6FA,0xC6FB,0xC6FC,
0xC6FE,0xC6FF,0xC700,0xC701,0xC702,0xC703,0xC706,0xC707,
0xC709,0xC70A,0xC70B,0xC70D,0xC70E,0xC70F,0xC710,0xC711,
0xC712,0xC713,0xC716,0xC718,0xC71A,0xC71B,0xC71C,0xC71D,
0xC71E,0xC71F,0xC722,0xC723,0xC725,0xC726,0xC727,0xC729,
0xC72A,0xC72B,0xC72C,0xC72D,0xC72E,0xC72F,0xC732,0xC734,
0xC736,0xC738,0xC739,0xC73A,0xC73B,0xC73E,0xC73F,0xC741,
0xC742,0xC743,0xC745,0xC746,0xC747,0xC748,0xC749,0xC74B,
0xC74E,0xC750,0xC759,0xC75A,0xC75B,0xC75D,0xC75E,0xC75F,
0xC761,0xC762,0xC763,0xC764,0xC765,0xC766,0xC767,0xC769,
0xC76A,0xC76C,0xC76D,0xC76E,0xC76F,0xC770,0xC771,0xC772,
0xC773,0xC776,0xC777,0xC779,0xC77A,0xC77B,0xC77F,0xC780,
0xC781,0xC782,0xC786,0xC78B,0xC78C,0xC78D,0xC78F,0xC792,
0xC793,0xC795,0xC799,0xC79B,0xC79C,0xC79D,0xC79E,0xC79F,
0xC7A2,0xC7A7,0xC7A8,0xC7A9,0xC7AA,0xC7AB,0xC7AE,0xC7AF,
0xC7B1,0xC7B2,0xC7B3,0xC7B5,0xC7B6,0xC7B7,     0,     0,
     0,     0,     0,     0,     0,     0,     0,     0,
     0,     0,     0,     0,     0,     0,     0,     0,
     0,     0,     0,     0,     0,     0,     0,     0,
     0,     0,     0,     0,     0,     0,     0,     0,
     0,     0,     0,     0,     0,     0,     0,     0,
     0,     0,     0,     0,     0,     0,     0,     0,
     0,     0,     0,     0,     0,     0,     0,     0,
     0,     0,     0,     0,     0,     0,     0,     0,
0xC7B8,0xC7B9,0xC7BA,0xC7BB,0xC7BE,0xC7C2,0xC7C3,0xC7C4,
0xC7C5,0xC7C6,0xC7C7,0xC7CA,0xC7CB,0xC7CD,0xC7CF,0xC7D1,
0xC7D2,0xC7D3,0xC7D4,0xC7D5,0xC7D6,0xC7D7,0xC7D9,0xC7DA,
0xC7DB,0xC7DC,     0,     0,     0,     0,     0,     0,
0xC7DE,0xC7DF,0xC7E0,0xC7E1,0xC7E2,0xC7E3,0xC7E5,0xC7E6,
0xC7E7,0xC7E9,0xC7EA,0xC7EB,0xC7ED,0xC7EE,0xC7EF,0xC7F0,
0xC7F1,0xC7F2,0xC7F3,0xC7F4,0xC7F5,0xC7F6,0xC7F7,0xC7F8,
0xC7F9,0xC7FA,     0,     0,     0,     0,     0,     0,
0xC7FB,0xC7FC,0xC7FD,0xC7FE,0xC7FF,0xC802,0xC803,0xC805,
0xC806,0xC807,0xC809,0xC80B,0xC80C,0xC80D,0xC80E,0xC80F,
0xC812,0xC814,0xC817,0xC818,0xC819,0xC81A,0xC81B,0xC81E,
0xC81F,0xC821,0xC822,0xC823,0xC825,0xC826,0xC827,0xC828,
0xC829,0xC82A,0xC82B,0xC82E,0xC830,0xC832,0xC833,0xC834,
0xC835,0xC836,0xC837,0xC839,0xC83A,0xC83B,0xC83D,0xC83E,
0xC83F,0xC841,0xC842,0xC843,0xC844,0xC845,0xC846,0xC847,
0xC84A,0xC84B,0xC84E,0xC84F,0xC850,0xC851,0xC852,0xC853,
0xC855,0xC856,0xC857,0xC858,0xC859,0xC85A,0xC85B,0xC85C,
0xC85D,0xC85E,0xC85F,0xC860,0xC861,0xC862,0xC863,0xC864,
0xC865,0xC866,0xC867,0xC868,0xC869,0xC86A,0xC86B,0xC86C,
0xC86D,0xC86E,0xC86F,0xC872,0xC873,0xC875,0xC876,0xC877,
0xC879,0xC87B,0xC87C,0xC87D,0xC87E,0xC87F,0xC882,0xC884,
0xC888,0xC889,0xC88A,0xC88E,0xC88F,0xC890,0xC891,0xC892,
0xC893,0xC895,0xC896,0xC897,0xC898,0xC899,0xC89A,0xC89B,
0xC89C,0xC89E,0xC8A0,0xC8A2,0xC8A3,0xC8A4,     0,     0,
     0,     0,     0,     0,     0,     0,     0,     0,
     0,     0,     0,     0,     0,     0,     0,     0,
     0,     0,     0,     0,     0,     0,     0,     0,
     0,     0,     0,     0,     0,     0,     0,     0,
     0,     0,     0,     0,     0,     0,     0,     0,
     0,     0,     0,     0,     0,     0,     0,     0,
     0,     0,     0,     0,     0,     0,     0,     0,
     0,     0,     0,     0,     0,     0,     0,     0,
0xC8A5,0xC8A6,0xC8A7,0xC8A9,0xC8AA,0xC8AB,0xC8AC,0xC8AD,
0xC8AE,0xC8AF,0xC8B0,0xC8B1,0xC8B2,0xC8B3,0xC8B4,0xC8B5,
0xC8B6,0xC8B7,0xC8B8,0xC8B9,0xC8BA,0xC8BB,0xC8BE,0xC8BF,
0xC8C0,0xC8C1,     0,     0,     0,     0,     0,     0,
0xC8C2,0xC8C3,0xC8C5,0xC8C6,0xC8C7,0xC8C9,0xC8CA,0xC8CB,
0xC8CD,0xC8CE,0xC8CF,0xC8D0,0xC8D1,0xC8D2,0xC8D3,0xC8D6,
0xC8D8,0xC8DA,0xC8DB,0xC8DC,0xC8DD,0xC8DE,0xC8DF,0xC8E2,
0xC8E3,0xC8E5,     0,     0,     0,     0,     0,     0,
0xC8E6,0xC8E7,0xC8E8,0xC8E9,0xC8EA,0xC8EB,0xC8EC,0xC8ED,
0xC8EE,0xC8EF,0xC8F0,0xC8F1,0xC8F2,0xC8F3,0xC8F4,0xC8F6,
0xC8F7,0xC8F8,0xC8F9,0xC8FA,0xC8FB,0xC8FE,0xC8FF,0xC901,
0xC902,0xC903,0xC907,0xC908,0xC909,0xC90A,0xC90B,0xC90E,
0x3000,0x3001,0x3002,0x00B7,0x2025,0x2026,0x00A8,0x3003,
0x00AD,0x2015,0x2225,0xFF3C,0x223C,0x2018,0x2019,0x201C,
0x201D,0x3014,0x3015,0x3008,0x3009,0x300A,0x300B,0x300C,
0x300D,0x300E,0x300F,0x3010,0x3011,0x00B1,0x00D7,0x00F7,
0x2260,0x2264,0x2265,0x221E,0x2234,0x00B0,0x2032,0x2033,
0x2103,0x212B,0xFFE0,0xFFE1,0xFFE5,0x2642,0x2640,0x2220,
0x22A5,0x2312,0x2202,0x2207,0x2261,0x2252,0x00A7,0x203B,
0x2606,0x2605,0x25CB,0x25CF,0x25CE,0x25C7,0x25C6,0x25A1,
0x25A0,0x25B3,0x25B2,0x25BD,0x25BC,0x2192,0x2190,0x2191,
0x2193,0x2194,0x3013,0x226A,0x226B,0x221A,0x223D,0x221D,
0x2235,0x222B,0x222C,0x2208,0x220B,0x2286,0x2287,0x2282,
0x2283,0x222A,0x2229,0x2227,0x2228,0xFFE2,     0,     0,
     0,     0,     0,     0,     0,     0,     0,     0,
     0,     0,     0,     0,     0,     0,     0,     0,
     0,     0,     0,     0,     0,     0,     0,     0,
     0,     0,     0,     0,     0,     0,     0,     0,
     0,     0,     0,     0,     0,     0,     0,     0,
     0,     0,     0,     0,     0,     0,     0,     0,
     0,     0,     0,     0,     0,     0,     0,     0,
     0,     0,     0,     0,     0,     0,     0,     0,
0xC910,0xC912,0xC913,0xC914,0xC915,0xC916,0xC917,0xC919,
0xC91A,0xC91B,0xC91C,0xC91D,0xC91E,0xC91F,0xC920,0xC921,
0xC922,0xC923,0xC924,0xC925,0xC926,0xC927,0xC928,0xC929,
0xC92A,0xC92B,     0,     0,     0,     0,     0,     0,
0xC92D,0xC92E,0xC92F,0xC930,0xC931,0xC932,0xC933,0xC935,
0xC936,0xC937,0xC938,0xC939,0xC93A,0xC93B,0xC93C,0xC93D,
0xC93E,0xC93F,0xC940,0xC941,0xC942,0xC943,0xC944,0xC945,
0xC946,0xC947,     0,     0,     0,     0,     0,     0,
0xC948,0xC949,0xC94A,0xC94B,0xC94C,0xC94D,0xC94E,0xC94F,
0xC952,0xC953,0xC955,0xC956,0xC957,0xC959,0xC95A,0xC95B,
0xC95C,0xC95D,0xC95E,0xC95F,0xC962,0xC964,0xC965,0xC966,
0xC967,0xC968,0xC969,0xC96A,0xC96B,0xC96D,0xC96E,0xC96F,
0x21D2,0x21D4,0x2200,0x2203,0x00B4,0xFF5E,0x02C7,0x02D8,
0x02DD,0x02DA,0x02D9,0x00B8,0x02DB,0x00A1,0x00BF,0x02D0,
0x222E,0x2211,0x220F,0x00A4,0x2109,0x2030,0x25C1,0x25C0,
0x25B7,0x25B6,0x2664,0x2660,0x2661,0x2665,0x2667,0x2663,
0x2299,0x25C8,0x25A3,0x25D0,0x25D1,0x2592,0x25A4,0x25A5,
0x25A8,0x25A7,0x25A6,0x25A9,0x2668,0x260F,0x260E,0x261C,
0x261E,0x00B6,0x2020,0x2021,0x2195,0x2197,0x2199,0x2196,
0x2198,0x266D,0x2669,0x266A,0x266C,0x327F,0x321C,0x2116,
0x33C7,0x2122,0x33C2,0x33D8,0x2121,0x20AC,0x00AE,     0,
     0,     0,     0,     0,     0,     0,     0,     0,
     0,     0,     0,     0,     0,     0,     0,     0,
     0,     0,     0,     0,     0,     0,     0,     0,
     0,     0,     0,     0,     0,     0,     0,     0,
     0,     0,     0,     0,     0,     0,     0,     0,
     0,     0,     0,     0,     0,     0,     0,     0,
     0,     0,     0,     0,     0,     0,     0,     0,
     0,     0,     0,     0,     0,     0,     0,     0,
     0,     0,     0,     0,     0,     0,     0,     0,
     0,     0,     0,     0,     0,     0,     0,     0,
     0,     0,     0,     0,     0,     0,     0,     0,
0xC971,0xC972,0xC973,0xC975,0xC976,0xC977,0xC978,0xC979,
0xC97A,0xC97B,0xC97D,0xC97E,0xC97F,0xC980,0xC981,0xC982,
0xC983,0xC984,0xC985,0xC986,0xC987,0xC98A,0xC98B,0xC98D,
0xC98E,0xC98F,     0,     0,     0,     0,     0,     0,
0xC991,0xC992,0xC993,0xC994,0xC995,0xC996,0xC997,0xC99A,
0xC99C,0xC99E,0xC99F,0xC9A0,0xC9A1,0xC9A2,0xC9A3,0xC9A4,
0xC9A5,0xC9A6,0xC9A7,0xC9A8,0xC9A9,0xC9AA,0xC9AB,0xC9AC,
0xC9AD,0xC9AE,     0,     0,     0,     0,     0,     0,
0xC9AF,0xC9B0,0xC9B1,0xC9B2,0xC9B3,0xC9B4,0xC9B5,0xC9B6,
0xC9B7,0xC9B8,0xC9B9,0xC9BA,0xC9BB,0xC9BC,0xC9BD,0xC9BE,
0xC9BF,0xC9C2,0xC9C3,0xC9C5,0xC9C6,0xC9C9,0xC9CB,0xC9CC,
0xC9CD,0xC9CE,0xC9CF,0xC9D2,0xC9D4,0xC9D7,0xC9D8,0xC9DB,
0xFF01,0xFF02,0xFF03,0xFF04,0xFF05,0xFF06,0xFF07,0xFF08,
0xFF09,0xFF0A,0xFF0B,0xFF0C,0xFF0D,0xFF0E,0xFF0F,0xFF10,
0xFF11,0xFF12,0xFF13,0xFF14,0xFF15,0xFF16,0xFF17,0xFF18,
0xFF19,0xFF1A,0xFF1B,0xFF1C,0xFF1D,0xFF1E,0xFF1F,0xFF20,
0xFF21,0xFF22,0xFF23,0xFF24,0xFF25,0xFF26,0xFF27,0xFF28,
0xFF29,0xFF2A,0xFF2B,0xFF2C,0xFF2D,0xFF2E,0xFF2F,0xFF30,
0xFF31,0xFF32,0xFF33,0xFF34,0xFF35,0xFF36,0xFF37,0xFF38,
0xFF39,0xFF3A,0xFF3B,0xFFE6,0xFF3D,0xFF3E,0xFF3F,0xFF40,
0xFF41,0xFF42,0xFF43,0xFF44,0xFF45,0xFF46,0xFF47,0xFF48,
0xFF49,0xFF4A,0xFF4B,0xFF4C,0xFF4D,0xFF4E,0xFF4F,0xFF50,
0xFF51,0xFF52,0xFF53,0xFF54,0xFF55,0xFF56,0xFF57,0xFF58,
0xFF59,0xFF5A,0xFF5B,0xFF5C,0xFF5D,0xFFE3,     0,     0,
     0,     0,     0,     0,     0,     0,     0,     0,
     0,     0,     0,     0,     0,     0,     0,     0,
     0,     0,     0,     0,     0,     0,     0,     0,
     0,     0,     0,     0,     0,     0,     0,     0,
     0,     0,     0,     0,     0,     0,     0,     0,
     0,     0,     0,     0,     0,     0,     0,     0,
     0,     0,     0,     0,     0,     0,     0,     0,
     0,     0,     0,     0,     0,     0,     0,     0,
0xC9DE,0xC9DF,0xC9E1,0xC9E3,0xC9E5,0xC9E6,0xC9E8,0xC9E9,
0xC9EA,0xC9EB,0xC9EE,0xC9F2,0xC9F3,0xC9F4,0xC9F5,0xC9F6,
0xC9F7,0xC9FA,0xC9FB,0xC9FD,0xC9FE,0xC9FF,0xCA01,0xCA02,
0xCA03,0xCA04,     0,     0,     0,     0,     0,     0,
0xCA05,0xCA06,0xCA07,0xCA0A,0xCA0E,0xCA0F,0xCA10,0xCA11,
0xCA12,0xCA13,0xCA15,0xCA16,0xCA17,0xCA19,0xCA1A,0xCA1B,
0xCA1C,0xCA1D,0xCA1E,0xCA1F,0xCA20,0xCA21,0xCA22,0xCA23,
0xCA24,0xCA25,     0,     0,     0,     0,     0,     0,
0xCA26,0xCA27,0xCA28,0xCA2A,0xCA2B,0xCA2C,0xCA2D,0xCA2E,
0xCA2F,0xCA30,0xCA31,0xCA32,0xCA33,0xCA34,0xCA35,0xCA36,
0xCA37,0xCA38,0xCA39,0xCA3A,0xCA3B,0xCA3C,0xCA3D,0xCA3E,
0xCA3F,0xCA40,0xCA41,0xCA42,0xCA43,0xCA44,0xCA45,0xCA46,
0x3131,0x3132,0x3133,0x3134,0x3135,0x3136,0x3137,0x3138,
0x3139,0x313A,0x313B,0x313C,0x313D,0x313E,0x313F,0x3140,
0x3141,0x3142,0x3143,0x3144,0x3145,0x3146,0x3147,0x3148,
0x3149,0x314A,0x314B,0x314C,0x314D,0x314E,0x314F,0x3150,
0x3151,0x3152,0x3153,0x3154,0x3155,0x3156,0x3157,0x3158,
0x3159,0x315A,0x315B,0x315C,0x315D,0x315E,0x315F,0x3160,
0x3161,0x3162,0x3163,0x3164,0x3165,0x3166,0x3167,0x3168,
0x3169,0x316A,0x316B,0x316C,0x316D,0x316E,0x316F,0x3170,
0x3171,0x3172,0x3173,0x3174,0x3175,0x3176,0x3177,0x3178,
0x3179,0x317A,0x317B,0x317C,0x317D,0x317E,0x317F,0x3180,
0x3181,0x3182,0x3183,0x3184,0x3185,0x3186,0x3187,0x3188,
0x3189,0x318A,0x318B,0x318C,0x318D,0x318E,     0,     0,
     0,     0,     0,     0,     0,     0,     0,     0,
     0,     0,     0,     0,     0,     0,     0,     0,
     0,     0,     0,     0,     0,     0,     0,     0,
     0,     0,     0,     0,     0,     0,     0,     0,
     0,     0,     0,     0,     0,     0,     0,     0,
     0,     0,     0,     0,     0,     0,     0,     0,
     0,     0,     0,     0,     0,     0,     0,     0,
     0,     0,     0,     0,     0,     0,     0,     0,
0xCA47,0xCA48,0xCA49,0xCA4A,0xCA4B,0xCA4E,0xCA4F,0xCA51,
0xCA52,0xCA53,0xCA55,0xCA56,0xCA57,0xCA58,0xCA59,0xCA5A,
0xCA5B,0xCA5E,0xCA62,0xCA63,0xCA64,0xCA65,0xCA66,0xCA67,
0xCA69,0xCA6A,     0,     0,     0,     0,     0,     0,
0xCA6B,0xCA6C,0xCA6D,0xCA6E,0xCA6F,0xCA70,0xCA71,0xCA72,
0xCA73,0xCA74,0xCA75,0xCA76,0xCA77,0xCA78,0xCA79,0xCA7A,
0xCA7B,0xCA7C,0xCA7E,0xCA7F,0xCA80,0xCA81,0xCA82,0xCA83,
0xCA85,0xCA86,     0,     0,     0,     0,     0,     0,
0xCA87,0xCA88,0xCA89,0xCA8A,0xCA8B,0xCA8C,0xCA8D,0xCA8E,
0xCA8F,0xCA90,0xCA91,0xCA92,0xCA93,0xCA94,0xCA95,0xCA96,
0xCA97,0xCA99,0xCA9A,0xCA9B,0xCA9C,0xCA9D,0xCA9E,0xCA9F,
0xCAA0,0xCAA1,0xCAA2,0xCAA3,0xCAA4,0xCAA5,0xCAA6,0xCAA7,
0x2170,0x2171,0x2172,0x2173,0x2174,0x2175,0x2176,0x2177,
0x2178,0x2179,     0,     0,     0,     0,     0,0x2160,
0x2161,0x2162,0x2163,0x2164,0x2165,0x2166,0x2167,0x2168,
0x2169,     0,     0,     0,     0,     0,     0,     0,
0x0391,0x0392,0x0393,0x0394,0x0395,0x0396,0x0397,0x0398,
0x0399,0x039A,0x039B,0x039C,0x039D,0x039E,0x039F,0x03A0,
0x03A1,0x03A3,0x03A4,0x03A5,0x03A6,0x03A7,0x03A8,0x03A9,
     0,     0,     0,     0,     0,     0,     0,     0,
0x03B1,0x03B2,0x03B3,0x03B4,0x03B5,0x03B6,0x03B7,0x03B8,
0x03B9,0x03BA,0x03BB,0x03BC,0x03BD,0x03BE,0x03BF,0x03C0,
0x03C1,0x03C3,0x03C4,0x03C5,0x03C6,0x03C7,0x03C8,0x03C9,
     0,     0,     0,     0,     0,     0,     0,     0,
     0,     0,     0,     0,     0,     0,     0,     0,
     0,     0,     0,     0,     0,     0,     0,     0,
     0,     0,     0,     0,     0,     0,     0,     0,
     0,     0,     0,     0,     0,     0,     0,     0,
     0,     0,     0,     0,     0,     0,     0,     0,
     0,     0,     0,     0,     0,     0,     0,     0,
     0,     0,     0,     0,     0,     0,     0,     0,
     0,     0,     0,     0,     0,     0,     0,     0,
0xCAA8,0xCAA9,0xCAAA,0xCAAB,0xCAAC,0xCAAD,0xCAAE,0xCAAF,
0xCAB0,0xCAB1,0xCAB2,0xCAB3,0xCAB4,0xCAB5,0xCAB6,0xCAB7,
0xCAB8,0xCAB9,0xCABA,0xCABB,0xCABE,0xCABF,0xCAC1,0xCAC2,
0xCAC3,0xCAC5,     0,     0,     0,     0,     0,     0,
0xCAC6,0xCAC7,0xCAC8,0xCAC9,0xCACA,0xCACB,0xCACE,0xCAD0,
0xCAD2,0xCAD4,0xCAD5,0xCAD6,0xCAD7,0xCADA,0xCADB,0xCADC,
0xCADD,0xCADE,0xCADF,0xCAE1,0xCAE2,0xCAE3,0xCAE4,0xCAE5,
0xCAE6,0xCAE7,     0,     0,     0,     0,     0,     0,
0xCAE8,0xCAE9,0xCAEA,0xCAEB,0xCAED,0xCAEE,0xCAEF,0xCAF0,
0xCAF1,0xCAF2,0xCAF3,0xCAF5,0xCAF6,0xCAF7,0xCAF8,0xCAF9,
0xCAFA,0xCAFB,0xCAFC,0xCAFD,0xCAFE,0xCAFF,0xCB00,0xCB01,
0xCB02,0xCB03,0xCB04,0xCB05,0xCB06,0xCB07,0xCB09,0xCB0A,
0x2500,0x2502,0x250C,0x2510,0x2518,0x2514,0x251C,0x252C,
0x2524,0x2534,0x253C,0x2501,0x2503,0x250F,0x2513,0x251B,
0x2517,0x2523,0x2533,0x252B,0x253B,0x254B,0x2520,0x252F,
0x2528,0x2537,0x253F,0x251D,0x2530,0x2525,0x2538,0x2542,
0x2512,0x2511,0x251A,0x2519,0x2516,0x2515,0x250E,0x250D,
0x251E,0x251F,0x2521,0x2522,0x2526,0x2527,0x2529,0x252A,
0x252D,0x252E,0x2531,0x2532,0x2535,0x2536,0x2539,0x253A,
0x253D,0x253E,0x2540,0x2541,0x2543,0x2544,0x2545,0x2546,
0x2547,0x2548,0x2549,0x254A,     0,     0,     0,     0,
     0,     0,     0,     0,     0,     0,     0,     0,
     0,     0,     0,     0,     0,     0,     0,     0,
     0,     0,     0,     0,     0,     0,     0,     0,
     0,     0,     0,     0,     0,     0,     0,     0,
     0,     0,     0,     0,     0,     0,     0,     0,
     0,     0,     0,     0,     0,     0,     0,     0,
     0,     0,     0,     0,     0,     0,     0,     0,
     0,     0,     0,     0,     0,     0,     0,     0,
     0,     0,     0,     0,     0,     0,     0,     0,
     0,     0,     0,     0,     0,     0,     0,     0,
     0,     0,     0,     0,     0,     0,     0,     0,
0xCB0B,0xCB0C,0xCB0D,0xCB0E,0xCB0F,0xCB11,0xCB12,0xCB13,
0xCB15,0xCB16,0xCB17,0xCB19,0xCB1A,0xCB1B,0xCB1C,0xCB1D,
0xCB1E,0xCB1F,0xCB22,0xCB23,0xCB24,0xCB25,0xCB26,0xCB27,
0xCB28,0xCB29,     0,     0,     0,     0,     0,     0,
0xCB2A,0xCB2B,0xCB2C,0xCB2D,0xCB2E,0xCB2F,0xCB30,0xCB31,
0xCB32,0xCB33,0xCB34,0xCB35,0xCB36,0xCB37,0xCB38,0xCB39,
0xCB3A,0xCB3B,0xCB3C,0xCB3D,0xCB3E,0xCB3F,0xCB40,0xCB42,
0xCB43,0xCB44,     0,     0,     0,     0,     0,     0,
0xCB45,0xCB46,0xCB47,0xCB4A,0xCB4B,0xCB4D,0xCB4E,0xCB4F,
0xCB51,0xCB52,0xCB53,0xCB54,0xCB55,0xCB56,0xCB57,0xCB5A,
0xCB5B,0xCB5C,0xCB5E,0xCB5F,0xCB60,0xCB61,0xCB62,0xCB63,
0xCB65,0xCB66,0xCB67,0xCB68,0xCB69,0xCB6A,0xCB6B,0xCB6C,
0x3395,0x3396,0x3397,0x2113,0x3398,0x33C4,0x33A3,0x33A4,
0x33A5,0x33A6,0x3399,0x339A,0x339B,0x339C,0x339D,0x339E,
0x339F,0x33A0,0x33A1,0x33A2,0x33CA,0x338D,0x338E,0x338F,
0x33CF,0x3388,0x3389,0x33C8,0x33A7,0x33A8,0x33B0,0x33B1,
0x33B2,0x33B3,0x33B4,0x33B5,0x33B6,0x33B7,0x33B8,0x33B9,
0x3380,0x3381,0x3382,0x3383,0x3384,0x33BA,0x33BB,0x33BC,
0x33BD,0x33BE,0x33BF,0x3390,0x3391,0x3392,0x3393,0x3394,
0x2126,0x33C0,0x33C1,0x338A,0x338B,0x338C,0x33D6,0x33C5,
0x33AD,0x33AE,0x33AF,0x33DB,0x33A9,0x33AA,0x33AB,0x33AC,
0x33DD,0x33D0,0x33D3,0x33C3,0x33C9,0x33DC,0x33C6,     0,
     0,     0,     0,     0,     0,     0,     0,     0,
     0,     0,     0,     0,     0,     0,     0,     0,
     0,     0,     0,     0,     0,     0,     0,     0,
     0,     0,     0,     0,     0,     0,     0,     0,
     0,     0,     0,     0,     0,     0,     0,     0,
     0,     0,     0,     0,     0,     0,     0,     0,
     0,     0,     0,     0,     0,     0,     0,     0,
     0,     0,     0,     0,     0,     0,     0,     0,
     0,     0,     0,     0,     0,     0,     0,     0,
     0,     0,     0,     0,     0,     0,     0,     0,
0xCB6D,0xCB6E,0xCB6F,0xCB70,0xCB71,0xCB72,0xCB73,0xCB74,
0xCB75,0xCB76,0xCB77,0xCB7A,0xCB7B,0xCB7C,0xCB7D,0xCB7E,
0xCB7F,0xCB80,0xCB81,0xCB82,0xCB83,0xCB84,0xCB85,0xCB86,
0xCB87,0xCB88,     0,     0,     0,     0,     0,     0,
0xCB89,0xCB8A,0xCB8B,0xCB8C,0xCB8D,0xCB8E,0xCB8F,0xCB90,
0xCB91,0xCB92,0xCB93,0xCB94,0xCB95,0xCB96,0xCB97,0xCB98,
0xCB99,0xCB9A,0xCB9B,0xCB9D,0xCB9E,0xCB9F,0xCBA0,0xCBA1,
0xCBA2,0xCBA3,     0,     0,     0,     0,     0,     0,
0xCBA4,0xCBA5,0xCBA6,0xCBA7,0xCBA8,0xCBA9,0xCBAA,0xCBAB,
0xCBAC,0xCBAD,0xCBAE,0xCBAF,0xCBB0,0xCBB1,0xCBB2,0xCBB3,
0xCBB4,0xCBB5,0xCBB6,0xCBB7,0xCBB9,0xCBBA,0xCBBB,0xCBBC,
0xCBBD,0xCBBE,0xCBBF,0xCBC0,0xCBC1,0xCBC2,0xCBC3,0xCBC4,
0x00C6,0x00D0,0x00AA,0x0126,     0,0x0132,     0,0x013F,
0x0141,0x00D8,0x0152,0x00BA,0x00DE,0x0166,0x014A,     0,
0x3260,0x3261,0x3262,0x3263,0x3264,0x3265,0x3266,0x3267,
0x3268,0x3269,0x326A,0x326B,0x326C,0x326D,0x326E,0x326F,
0x3270,0x3271,0x3272,0x3273,0x3274,0x3275,0x3276,0x3277,
0x3278,0x3279,0x327A,0x327B,0x24D0,0x24D1,0x24D2,0x24D3,
0x24D4,0x24D5,0x24D6,0x24D7,0x24D8,0x24D9,0x24DA,0x24DB,
0x24DC,0x24DD,0x24DE,0x24DF,0x24E0,0x24E1,0x24E2,0x24E3,
0x24E4,0x24E5,0x24E6,0x24E7,0x24E8,0x24E9,0x2460,0x2461,
0x2462,0x2463,0x2464,0x2465,0x2466,0x2467,0x2468,0x2469,
0x246A,0x246B,0x246C,0x246D,0x246E,0x00BD,0x2153,0x2154,
0x00BC,0x00BE,0x215B,0x215C,0x215D,0x215E,     0,     0,
     0,     0,     0,     0,     0,     0,     0,     0,
     0,     0,     0,     0,     0,     0,     0,     0,
     0,     0,     0,     0,     0,     0,     0,     0,
     0,     0,     0,     0,     0,     0,     0,     0,
     0,     0,     0,     0,     0,     0,     0,     0,
     0,     0,     0,     0,     0,     0,     0,     0,
     0,     0,     0,     0,     0,     0,     0,     0,
     0,     0,     0,     0,     0,     0,     0,     0,
0xCBC5,0xCBC6,0xCBC7,0xCBC8,0xCBC9,0xCBCA,0xCBCB,0xCBCC,
0xCBCD,0xCBCE,0xCBCF,0xCBD0,0xCBD1,0xCBD2,0xCBD3,0xCBD5,
0xCBD6,0xCBD7,0xCBD8,0xCBD9,0xCBDA,0xCBDB,0xCBDC,0xCBDD,
0xCBDE,0xCBDF,     0,     0,     0,     0,     0,     0,
0xCBE0,0xCBE1,0xCBE2,0xCBE3,0xCBE5,0xCBE6,0xCBE8,0xCBEA,
0xCBEB,0xCBEC,0xCBED,0xCBEE,0xCBEF,0xCBF0,0xCBF1,0xCBF2,
0xCBF3,0xCBF4,0xCBF5,0xCBF6,0xCBF7,0xCBF8,0xCBF9,0xCBFA,
0xCBFB,0xCBFC,     0,     0,     0,     0,     0,     0,
0xCBFD,0xCBFE,0xCBFF,0xCC00,0xCC01,0xCC02,0xCC03,0xCC04,
0xCC05,0xCC06,0xCC07,0xCC08,0xCC09,0xCC0A,0xCC0B,0xCC0E,
0xCC0F,0xCC11,0xCC12,0xCC13,0xCC15,0xCC16,0xCC17,0xCC18,
0xCC19,0xCC1A,0xCC1B,0xCC1E,0xCC1F,0xCC20,0xCC23,0xCC24,
0x00E6,0x0111,0x00F0,0x0127,0x0131,0x0133,0x0138,0x0140,
0x0142,0x00F8,0x0153,0x00DF,0x00FE,0x0167,0x014B,0x0149,
0x3200,0x3201,0x3202,0x3203,0x3204,0x3205,0x3206,0x3207,
0x3208,0x3209,0x320A,0x320B,0x320C,0x320D,0x320E,0x320F,
0x3210,0x3211,0x3212,0x3213,0x3214,0x3215,0x3216,0x3217,
0x3218,0x3219,0x321A,0x321B,0x249C,0x249D,0x249E,0x249F,
0x24A0,0x24A1,0x24A2,0x24A3,0x24A4,0x24A5,0x24A6,0x24A7,
0x24A8,0x24A9,0x24AA,0x24AB,0x24AC,0x24AD,0x24AE,0x24AF,
0x24B0,0x24B1,0x24B2,0x24B3,0x24B4,0x24B5,0x2474,0x2475,
0x2476,0x2477,0x2478,0x2479,0x247A,0x247B,0x247C,0x247D,
0x247E,0x247F,0x2480,0x2481,0x2482,0x00B9,0x00B2,0x00B3,
0x2074,0x207F,0x2081,0x2082,0x2083,0x2084,     0,     0,
     0,     0,     0,     0,     0,     0,     0,     0,
     0,     0,     0,     0,     0,     0,     0,     0,
     0,     0,     0,     0,     0,     0,     0,     0,
     0,     0,     0,     0,     0,     0,     0,     0,
     0,     0,     0,     0,     0,     0,     0,     0,
     0,     0,     0,     0,     0,     0,     0,     0,
     0,     0,     0,     0,     0,     0,     0,     0,
     0,     0,     0,     0,     0,     0,     0,     0,
0xCC25,0xCC26,0xCC2A,0xCC2B,0xCC2D,0xCC2F,0xCC31,0xCC32,
0xCC33,0xCC34,0xCC35,0xCC36,0xCC37,0xCC3A,0xCC3F,0xCC40,
0xCC41,0xCC42,0xCC43,0xCC46,0xCC47,0xCC49,0xCC4A,0xCC4B,
0xCC4D,0xCC4E,     0,     0,     0,     0,     0,     0,
0xCC4F,0xCC50,0xCC51,0xCC52,0xCC53,0xCC56,0xCC5A,0xCC5B,
0xCC5C,0xCC5D,0xCC5E,0xCC5F,0xCC61,0xCC62,0xCC63,0xCC65,
0xCC67,0xCC69,0xCC6A,0xCC6B,0xCC6C,0xCC6D,0xCC6E,0xCC6F,
0xCC71,0xCC72,     0,     0,     0,     0,     0,     0,
0xCC73,0xCC74,0xCC76,0xCC77,0xCC78,0xCC79,0xCC7A,0xCC7B,
0xCC7C,0xCC7D,0xCC7E,0xCC7F,0xCC80,0xCC81,0xCC82,0xCC83,
0xCC84,0xCC85,0xCC86,0xCC87,0xCC88,0xCC89,0xCC8A,0xCC8B,
0xCC8C,0xCC8D,0xCC8E,0xCC8F,0xCC90,0xCC91,0xCC92,0xCC93,
0x3041,0x3042,0x3043,0x3044,0x3045,0x3046,0x3047,0x3048,
0x3049,0x304A,0x304B,0x304C,0x304D,0x304E,0x304F,0x3050,
0x3051,0x3052,0x3053,0x3054,0x3055,0x3056,0x3057,0x3058,
0x3059,0x305A,0x305B,0x305C,0x305D,0x305E,0x305F,0x3060,
0x3061,0x3062,0x3063,0x3064,0x3065,0x3066,0x3067,0x3068,
0x3069,0x306A,0x306B,0x306C,0x306D,0x306E,0x306F,0x3070,
0x3071,0x3072,0x3073,0x3074,0x3075,0x3076,0x3077,0x3078,
0x3079,0x307A,0x307B,0x307C,0x307D,0x307E,0x307F,0x3080,
0x3081,0x3082,0x3083,0x3084,0x3085,0x3086,0x3087,0x3088,
0x3089,0x308A,0x308B,0x308C,0x308D,0x308E,0x308F,0x3090,
0x3091,0x3092,0x3093,     0,     0,     0,     0,     0,
     0,     0,     0,     0,     0,     0,     0,     0,
     0,     0,     0,     0,     0,     0,     0,     0,
     0,     0,     0,     0,     0,     0,     0,     0,
     0,     0,     0,     0,     0,     0,     0,     0,
     0,     0,     0,     0,     0,     0,     0,     0,
     0,     0,     0,     0,     0,     0,     0,     0,
     0,     0,     0,     0,     0,     0,     0,     0,
     0,     0,     0,     0,     0,     0,     0,     0,
     0,     0,     0,     0,     0,     0,     0,     0,
0xCC94,0xCC95,0xCC96,0xCC97,0xCC9A,0xCC9B,0xCC9D,0xCC9E,
0xCC9F,0xCCA1,0xCCA2,0xCCA3,0xCCA4,0xCCA5,0xCCA6,0xCCA7,
0xCCAA,0xCCAE,0xCCAF,0xCCB0,0xCCB1,0xCCB2,0xCCB3,0xCCB6,
0xCCB7,0xCCB9,     0,     0,     0,     0,     0,     0,
0xCCBA,0xCCBB,0xCCBD,0xCCBE,0xCCBF,0xCCC0,0xCCC1,0xCCC2,
0xCCC3,0xCCC6,0xCCC8,0xCCCA,0xCCCB,0xCCCC,0xCCCD,0xCCCE,
0xCCCF,0xCCD1,0xCCD2,0xCCD3,0xCCD5,0xCCD6,0xCCD7,0xCCD8,
0xCCD9,0xCCDA,     0,     0,     0,     0,     0,     0,
0xCCDB,0xCCDC,0xCCDD,0xCCDE,0xCCDF,0xCCE0,0xCCE1,0xCCE2,
0xCCE3,0xCCE5,0xCCE6,0xCCE7,0xCCE8,0xCCE9,0xCCEA,0xCCEB,
0xCCED,0xCCEE,0xCCEF,0xCCF1,0xCCF2,0xCCF3,0xCCF4,0xCCF5,
0xCCF6,0xCCF7,0xCCF8,0xCCF9,0xCCFA,0xCCFB,0xCCFC,0xCCFD,
0x30A1,0x30A2,0x30A3,0x30A4,0x30A5,0x30A6,0x30A7,0x30A8,
0x30A9,0x30AA,0x30AB,0x30AC,0x30AD,0x30AE,0x30AF,0x30B0,
0x30B1,0x30B2,0x30B3,0x30B4,0x30B5,0x30B6,0x30B7,0x30B8,
0x30B9,0x30BA,0x30BB,0x30BC,0x30BD,0x30BE,0x30BF,0x30C0,
0x30C1,0x30C2,0x30C3,0x30C4,0x30C5,0x30C6,0x30C7,0x30C8,
0x30C9,0x30CA,0x30CB,0x30CC,0x30CD,0x30CE,0x30CF,0x30D0,
0x30D1,0x30D2,0x30D3,0x30D4,0x30D5,0x30D6,0x30D7,0x30D8,
0x30D9,0x30DA,0x30DB,0x30DC,0x30DD,0x30DE,0x30DF,0x30E0,
0x30E1,0x30E2,0x30E3,0x30E4,0x30E5,0x30E6,0x30E7,0x30E8,
0x30E9,0x30EA,0x30EB,0x30EC,0x30ED,0x30EE,0x30EF,0x30F0,
0x30F1,0x30F2,0x30F3,0x30F4,0x30F5,0x30F6,     0,     0,
     0,     0,     0,     0,     0,     0,     0,     0,
     0,     0,     0,     0,     0,     0,     0,     0,
     0,     0,     0,     0,     0,     0,     0,     0,
     0,     0,     0,     0,     0,     0,     0,     0,
     0,     0,     0,     0,     0,     0,     0,     0,
     0,     0,     0,     0,     0,     0,     0,     0,
     0,     0,     0,     0,     0,     0,     0,     0,
     0,     0,     0,     0,     0,     0,     0,     0,
     0,     0,     0,     0,     0,     0,     0,     0,
0xCCFE,0xCCFF,0xCD00,0xCD02,0xCD03,0xCD04,0xCD05,0xCD06,
0xCD07,0xCD0A,0xCD0B,0xCD0D,0xCD0E,0xCD0F,0xCD11,0xCD12,
0xCD13,0xCD14,0xCD15,0xCD16,0xCD17,0xCD1A,0xCD1C,0xCD1E,
0xCD1F,0xCD20,     0,     0,     0,     0,     0,     0,
0xCD21,0xCD22,0xCD23,0xCD25,0xCD26,0xCD27,0xCD29,0xCD2A,
0xCD2B,0xCD2D,0xCD2E,0xCD2F,0xCD30,0xCD31,0xCD32,0xCD33,
0xCD34,0xCD35,0xCD36,0xCD37,0xCD38,0xCD3A,0xCD3B,0xCD3C,
0xCD3D,0xCD3E,     0,     0,     0,     0,     0,     0,
0xCD3F,0xCD40,0xCD41,0xCD42,0xCD43,0xCD44,0xCD45,0xCD46,
0xCD47,0xCD48,0xCD49,0xCD4A,0xCD4B,0xCD4C,0xCD4D,0xCD4E,
0xCD4F,0xCD50,0xCD51,0xCD52,0xCD53,0xCD54,0xCD55,0xCD56,
0xCD57,0xCD58,0xCD59,0xCD5A,0xCD5B,0xCD5D,0xCD5E,0xCD5F,
0x0410,0x0411,0x0412,0x0413,0x0414,0x0415,0x0401,0x0416,
0x0417,0x0418,0x0419,0x041A,0x041B,0x041C,0x041D,0x041E,
0x041F,0x0420,0x0421,0x0422,0x0423,0x0424,0x0425,0x0426,
0x0427,0x0428,0x0429,0x042A,0x042B,0x042C,0x042D,0x042E,
0x042F,     0,     0,     0,     0,     0,     0,     0,
     0,     0,     0,     0,     0,     0,     0,     0,
0x0430,0x0431,0x0432,0x0433,0x0434,0x0435,0x0451,0x0436,
0x0437,0x0438,0x0439,0x043A,0x043B,0x043C,0x043D,0x043E,
0x043F,0x0440,0x0441,0x0442,0x0443,0x0444,0x0445,0x0446,
0x0447,0x0448,0x0449,0x044A,0x044B,0x044C,0x044D,0x044E,
0x044F,     0,     0,     0,     0,     0,     0,     0,
     0,     0,     0,     0,     0,     0,     0,     0,
     0,     0,     0,     0,     0,     0,     0,     0,
     0,     0,     0,     0,     0,     0,     0,     0,
     0,     0,     0,     0,     0,     0,     0,     0,
     0,     0,     0,     0,     0,     0,     0,     0,
     0,     0,     0,     0,     0,     0,     0,     0,
     0,     0,     0,     0,     0,     0,     0,     0,
     0,     0,     0,     0,     0,     0,     0,     0,
     0,     0,     0,     0,     0,     0,     0,     0,
0xCD61,0xCD62,0xCD63,0xCD65,0xCD66,0xCD67,0xCD68,0xCD69,
0xCD6A,0xCD6B,0xCD6E,0xCD70,0xCD72,0xCD73,0xCD74,0xCD75,
0xCD76,0xCD77,0xCD79,0xCD7A,0xCD7B,0xCD7C,0xCD7D,0xCD7E,
0xCD7F,0xCD80,     0,     0,     0,     0,     0,     0,
0xCD81,0xCD82,0xCD83,0xCD84,0xCD85,0xCD86,0xCD87,0xCD89,
0xCD8A,0xCD8B,0xCD8C,0xCD8D,0xCD8E,0xCD8F,0xCD90,0xCD91,
0xCD92,0xCD93,0xCD96,0xCD97,0xCD99,0xCD9A,0xCD9B,0xCD9D,
0xCD9E,0xCD9F,     0,     0,     0,     0,     0,     0,
0xCDA0,0xCDA1,0xCDA2,0xCDA3,0xCDA6,0xCDA8,0xCDAA,0xCDAB,
0xCDAC,0xCDAD,0xCDAE,0xCDAF,0xCDB1,0xCDB2,0xCDB3,0xCDB4,
0xCDB5,0xCDB6,0xCDB7,0xCDB8,0xCDB9,0xCDBA,0xCDBB,0xCDBC,
0xCDBD,0xCDBE,0xCDBF,0xCDC0,0xCDC1,0xCDC2,0xCDC3,0xCDC5,
     0,     0,     0,     0,     0,     0,     0,     0,
     0,     0,     0,     0,     0,     0,     0,     0,
     0,     0,     0,     0,     0,     0,     0,     0,
     0,     0,     0,     0,     0,     0,     0,     0,
     0,     0,     0,     0,     0,     0,     0,     0,
     0,     0,     0,     0,     0,     0,     0,     0,
     0,     0,     0,     0,     0,     0,     0,     0,
     0,     0,     0,     0,     0,     0,     0,     0,
     0,     0,     0,     0,     0,     0,     0,     0,
     0,     0,     0,     0,     0,     0,     0,     0,
     0,     0,     0,     0,     0,     0,     0,     0,
     0,     0,     0,     0,     0,     0,     0,     0,
     0,     0,     0,     0,     0,     0,     0,     0,
     0,     0,     0,     0,     0,     0,     0,     0,
     0,     0,     0,     0,     0,     0,     0,     0,
     0,     0,     0,     0,     0,     0,     0,     0,
     0,     0,     0,     0,     0,     0,     0,     0,
     0,     0,     0,     0,     0,     0,     0,     0,
     0,     0,     0,     0,     0,     0,     0,     0,
     0,     0,     0,     0,     0,     0,     0,     0,
0xCDC6,0xCDC7,0xCDC8,0xCDC9,0xCDCA,0xCDCB,0xCDCD,0xCDCE,
0xCDCF,0xCDD1,0xCDD2,0xCDD3,0xCDD4,0xCDD5,0xCDD6,0xCDD7,
0xCDD8,0xCDD9,0xCDDA,0xCDDB,0xCDDC,0xCDDD,0xCDDE,0xCDDF,
0xCDE0,0xCDE1,     0,     0,     0,     0,     0,     0,
0xCDE2,0xCDE3,0xCDE4,0xCDE5,0xCDE6,0xCDE7,0xCDE9,0xCDEA,
0xCDEB,0xCDED,0xCDEE,0xCDEF,0xCDF1,0xCDF2,0xCDF3,0xCDF4,
0xCDF5,0xCDF6,0xCDF7,0xCDFA,0xCDFC,0xCDFE,0xCDFF,0xCE00,
0xCE01,0xCE02,     0,     0,     0,     0,     0,     0,
0xCE03,0xCE05,0xCE06,0xCE07,0xCE09,0xCE0A,0xCE0B,0xCE0D,
0xCE0E,0xCE0F,0xCE10,0xCE11,0xCE12,0xCE13,0xCE15,0xCE16,
0xCE17,0xCE18,0xCE1A,0xCE1B,0xCE1C,0xCE1D,0xCE1E,0xCE1F,
0xCE22,0xCE23,0xCE25,0xCE26,0xCE27,0xCE29,0xCE2A,0xCE2B,
     0,     0,     0,     0,     0,     0,     0,     0,
     0,     0,     0,     0,     0,     0,     0,     0,
     0,     0,     0,     0,     0,     0,     0,     0,
     0,     0,     0,     0,     0,     0,     0,     0,
     0,     0,     0,     0,     0,     0,     0,     0,
     0,     0,     0,     0,     0,     0,     0,     0,
     0,     0,     0,     0,     0,     0,     0,     0,
     0,     0,     0,     0,     0,     0,     0,     0,
     0,     0,     0,     0,     0,     0,     0,     0,
     0,     0,     0,     0,     0,     0,     0,     0,
     0,     0,     0,     0,     0,     0,     0,     0,
     0,     0,     0,     0,     0,     0,     0,     0,
     0,     0,     0,     0,     0,     0,     0,     0,
     0,     0,     0,     0,     0,     0,     0,     0,
     0,     0,     0,     0,     0,     0,     0,     0,
     0,     0,     0,     0,     0,     0,     0,     0,
     0,     0,     0,     0,     0,     0,     0,     0,
     0,     0,     0,     0,     0,     0,     0,     0,
     0,     0,     0,     0,     0,     0,     0,     0,
     0,     0,     0,     0,     0,     0,     0,     0,
0xCE2C,0xCE2D,0xCE2E,0xCE2F,0xCE32,0xCE34,0xCE36,0xCE37,
0xCE38,0xCE39,0xCE3A,0xCE3B,0xCE3C,0xCE3D,0xCE3E,0xCE3F,
0xCE40,0xCE41,0xCE42,0xCE43,0xCE44,0xCE45,0xCE46,0xCE47,
0xCE48,0xCE49,     0,     0,     0,     0,     0,     0,
0xCE4A,0xCE4B,0xCE4C,0xCE4D,0xCE4E,0xCE4F,0xCE50,0xCE51,
0xCE52,0xCE53,0xCE54,0xCE55,0xCE56,0xCE57,0xCE5A,0xCE5B,
0xCE5D,0xCE5E,0xCE62,0xCE63,0xCE64,0xCE65,0xCE66,0xCE67,
0xCE6A,0xCE6C,     0,     0,     0,     0,     0,     0,
0xCE6E,0xCE6F,0xCE70,0xCE71,0xCE72,0xCE73,0xCE76,0xCE77,
0xCE79,0xCE7A,0xCE7B,0xCE7D,0xCE7E,0xCE7F,0xCE80,0xCE81,
0xCE82,0xCE83,0xCE86,0xCE88,0xCE8A,0xCE8B,0xCE8C,0xCE8D,
0xCE8E,0xCE8F,0xCE92,0xCE93,0xCE95,0xCE96,0xCE97,0xCE99,
     0,     0,     0,     0,     0,     0,     0,     0,
     0,     0,     0,     0,     0,     0,     0,     0,
     0,     0,     0,     0,     0,     0,     0,     0,
     0,     0,     0,     0,     0,     0,     0,     0,
     0,     0,     0,     0,     0,     0,     0,     0,
     0,     0,     0,     0,     0,     0,     0,     0,
     0,     0,     0,     0,     0,     0,     0,     0,
     0,     0,     0,     0,     0,     0,     0,     0,
     0,     0,     0,     0,     0,     0,     0,     0,
     0,     0,     0,     0,     0,     0,     0,     0,
     0,     0,     0,     0,     0,     0,     0,     0,
     0,     0,     0,     0,     0,     0,     0,     0,
     0,     0,     0,     0,     0,     0,     0,     0,
     0,     0,     0,     0,     0,     0,     0,     0,
     0,     0,     0,     0,     0,     0,     0,     0,
     0,     0,     0,     0,     0,     0,     0,     0,
     0,     0,     0,     0,     0,     0,     0,     0,
     0,     0,     0,     0,     0,     0,     0,     0,
     0,     0,     0,     0,     0,     0,     0,     0,
     0,     0,     0,     0,     0,     0,     0,     0,
0xCE9A,0xCE9B,0xCE9C,0xCE9D,0xCE9E,0xCE9F,0xCEA2,0xCEA6,
0xCEA7,0xCEA8,0xCEA9,0xCEAA,0xCEAB,0xCEAE,0xCEAF,0xCEB0,
0xCEB1,0xCEB2,0xCEB3,0xCEB4,0xCEB5,0xCEB6,0xCEB7,0xCEB8,
0xCEB9,0xCEBA,     0,     0,     0,     0,     0,     0,
0xCEBB,0xCEBC,0xCEBD,0xCEBE,0xCEBF,0xCEC0,0xCEC2,0xCEC3,
0xCEC4,0xCEC5,0xCEC6,0xCEC7,0xCEC8,0xCEC9,0xCECA,0xCECB,
0xCECC,0xCECD,0xCECE,0xCECF,0xCED0,0xCED1,0xCED2,0xCED3,
0xCED4,0xCED5,     0,     0,     0,     0,     0,     0,
0xCED6,0xCED7,0xCED8,0xCED9,0xCEDA,0xCEDB,0xCEDC,0xCEDD,
0xCEDE,0xCEDF,0xCEE0,0xCEE1,0xCEE2,0xCEE3,0xCEE6,0xCEE7,
0xCEE9,0xCEEA,0xCEED,0xCEEE,0xCEEF,0xCEF0,0xCEF1,0xCEF2,
0xCEF3,0xCEF6,0xCEFA,0xCEFB,0xCEFC,0xCEFD,0xCEFE,0xCEFF,
0xAC00,0xAC01,0xAC04,0xAC07,0xAC08,0xAC09,0xAC0A,0xAC10,
0xAC11,0xAC12,0xAC13,0xAC14,0xAC15,0xAC16,0xAC17,0xAC19,
0xAC1A,0xAC1B,0xAC1C,0xAC1D,0xAC20,0xAC24,0xAC2C,0xAC2D,
0xAC2F,0xAC30,0xAC31,0xAC38,0xAC39,0xAC3C,0xAC40,0xAC4B,
0xAC4D,0xAC54,0xAC58,0xAC5C,0xAC70,0xAC71,0xAC74,0xAC77,
0xAC78,0xAC7A,0xAC80,0xAC81,0xAC83,0xAC84,0xAC85,0xAC86,
0xAC89,0xAC8A,0xAC8B,0xAC8C,0xAC90,0xAC94,0xAC9C,0xAC9D,
0xAC9F,0xACA0,0xACA1,0xACA8,0xACA9,0xACAA,0xACAC,0xACAF,
0xACB0,0xACB8,0xACB9,0xACBB,0xACBC,0xACBD,0xACC1,0xACC4,
0xACC8,0xACCC,0xACD5,0xACD7,0xACE0,0xACE1,0xACE4,0xACE7,
0xACE8,0xACEA,0xACEC,0xACEF,0xACF0,0xACF1,0xACF3,0xACF5,
0xACF6,0xACFC,0xACFD,0xAD00,0xAD04,0xAD06,     0,     0,
     0,     0,     0,     0,     0,     0,     0,     0,
     0,     0,     0,     0,     0,     0,     0,     0,
     0,     0,     0,     0,     0,     0,     0,     0,
     0,     0,     0,     0,     0,     0,     0,     0,
     0,     0,     0,     0,     0,     0,     0,     0,
     0,     0,     0,     0,     0,     0,     0,     0,
     0,     0,     0,     0,     0,     0,     0,     0,
     0,     0,     0,     0,     0,     0,     0,     0,
0xCF02,0xCF03,0xCF05,0xCF06,0xCF07,0xCF09,0xCF0A,0xCF0B,
0xCF0C,0xCF0D,0xCF0E,0xCF0F,0xCF12,0xCF14,0xCF16,0xCF17,
0xCF18,0xCF19,0xCF1A,0xCF1B,0xCF1D,0xCF1E,0xCF1F,0xCF21,
0xCF22,0xCF23,     0,     0,     0,     0,     0,     0,
0xCF25,0xCF26,0xCF27,0xCF28,0xCF29,0xCF2A,0xCF2B,0xCF2E,
0xCF32,0xCF33,0xCF34,0xCF35,0xCF36,0xCF37,0xCF39,0xCF3A,
0xCF3B,0xCF3C,0xCF3D,0xCF3E,0xCF3F,0xCF40,0xCF41,0xCF42,
0xCF43,0xCF44,     0,     0,     0,     0,     0,     0,
0xCF45,0xCF46,0xCF47,0xCF48,0xCF49,0xCF4A,0xCF4B,0xCF4C,
0xCF4D,0xCF4E,0xCF4F,0xCF50,0xCF51,0xCF52,0xCF53,0xCF56,
0xCF57,0xCF59,0xCF5A,0xCF5B,0xCF5D,0xCF5E,0xCF5F,0xCF60,
0xCF61,0xCF62,0xCF63,0xCF66,0xCF68,0xCF6A,0xCF6B,0xCF6C,
0xAD0C,0xAD0D,0xAD0F,0xAD11,0xAD18,0xAD1C,0xAD20,0xAD29,
0xAD2C,0xAD2D,0xAD34,0xAD35,0xAD38,0xAD3C,0xAD44,0xAD45,
0xAD47,0xAD49,0xAD50,0xAD54,0xAD58,0xAD61,0xAD63,0xAD6C,
0xAD6D,0xAD70,0xAD73,0xAD74,0xAD75,0xAD76,0xAD7B,0xAD7C,
0xAD7D,0xAD7F,0xAD81,0xAD82,0xAD88,0xAD89,0xAD8C,0xAD90,
0xAD9C,0xAD9D,0xADA4,0xADB7,0xADC0,0xADC1,0xADC4,0xADC8,
0xADD0,0xADD1,0xADD3,0xADDC,0xADE0,0xADE4,0xADF8,0xADF9,
0xADFC,0xADFF,0xAE00,0xAE01,0xAE08,0xAE09,0xAE0B,0xAE0D,
0xAE14,0xAE30,0xAE31,0xAE34,0xAE37,0xAE38,0xAE3A,0xAE40,
0xAE41,0xAE43,0xAE45,0xAE46,0xAE4A,0xAE4C,0xAE4D,0xAE4E,
0xAE50,0xAE54,0xAE56,0xAE5C,0xAE5D,0xAE5F,0xAE60,0xAE61,
0xAE65,0xAE68,0xAE69,0xAE6C,0xAE70,0xAE78,     0,     0,
     0,     0,     0,     0,     0,     0,     0,     0,
     0,     0,     0,     0,     0,     0,     0,     0,
     0,     0,     0,     0,     0,     0,     0,     0,
     0,     0,     0,     0,     0,     0,     0,     0,
     0,     0,     0,     0,     0,     0,     0,     0,
     0,     0,     0,     0,     0,     0,     0,     0,
     0,     0,     0,     0,     0,     0,     0,     0,
     0,     0,     0,     0,     0,     0,     0,     0,
0xCF6D,0xCF6E,0xCF6F,0xCF72,0xCF73,0xCF75,0xCF76,0xCF77,
0xCF79,0xCF7A,0xCF7B,0xCF7C,0xCF7D,0xCF7E,0xCF7F,0xCF81,
0xCF82,0xCF83,0xCF84,0xCF86,0xCF87,0xCF88,0xCF89,0xCF8A,
0xCF8B,0xCF8D,     0,     0,     0,     0,     0,     0,
0xCF8E,0xCF8F,0xCF90,0xCF91,0xCF92,0xCF93,0xCF94,0xCF95,
0xCF96,0xCF97,0xCF98,0xCF99,0xCF9A,0xCF9B,0xCF9C,0xCF9D,
0xCF9E,0xCF9F,0xCFA0,0xCFA2,0xCFA3,0xCFA4,0xCFA5,0xCFA6,
0xCFA7,0xCFA9,     0,     0,     0,     0,     0,     0,
0xCFAA,0xCFAB,0xCFAC,0xCFAD,0xCFAE,0xCFAF,0xCFB1,0xCFB2,
0xCFB3,0xCFB4,0xCFB5,0xCFB6,0xCFB7,0xCFB8,0xCFB9,0xCFBA,
0xCFBB,0xCFBC,0xCFBD,0xCFBE,0xCFBF,0xCFC0,0xCFC1,0xCFC2,
0xCFC3,0xCFC5,0xCFC6,0xCFC7,0xCFC8,0xCFC9,0xCFCA,0xCFCB,
0xAE79,0xAE7B,0xAE7C,0xAE7D,0xAE84,0xAE85,0xAE8C,0xAEBC,
0xAEBD,0xAEBE,0xAEC0,0xAEC4,0xAECC,0xAECD,0xAECF,0xAED0,
0xAED1,0xAED8,0xAED9,0xAEDC,0xAEE8,0xAEEB,0xAEED,0xAEF4,
0xAEF8,0xAEFC,0xAF07,0xAF08,0xAF0D,0xAF10,0xAF2C,0xAF2D,
0xAF30,0xAF32,0xAF34,0xAF3C,0xAF3D,0xAF3F,0xAF41,0xAF42,
0xAF43,0xAF48,0xAF49,0xAF50,0xAF5C,0xAF5D,0xAF64,0xAF65,
0xAF79,0xAF80,0xAF84,0xAF88,0xAF90,0xAF91,0xAF95,0xAF9C,
0xAFB8,0xAFB9,0xAFBC,0xAFC0,0xAFC7,0xAFC8,0xAFC9,0xAFCB,
0xAFCD,0xAFCE,0xAFD4,0xAFDC,0xAFE8,0xAFE9,0xAFF0,0xAFF1,
0xAFF4,0xAFF8,0xB000,0xB001,0xB004,0xB00C,0xB010,0xB014,
0xB01C,0xB01D,0xB028,0xB044,0xB045,0xB048,0xB04A,0xB04C,
0xB04E,0xB053,0xB054,0xB055,0xB057,0xB059,     0,     0,
     0,     0,     0,     0,     0,     0,     0,     0,
     0,     0,     0,     0,     0,     0,     0,     0,
     0,     0,     0,     0,     0,     0,     0,     0,
     0,     0,     0,     0,     0,     0,     0,     0,
     0,     0,     0,     0,     0,     0,     0,     0,
     0,     0,     0,     0,     0,     0,     0,     0,
     0,     0,     0,     0,     0,     0,     0,     0,
     0,     0,     0,     0,     0,     0,     0,     0,
0xCFCC,0xCFCD,0xCFCE,0xCFCF,0xCFD0,0xCFD1,0xCFD2,0xCFD3,
0xCFD4,0xCFD5,0xCFD6,0xCFD7,0xCFD8,0xCFD9,0xCFDA,0xCFDB,
0xCFDC,0xCFDD,0xCFDE,0xCFDF,0xCFE2,0xCFE3,0xCFE5,0xCFE6,
0xCFE7,0xCFE9,     0,     0,     0,     0,     0,     0,
0xCFEA,0xCFEB,0xCFEC,0xCFED,0xCFEE,0xCFEF,0xCFF2,0xCFF4,
0xCFF6,0xCFF7,0xCFF8,0xCFF9,0xCFFA,0xCFFB,0xCFFD,0xCFFE,
0xCFFF,0xD001,0xD002,0xD003,0xD005,0xD006,0xD007,0xD008,
0xD009,0xD00A,     0,     0,     0,     0,     0,     0,
0xD00B,0xD00C,0xD00D,0xD00E,0xD00F,0xD010,0xD012,0xD013,
0xD014,0xD015,0xD016,0xD017,0xD019,0xD01A,0xD01B,0xD01C,
0xD01D,0xD01E,0xD01F,0xD020,0xD021,0xD022,0xD023,0xD024,
0xD025,0xD026,0xD027,0xD028,0xD029,0xD02A,0xD02B,0xD02C,
0xB05D,0xB07C,0xB07D,0xB080,0xB084,0xB08C,0xB08D,0xB08F,
0xB091,0xB098,0xB099,0xB09A,0xB09C,0xB09F,0xB0A0,0xB0A1,
0xB0A2,0xB0A8,0xB0A9,0xB0AB,0xB0AC,0xB0AD,0xB0AE,0xB0AF,
0xB0B1,0xB0B3,0xB0B4,0xB0B5,0xB0B8,0xB0BC,0xB0C4,0xB0C5,
0xB0C7,0xB0C8,0xB0C9,0xB0D0,0xB0D1,0xB0D4,0xB0D8,0xB0E0,
0xB0E5,0xB108,0xB109,0xB10B,0xB10C,0xB110,0xB112,0xB113,
0xB118,0xB119,0xB11B,0xB11C,0xB11D,0xB123,0xB124,0xB125,
0xB128,0xB12C,0xB134,0xB135,0xB137,0xB138,0xB139,0xB140,
0xB141,0xB144,0xB148,0xB150,0xB151,0xB154,0xB155,0xB158,
0xB15C,0xB160,0xB178,0xB179,0xB17C,0xB180,0xB182,0xB188,
0xB189,0xB18B,0xB18D,0xB192,0xB193,0xB194,0xB198,0xB19C,
0xB1A8,0xB1CC,0xB1D0,0xB1D4,0xB1DC,0xB1DD,     0,     0,
     0,     0,     0,     0,     0,     0,     0,     0,
     0,     0,     0,     0,     0,     0,     0,     0,
     0,     0,     0,     0,     0,     0,     0,     0,
     0,     0,     0,     0,     0,     0,     0,     0,
     0,     0,     0,     0,     0,     0,     0,     0,
     0,     0,     0,     0,     0,     0,     0,     0,
     0,     0,     0,     0,     0,     0,     0,     0,
     0,     0,     0,     0,     0,     0,     0,     0,
0xD02E,0xD02F,0xD030,0xD031,0xD032,0xD033,0xD036,0xD037,
0xD039,0xD03A,0xD03B,0xD03D,0xD03E,0xD03F,0xD040,0xD041,
0xD042,0xD043,0xD046,0xD048,0xD04A,0xD04B,0xD04C,0xD04D,
0xD04E,0xD04F,     0,     0,     0,     0,     0,     0,
0xD051,0xD052,0xD053,0xD055,0xD056,0xD057,0xD059,0xD05A,
0xD05B,0xD05C,0xD05D,0xD05E,0xD05F,0xD061,0xD062,0xD063,
0xD064,0xD065,0xD066,0xD067,0xD068,0xD069,0xD06A,0xD06B,
0xD06E,0xD06F,     0,     0,     0,     0,     0,     0,
0xD071,0xD072,0xD073,0xD075,0xD076,0xD077,0xD078,0xD079,
0xD07A,0xD07B,0xD07E,0xD07F,0xD080,0xD082,0xD083,0xD084,
0xD085,0xD086,0xD087,0xD088,0xD089,0xD08A,0xD08B,0xD08C,
0xD08D,0xD08E,0xD08F,0xD090,0xD091,0xD092,0xD093,0xD094,
0xB1DF,0xB1E8,0xB1E9,0xB1EC,0xB1F0,0xB1F9,0xB1FB,0xB1FD,
0xB204,0xB205,0xB208,0xB20B,0xB20C,0xB214,0xB215,0xB217,
0xB219,0xB220,0xB234,0xB23C,0xB258,0xB25C,0xB260,0xB268,
0xB269,0xB274,0xB275,0xB27C,0xB284,0xB285,0xB289,0xB290,
0xB291,0xB294,0xB298,0xB299,0xB29A,0xB2A0,0xB2A1,0xB2A3,
0xB2A5,0xB2A6,0xB2AA,0xB2AC,0xB2B0,0xB2B4,0xB2C8,0xB2C9,
0xB2CC,0xB2D0,0xB2D2,0xB2D8,0xB2D9,0xB2DB,0xB2DD,0xB2E2,
0xB2E4,0xB2E5,0xB2E6,0xB2E8,0xB2EB,0xB2EC,0xB2ED,0xB2EE,
0xB2EF,0xB2F3,0xB2F4,0xB2F5,0xB2F7,0xB2F8,0xB2F9,0xB2FA,
0xB2FB,0xB2FF,0xB300,0xB301,0xB304,0xB308,0xB310,0xB311,
0xB313,0xB314,0xB315,0xB31C,0xB354,0xB355,0xB356,0xB358,
0xB35B,0xB35C,0xB35E,0xB35F,0xB364,0xB365,     0,     0,
     0,     0,     0,     0,     0,     0,     0,     0,
     0,     0,     0,     0,     0,     0,     0,     0,
     0,     0,     0,     0,     0,     0,     0,     0,
     0,     0,     0,     0,     0,     0,     0,     0,
     0,     0,     0,     0,     0,     0,     0,     0,
     0,     0,     0,     0,     0,     0,     0,     0,
     0,     0,     0,     0,     0,     0,     0,     0,
     0,     0,     0,     0,     0,     0,     0,     0,
0xD095,0xD096,0xD097,0xD098,0xD099,0xD09A,0xD09B,0xD09C,
0xD09D,0xD09E,0xD09F,0xD0A0,0xD0A1,0xD0A2,0xD0A3,0xD0A6,
0xD0A7,0xD0A9,0xD0AA,0xD0AB,0xD0AD,0xD0AE,0xD0AF,0xD0B0,
0xD0B1,0xD0B2,     0,     0,     0,     0,     0,     0,
0xD0B3,0xD0B6,0xD0B8,0xD0BA,0xD0BB,0xD0BC,0xD0BD,0xD0BE,
0xD0BF,0xD0C2,0xD0C3,0xD0C5,0xD0C6,0xD0C7,0xD0CA,0xD0CB,
0xD0CC,0xD0CD,0xD0CE,0xD0CF,0xD0D2,0xD0D6,0xD0D7,0xD0D8,
0xD0D9,0xD0DA,     0,     0,     0,     0,     0,     0,
0xD0DB,0xD0DE,0xD0DF,0xD0E1,0xD0E2,0xD0E3,0xD0E5,0xD0E6,
0xD0E7,0xD0E8,0xD0E9,0xD0EA,0xD0EB,0xD0EE,0xD0F2,0xD0F3,
0xD0F4,0xD0F5,0xD0F6,0xD0F7,0xD0F9,0xD0FA,0xD0FB,0xD0FC,
0xD0FD,0xD0FE,0xD0FF,0xD100,0xD101,0xD102,0xD103,0xD104,
0xB367,0xB369,0xB36B,0xB36E,0xB370,0xB371,0xB374,0xB378,
0xB380,0xB381,0xB383,0xB384,0xB385,0xB38C,0xB390,0xB394,
0xB3A0,0xB3A1,0xB3A8,0xB3AC,0xB3C4,0xB3C5,0xB3C8,0xB3CB,
0xB3CC,0xB3CE,0xB3D0,0xB3D4,0xB3D5,0xB3D7,0xB3D9,0xB3DB,
0xB3DD,0xB3E0,0xB3E4,0xB3E8,0xB3FC,0xB410,0xB418,0xB41C,
0xB420,0xB428,0xB429,0xB42B,0xB434,0xB450,0xB451,0xB454,
0xB458,0xB460,0xB461,0xB463,0xB465,0xB46C,0xB480,0xB488,
0xB49D,0xB4A4,0xB4A8,0xB4AC,0xB4B5,0xB4B7,0xB4B9,0xB4C0,
0xB4C4,0xB4C8,0xB4D0,0xB4D5,0xB4DC,0xB4DD,0xB4E0,0xB4E3,
0xB4E4,0xB4E6,0xB4EC,0xB4ED,0xB4EF,0xB4F1,0xB4F8,0xB514,
0xB515,0xB518,0xB51B,0xB51C,0xB524,0xB525,0xB527,0xB528,
0xB529,0xB52A,0xB530,0xB531,0xB534,0xB538,     0,     0,
     0,     0,     0,     0,     0,     0,     0,     0,
     0,     0,     0,     0,     0,     0,     0,     0,
     0,     0,     0,     0,     0,     0,     0,     0,
     0,     0,     0,     0,     0,     0,     0,     0,
     0,     0,     0,     0,     0,     0,     0,     0,
     0,     0,     0,     0,     0,     0,     0,     0,
     0,     0,     0,     0,     0,     0,     0,     0,
     0,     0,     0,     0,     0,     0,     0,     0,
0xD105,0xD106,0xD107,0xD108,0xD109,0xD10A,0xD10B,0xD10C,
0xD10E,0xD10F,0xD110,0xD111,0xD112,0xD113,0xD114,0xD115,
0xD116,0xD117,0xD118,0xD119,0xD11A,0xD11B,0xD11C,0xD11D,
0xD11E,0xD11F,     0,     0,     0,     0,     0,     0,
0xD120,0xD121,0xD122,0xD123,0xD124,0xD125,0xD126,0xD127,
0xD128,0xD129,0xD12A,0xD12B,0xD12C,0xD12D,0xD12E,0xD12F,
0xD132,0xD133,0xD135,0xD136,0xD137,0xD139,0xD13B,0xD13C,
0xD13D,0xD13E,     0,     0,     0,     0,     0,     0,
0xD13F,0xD142,0xD146,0xD147,0xD148,0xD149,0xD14A,0xD14B,
0xD14E,0xD14F,0xD151,0xD152,0xD153,0xD155,0xD156,0xD157,
0xD158,0xD159,0xD15A,0xD15B,0xD15E,0xD160,0xD162,0xD163,
0xD164,0xD165,0xD166,0xD167,0xD169,0xD16A,0xD16B,0xD16D,
0xB540,0xB541,0xB543,0xB544,0xB545,0xB54B,0xB54C,0xB54D,
0xB550,0xB554,0xB55C,0xB55D,0xB55F,0xB560,0xB561,0xB5A0,
0xB5A1,0xB5A4,0xB5A8,0xB5AA,0xB5AB,0xB5B0,0xB5B1,0xB5B3,
0xB5B4,0xB5B5,0xB5BB,0xB5BC,0xB5BD,0xB5C0,0xB5C4,0xB5CC,
0xB5CD,0xB5CF,0xB5D0,0xB5D1,0xB5D8,0xB5EC,0xB610,0xB611,
0xB614,0xB618,0xB625,0xB62C,0xB634,0xB648,0xB664,0xB668,
0xB69C,0xB69D,0xB6A0,0xB6A4,0xB6AB,0xB6AC,0xB6B1,0xB6D4,
0xB6F0,0xB6F4,0xB6F8,0xB700,0xB701,0xB705,0xB728,0xB729,
0xB72C,0xB72F,0xB730,0xB738,0xB739,0xB73B,0xB744,0xB748,
0xB74C,0xB754,0xB755,0xB760,0xB764,0xB768,0xB770,0xB771,
0xB773,0xB775,0xB77C,0xB77D,0xB780,0xB784,0xB78C,0xB78D,
0xB78F,0xB790,0xB791,0xB792,0xB796,0xB797,     0,     0,
     0,     0,     0,     0,     0,     0,     0,     0,
     0,     0,     0,     0,     0,     0,     0,     0,
     0,     0,     0,     0,     0,     0,     0,     0,
     0,     0,     0,     0,     0,     0,     0,     0,
     0,     0,     0,     0,     0,     0,     0,     0,
     0,     0,     0,     0,     0,     0,     0,     0,
     0,     0,     0,     0,     0,     0,     0,     0,
     0,     0,     0,     0,     0,     0,     0,     0,
0xD16E,0xD16F,0xD170,0xD171,0xD172,0xD173,0xD174,0xD175,
0xD176,0xD177,0xD178,0xD179,0xD17A,0xD17B,0xD17D,0xD17E,
0xD17F,0xD180,0xD181,0xD182,0xD183,0xD185,0xD186,0xD187,
0xD189,0xD18A,     0,     0,     0,     0,     0,     0,
0xD18B,0xD18C,0xD18D,0xD18E,0xD18F,0xD190,0xD191,0xD192,
0xD193,0xD194,0xD195,0xD196,0xD197,0xD198,0xD199,0xD19A,
0xD19B,0xD19C,0xD19D,0xD19E,0xD19F,0xD1A2,0xD1A3,0xD1A5,
0xD1A6,0xD1A7,     0,     0,     0,     0,     0,     0,
0xD1A9,0xD1AA,0xD1AB,0xD1AC,0xD1AD,0xD1AE,0xD1AF,0xD1B2,
0xD1B4,0xD1B6,0xD1B7,0xD1B8,0xD1B9,0xD1BB,0xD1BD,0xD1BE,
0xD1BF,0xD1C1,0xD1C2,0xD1C3,0xD1C4,0xD1C5,0xD1C6,0xD1C7,
0xD1C8,0xD1C9,0xD1CA,0xD1CB,0xD1CC,0xD1CD,0xD1CE,0xD1CF,
0xB798,0xB799,0xB79C,0xB7A0,0xB7A8,0xB7A9,0xB7AB,0xB7AC,
0xB7AD,0xB7B4,0xB7B5,0xB7B8,0xB7C7,0xB7C9,0xB7EC,0xB7ED,
0xB7F0,0xB7F4,0xB7FC,0xB7FD,0xB7FF,0xB800,0xB801,0xB807,
0xB808,0xB809,0xB80C,0xB810,0xB818,0xB819,0xB81B,0xB81D,
0xB824,0xB825,0xB828,0xB82C,0xB834,0xB835,0xB837,0xB838,
0xB839,0xB840,0xB844,0xB851,0xB853,0xB85C,0xB85D,0xB860,
0xB864,0xB86C,0xB86D,0xB86F,0xB871,0xB878,0xB87C,0xB88D,
0xB8A8,0xB8B0,0xB8B4,0xB8B8,0xB8C0,0xB8C1,0xB8C3,0xB8C5,
0xB8CC,0xB8D0,0xB8D4,0xB8DD,0xB8DF,0xB8E1,0xB8E8,0xB8E9,
0xB8EC,0xB8F0,0xB8F8,0xB8F9,0xB8FB,0xB8FD,0xB904,0xB918,
0xB920,0xB93C,0xB93D,0xB940,0xB944,0xB94C,0xB94F,0xB951,
0xB958,0xB959,0xB95C,0xB960,0xB968,0xB969,     0,     0,
     0,     0,     0,     0,     0,     0,     0,     0,
     0,     0,     0,     0,     0,     0,     0,     0,
     0,     0,     0,     0,     0,     0,     0,     0,
     0,     0,     0,     0,     0,     0,     0,     0,
     0,     0,     0,     0,     0,     0,     0,     0,
     0,     0,     0,     0,     0,     0,     0,     0,
     0,     0,     0,     0,     0,     0,     0,     0,
     0,     0,     0,     0,     0,     0,     0,     0,
0xD1D0,0xD1D1,0xD1D2,0xD1D3,0xD1D4,0xD1D5,0xD1D6,0xD1D7,
0xD1D9,0xD1DA,0xD1DB,0xD1DC,0xD1DD,0xD1DE,0xD1DF,0xD1E0,
0xD1E1,0xD1E2,0xD1E3,0xD1E4,0xD1E5,0xD1E6,0xD1E7,0xD1E8,
0xD1E9,0xD1EA,     0,     0,     0,     0,     0,     0,
0xD1EB,0xD1EC,0xD1ED,0xD1EE,0xD1EF,0xD1F0,0xD1F1,0xD1F2,
0xD1F3,0xD1F5,0xD1F6,0xD1F7,0xD1F9,0xD1FA,0xD1FB,0xD1FC,
0xD1FD,0xD1FE,0xD1FF,0xD200,0xD201,0xD202,0xD203,0xD204,
0xD205,0xD206,     0,     0,     0,     0,     0,     0,
0xD208,0xD20A,0xD20B,0xD20C,0xD20D,0xD20E,0xD20F,0xD211,
0xD212,0xD213,0xD214,0xD215,0xD216,0xD217,0xD218,0xD219,
0xD21A,0xD21B,0xD21C,0xD21D,0xD21E,0xD21F,0xD220,0xD221,
0xD222,0xD223,0xD224,0xD225,0xD226,0xD227,0xD228,0xD229,
0xB96B,0xB96D,0xB974,0xB975,0xB978,0xB97C,0xB984,0xB985,
0xB987,0xB989,0xB98A,0xB98D,0xB98E,0xB9AC,0xB9AD,0xB9B0,
0xB9B4,0xB9BC,0xB9BD,0xB9BF,0xB9C1,0xB9C8,0xB9C9,0xB9CC,
0xB9CE,0xB9CF,0xB9D0,0xB9D1,0xB9D2,0xB9D8,0xB9D9,0xB9DB,
0xB9DD,0xB9DE,0xB9E1,0xB9E3,0xB9E4,0xB9E5,0xB9E8,0xB9EC,
0xB9F4,0xB9F5,0xB9F7,0xB9F8,0xB9F9,0xB9FA,0xBA00,0xBA01,
0xBA08,0xBA15,0xBA38,0xBA39,0xBA3C,0xBA40,0xBA42,0xBA48,
0xBA49,0xBA4B,0xBA4D,0xBA4E,0xBA53,0xBA54,0xBA55,0xBA58,
0xBA5C,0xBA64,0xBA65,0xBA67,0xBA68,0xBA69,0xBA70,0xBA71,
0xBA74,0xBA78,0xBA83,0xBA84,0xBA85,0xBA87,0xBA8C,0xBAA8,
0xBAA9,0xBAAB,0xBAAC,0xBAB0,0xBAB2,0xBAB8,0xBAB9,0xBABB,
0xBABD,0xBAC4,0xBAC8,0xBAD8,0xBAD9,0xBAFC,     0,     0,
     0,     0,     0,     0,     0,     0,     0,     0,
     0,     0,     0,     0,     0,     0,     0,     0,
     0,     0,     0,     0,     0,     0,     0,     0,
     0,     0,     0,     0,     0,     0,     0,     0,
     0,     0,     0,     0,     0,     0,     0,     0,
     0,     0,     0,     0,     0,     0,     0,     0,
     0,     0,     0,     0,     0,     0,     0,     0,
     0,     0,     0,     0,     0,     0,     0,     0,
0xD22A,0xD22B,0xD22E,0xD22F,0xD231,0xD232,0xD233,0xD235,
0xD236,0xD237,0xD238,0xD239,0xD23A,0xD23B,0xD23E,0xD240,
0xD242,0xD243,0xD244,0xD245,0xD246,0xD247,0xD249,0xD24A,
0xD24B,0xD24C,     0,     0,     0,     0,     0,     0,
0xD24D,0xD24E,0xD24F,0xD250,0xD251,0xD252,0xD253,0xD254,
0xD255,0xD256,0xD257,0xD258,0xD259,0xD25A,0xD25B,0xD25D,
0xD25E,0xD25F,0xD260,0xD261,0xD262,0xD263,0xD265,0xD266,
0xD267,0xD268,     0,     0,     0,     0,     0,     0,
0xD269,0xD26A,0xD26B,0xD26C,0xD26D,0xD26E,0xD26F,0xD270,
0xD271,0xD272,0xD273,0xD274,0xD275,0xD276,0xD277,0xD278,
0xD279,0xD27A,0xD27B,0xD27C,0xD27D,0xD27E,0xD27F,0xD282,
0xD283,0xD285,0xD286,0xD287,0xD289,0xD28A,0xD28B,0xD28C,
0xBB00,0xBB04,0xBB0D,0xBB0F,0xBB11,0xBB18,0xBB1C,0xBB20,
0xBB29,0xBB2B,0xBB34,0xBB35,0xBB36,0xBB38,0xBB3B,0xBB3C,
0xBB3D,0xBB3E,0xBB44,0xBB45,0xBB47,0xBB49,0xBB4D,0xBB4F,
0xBB50,0xBB54,0xBB58,0xBB61,0xBB63,0xBB6C,0xBB88,0xBB8C,
0xBB90,0xBBA4,0xBBA8,0xBBAC,0xBBB4,0xBBB7,0xBBC0,0xBBC4,
0xBBC8,0xBBD0,0xBBD3,0xBBF8,0xBBF9,0xBBFC,0xBBFF,0xBC00,
0xBC02,0xBC08,0xBC09,0xBC0B,0xBC0C,0xBC0D,0xBC0F,0xBC11,
0xBC14,0xBC15,0xBC16,0xBC17,0xBC18,0xBC1B,0xBC1C,0xBC1D,
0xBC1E,0xBC1F,0xBC24,0xBC25,0xBC27,0xBC29,0xBC2D,0xBC30,
0xBC31,0xBC34,0xBC38,0xBC40,0xBC41,0xBC43,0xBC44,0xBC45,
0xBC49,0xBC4C,0xBC4D,0xBC50,0xBC5D,0xBC84,0xBC85,0xBC88,
0xBC8B,0xBC8C,0xBC8E,0xBC94,0xBC95,0xBC97,     0,     0,
     0,     0,     0,     0,     0,     0,     0,     0,
     0,     0,     0,     0,     0,     0,     0,     0,
     0,     0,     0,     0,     0,     0,     0,     0,
     0,     0,     0,     0,     0,     0,     0,     0,
     0,     0,     0,     0,     0,     0,     0,     0,
     0,     0,     0,     0,     0,     0,     0,     0,
     0,     0,     0,     0,     0,     0,     0,     0,
     0,     0,     0,     0,     0,     0,     0,     0,
0xD28D,0xD28E,0xD28F,0xD292,0xD293,0xD294,0xD296,0xD297,
0xD298,0xD299,0xD29A,0xD29B,0xD29D,0xD29E,0xD29F,0xD2A1,
0xD2A2,0xD2A3,0xD2A5,0xD2A6,0xD2A7,0xD2A8,0xD2A9,0xD2AA,
0xD2AB,0xD2AD,     0,     0,     0,     0,     0,     0,
0xD2AE,0xD2AF,0xD2B0,0xD2B2,0xD2B3,0xD2B4,0xD2B5,0xD2B6,
0xD2B7,0xD2BA,0xD2BB,0xD2BD,0xD2BE,0xD2C1,0xD2C3,0xD2C4,
0xD2C5,0xD2C6,0xD2C7,0xD2CA,0xD2CC,0xD2CD,0xD2CE,0xD2CF,
0xD2D0,0xD2D1,     0,     0,     0,     0,     0,     0,
0xD2D2,0xD2D3,0xD2D5,0xD2D6,0xD2D7,0xD2D9,0xD2DA,0xD2DB,
0xD2DD,0xD2DE,0xD2DF,0xD2E0,0xD2E1,0xD2E2,0xD2E3,0xD2E6,
0xD2E7,0xD2E8,0xD2E9,0xD2EA,0xD2EB,0xD2EC,0xD2ED,0xD2EE,
0xD2EF,0xD2F2,0xD2F3,0xD2F5,0xD2F6,0xD2F7,0xD2F9,0xD2FA,
0xBC99,0xBC9A,0xBCA0,0xBCA1,0xBCA4,0xBCA7,0xBCA8,0xBCB0,
0xBCB1,0xBCB3,0xBCB4,0xBCB5,0xBCBC,0xBCBD,0xBCC0,0xBCC4,
0xBCCD,0xBCCF,0xBCD0,0xBCD1,0xBCD5,0xBCD8,0xBCDC,0xBCF4,
0xBCF5,0xBCF6,0xBCF8,0xBCFC,0xBD04,0xBD05,0xBD07,0xBD09,
0xBD10,0xBD14,0xBD24,0xBD2C,0xBD40,0xBD48,0xBD49,0xBD4C,
0xBD50,0xBD58,0xBD59,0xBD64,0xBD68,0xBD80,0xBD81,0xBD84,
0xBD87,0xBD88,0xBD89,0xBD8A,0xBD90,0xBD91,0xBD93,0xBD95,
0xBD99,0xBD9A,0xBD9C,0xBDA4,0xBDB0,0xBDB8,0xBDD4,0xBDD5,
0xBDD8,0xBDDC,0xBDE9,0xBDF0,0xBDF4,0xBDF8,0xBE00,0xBE03,
0xBE05,0xBE0C,0xBE0D,0xBE10,0xBE14,0xBE1C,0xBE1D,0xBE1F,
0xBE44,0xBE45,0xBE48,0xBE4C,0xBE4E,0xBE54,0xBE55,0xBE57,
0xBE59,0xBE5A,0xBE5B,0xBE60,0xBE61,0xBE64,     0,     0,
     0,     0,     0,     0,     0,     0,     0,     0,
     0,     0,     0,     0,     0,     0,     0,     0,
     0,     0,     0,     0,     0,     0,     0,     0,
     0,     0,     0,     0,     0,     0,     0,     0,
     0,     0,     0,     0,     0,     0,     0,     0,
     0,     0,     0,     0,     0,     0,     0,     0,
     0,     0,     0,     0,     0,     0,     0,     0,
     0,     0,     0,     0,     0,     0,     0,     0,
0xD2FB,0xD2FC,0xD2FD,0xD2FE,0xD2FF,0xD302,0xD304,0xD306,
0xD307,0xD308,0xD309,0xD30A,0xD30B,0xD30F,0xD311,0xD312,
0xD313,0xD315,0xD317,0xD318,0xD319,0xD31A,0xD31B,0xD31E,
0xD322,0xD323,     0,     0,     0,     0,     0,     0,
0xD324,0xD326,0xD327,0xD32A,0xD32B,0xD32D,0xD32E,0xD32F,
0xD331,0xD332,0xD333,0xD334,0xD335,0xD336,0xD337,0xD33A,
0xD33E,0xD33F,0xD340,0xD341,0xD342,0xD343,0xD346,0xD347,
0xD348,0xD349,     0,     0,     0,     0,     0,     0,
0xD34A,0xD34B,0xD34C,0xD34D,0xD34E,0xD34F,0xD350,0xD351,
0xD352,0xD353,0xD354,0xD355,0xD356,0xD357,0xD358,0xD359,
0xD35A,0xD35B,0xD35C,0xD35D,0xD35E,0xD35F,0xD360,0xD361,
0xD362,0xD363,0xD364,0xD365,0xD366,0xD367,0xD368,0xD369,
0xBE68,0xBE6A,0xBE70,0xBE71,0xBE73,0xBE74,0xBE75,0xBE7B,
0xBE7C,0xBE7D,0xBE80,0xBE84,0xBE8C,0xBE8D,0xBE8F,0xBE90,
0xBE91,0xBE98,0xBE99,0xBEA8,0xBED0,0xBED1,0xBED4,0xBED7,
0xBED8,0xBEE0,0xBEE3,0xBEE4,0xBEE5,0xBEEC,0xBF01,0xBF08,
0xBF09,0xBF18,0xBF19,0xBF1B,0xBF1C,0xBF1D,0xBF40,0xBF41,
0xBF44,0xBF48,0xBF50,0xBF51,0xBF55,0xBF94,0xBFB0,0xBFC5,
0xBFCC,0xBFCD,0xBFD0,0xBFD4,0xBFDC,0xBFDF,0xBFE1,0xC03C,
0xC051,0xC058,0xC05C,0xC060,0xC068,0xC069,0xC090,0xC091,
0xC094,0xC098,0xC0A0,0xC0A1,0xC0A3,0xC0A5,0xC0AC,0xC0AD,
0xC0AF,0xC0B0,0xC0B3,0xC0B4,0xC0B5,0xC0B6,0xC0BC,0xC0BD,
0xC0BF,0xC0C0,0xC0C1,0xC0C5,0xC0C8,0xC0C9,0xC0CC,0xC0D0,
0xC0D8,0xC0D9,0xC0DB,0xC0DC,0xC0DD,0xC0E4,     0,     0,
     0,     0,     0,     0,     0,     0,     0,     0,
     0,     0,     0,     0,     0,     0,     0,     0,
     0,     0,     0,     0,     0,     0,     0,     0,
     0,     0,     0,     0,     0,     0,     0,     0,
     0,     0,     0,     0,     0,     0,     0,     0,
     0,     0,     0,     0,     0,     0,     0,     0,
     0,     0,     0,     0,     0,     0,     0,     0,
     0,     0,     0,     0,     0,     0,     0,     0,
0xD36A,0xD36B,0xD36C,0xD36D,0xD36E,0xD36F,0xD370,0xD371,
0xD372,0xD373,0xD374,0xD375,0xD376,0xD377,0xD378,0xD379,
0xD37A,0xD37B,0xD37E,0xD37F,0xD381,0xD382,0xD383,0xD385,
0xD386,0xD387,     0,     0,     0,     0,     0,     0,
0xD388,0xD389,0xD38A,0xD38B,0xD38E,0xD392,0xD393,0xD394,
0xD395,0xD396,0xD397,0xD39A,0xD39B,0xD39D,0xD39E,0xD39F,
0xD3A1,0xD3A2,0xD3A3,0xD3A4,0xD3A5,0xD3A6,0xD3A7,0xD3AA,
0xD3AC,0xD3AE,     0,     0,     0,     0,     0,     0,
0xD3AF,0xD3B0,0xD3B1,0xD3B2,0xD3B3,0xD3B5,0xD3B6,0xD3B7,
0xD3B9,0xD3BA,0xD3BB,0xD3BD,0xD3BE,0xD3BF,0xD3C0,0xD3C1,
0xD3C2,0xD3C3,0xD3C6,0xD3C7,0xD3CA,0xD3CB,0xD3CC,0xD3CD,
0xD3CE,0xD3CF,0xD3D1,0xD3D2,0xD3D3,0xD3D4,0xD3D5,0xD3D6,
0xC0E5,0xC0E8,0xC0EC,0xC0F4,0xC0F5,0xC0F7,0xC0F9,0xC100,
0xC104,0xC108,0xC110,0xC115,0xC11C,0xC11D,0xC11E,0xC11F,
0xC120,0xC123,0xC124,0xC126,0xC127,0xC12C,0xC12D,0xC12F,
0xC130,0xC131,0xC136,0xC138,0xC139,0xC13C,0xC140,0xC148,
0xC149,0xC14B,0xC14C,0xC14D,0xC154,0xC155,0xC158,0xC15C,
0xC164,0xC165,0xC167,0xC168,0xC169,0xC170,0xC174,0xC178,
0xC185,0xC18C,0xC18D,0xC18E,0xC190,0xC194,0xC196,0xC19C,
0xC19D,0xC19F,0xC1A1,0xC1A5,0xC1A8,0xC1A9,0xC1AC,0xC1B0,
0xC1BD,0xC1C4,0xC1C8,0xC1CC,0xC1D4,0xC1D7,0xC1D8,0xC1E0,
0xC1E4,0xC1E8,0xC1F0,0xC1F1,0xC1F3,0xC1FC,0xC1FD,0xC200,
0xC204,0xC20C,0xC20D,0xC20F,0xC211,0xC218,0xC219,0xC21C,
0xC21F,0xC220,0xC228,0xC229,0xC22B,0xC22D,     0,     0,
     0,     0,     0,     0,     0,     0,     0,     0,
     0,     0,     0,     0,     0,     0,     0,     0,
     0,     0,     0,     0,     0,     0,     0,     0,
     0,     0,     0,     0,     0,     0,     0,     0,
     0,     0,     0,     0,     0,     0,     0,     0,
     0,     0,     0,     0,     0,     0,     0,     0,
     0,     0,     0,     0,     0,     0,     0,     0,
     0,     0,     0,     0,     0,     0,     0,     0,
0xD3D7,0xD3D9,0xD3DA,0xD3DB,0xD3DC,0xD3DD,0xD3DE,0xD3DF,
0xD3E0,0xD3E2,0xD3E4,0xD3E5,0xD3E6,0xD3E7,0xD3E8,0xD3E9,
0xD3EA,0xD3EB,0xD3EE,0xD3EF,0xD3F1,0xD3F2,0xD3F3,0xD3F5,
0xD3F6,0xD3F7,     0,     0,     0,     0,     0,     0,
0xD3F8,0xD3F9,0xD3FA,0xD3FB,0xD3FE,0xD400,0xD402,0xD403,
0xD404,0xD405,0xD406,0xD407,0xD409,0xD40A,0xD40B,0xD40C,
0xD40D,0xD40E,0xD40F,0xD410,0xD411,0xD412,0xD413,0xD414,
0xD415,0xD416,     0,     0,     0,     0,     0,     0,
0xD417,0xD418,0xD419,0xD41A,0xD41B,0xD41C,0xD41E,0xD41F,
0xD420,0xD421,0xD422,0xD423,0xD424,0xD425,0xD426,0xD427,
0xD428,0xD429,0xD42A,0xD42B,0xD42C,0xD42D,0xD42E,0xD42F,
0xD430,0xD431,0xD432,0xD433,0xD434,0xD435,0xD436,0xD437,
0xC22F,0xC231,0xC232,0xC234,0xC248,0xC250,0xC251,0xC254,
0xC258,0xC260,0xC265,0xC26C,0xC26D,0xC270,0xC274,0xC27C,
0xC27D,0xC27F,0xC281,0xC288,0xC289,0xC290,0xC298,0xC29B,
0xC29D,0xC2A4,0xC2A5,0xC2A8,0xC2AC,0xC2AD,0xC2B4,0xC2B5,
0xC2B7,0xC2B9,0xC2DC,0xC2DD,0xC2E0,0xC2E3,0xC2E4,0xC2EB,
0xC2EC,0xC2ED,0xC2EF,0xC2F1,0xC2F6,0xC2F8,0xC2F9,0xC2FB,
0xC2FC,0xC300,0xC308,0xC309,0xC30C,0xC30D,0xC313,0xC314,
0xC315,0xC318,0xC31C,0xC324,0xC325,0xC328,0xC329,0xC345,
0xC368,0xC369,0xC36C,0xC370,0xC372,0xC378,0xC379,0xC37C,
0xC37D,0xC384,0xC388,0xC38C,0xC3C0,0xC3D8,0xC3D9,0xC3DC,
0xC3DF,0xC3E0,0xC3E2,0xC3E8,0xC3E9,0xC3ED,0xC3F4,0xC3F5,
0xC3F8,0xC408,0xC410,0xC424,0xC42C,0xC430,     0,     0,
     0,     0,     0,     0,     0,     0,     0,     0,
     0,     0,     0,     0,     0,     0,     0,     0,
     0,     0,     0,     0,     0,     0,     0,     0,
     0,     0,     0,     0,     0,     0,     0,     0,
     0,     0,     0,     0,     0,     0,     0,     0,
     0,     0,     0,     0,     0,     0,     0,     0,
     0,     0,     0,     0,     0,     0,     0,     0,
     0,     0,     0,     0,     0,     0,     0,     0,
0xD438,0xD439,0xD43A,0xD43B,0xD43C,0xD43D,0xD43E,0xD43F,
0xD441,0xD442,0xD443,0xD445,0xD446,0xD447,0xD448,0xD449,
0xD44A,0xD44B,0xD44C,0xD44D,0xD44E,0xD44F,0xD450,0xD451,
0xD452,0xD453,     0,     0,     0,     0,     0,     0,
0xD454,0xD455,0xD456,0xD457,0xD458,0xD459,0xD45A,0xD45B,
0xD45D,0xD45E,0xD45F,0xD461,0xD462,0xD463,0xD465,0xD466,
0xD467,0xD468,0xD469,0xD46A,0xD46B,0xD46C,0xD46E,0xD470,
0xD471,0xD472,     0,     0,     0,     0,     0,     0,
0xD473,0xD474,0xD475,0xD476,0xD477,0xD47A,0xD47B,0xD47D,
0xD47E,0xD481,0xD483,0xD484,0xD485,0xD486,0xD487,0xD48A,
0xD48C,0xD48E,0xD48F,0xD490,0xD491,0xD492,0xD493,0xD495,
0xD496,0xD497,0xD498,0xD499,0xD49A,0xD49B,0xD49C,0xD49D,
0xC434,0xC43C,0xC43D,0xC448,0xC464,0xC465,0xC468,0xC46C,
0xC474,0xC475,0xC479,0xC480,0xC494,0xC49C,0xC4B8,0xC4BC,
0xC4E9,0xC4F0,0xC4F1,0xC4F4,0xC4F8,0xC4FA,0xC4FF,0xC500,
0xC501,0xC50C,0xC510,0xC514,0xC51C,0xC528,0xC529,0xC52C,
0xC530,0xC538,0xC539,0xC53B,0xC53D,0xC544,0xC545,0xC548,
0xC549,0xC54A,0xC54C,0xC54D,0xC54E,0xC553,0xC554,0xC555,
0xC557,0xC558,0xC559,0xC55D,0xC55E,0xC560,0xC561,0xC564,
0xC568,0xC570,0xC571,0xC573,0xC574,0xC575,0xC57C,0xC57D,
0xC580,0xC584,0xC587,0xC58C,0xC58D,0xC58F,0xC591,0xC595,
0xC597,0xC598,0xC59C,0xC5A0,0xC5A9,0xC5B4,0xC5B5,0xC5B8,
0xC5B9,0xC5BB,0xC5BC,0xC5BD,0xC5BE,0xC5C4,0xC5C5,0xC5C6,
0xC5C7,0xC5C8,0xC5C9,0xC5CA,0xC5CC,0xC5CE,     0,     0,
     0,     0,     0,     0,     0,     0,     0,     0,
     0,     0,     0,     0,     0,     0,     0,     0,
     0,     0,     0,     0,     0,     0,     0,     0,
     0,     0,     0,     0,     0,     0,     0,     0,
     0,     0,     0,     0,     0,     0,     0,     0,
     0,     0,     0,     0,     0,     0,     0,     0,
     0,     0,     0,     0,     0,     0,     0,     0,
     0,     0,     0,     0,     0,     0,     0,     0,
0xD49E,0xD49F,0xD4A0,0xD4A1,0xD4A2,0xD4A3,0xD4A4,0xD4A5,
0xD4A6,0xD4A7,0xD4A8,0xD4AA,0xD4AB,0xD4AC,0xD4AD,0xD4AE,
0xD4AF,0xD4B0,0xD4B1,0xD4B2,0xD4B3,0xD4B4,0xD4B5,0xD4B6,
0xD4B7,0xD4B8,     0,     0,     0,     0,     0,     0,
0xD4B9,0xD4BA,0xD4BB,0xD4BC,0xD4BD,0xD4BE,0xD4BF,0xD4C0,
0xD4C1,0xD4C2,0xD4C3,0xD4C4,0xD4C5,0xD4C6,0xD4C7,0xD4C8,
0xD4C9,0xD4CA,0xD4CB,0xD4CD,0xD4CE,0xD4CF,0xD4D1,0xD4D2,
0xD4D3,0xD4D5,     0,     0,     0,     0,     0,     0,
0xD4D6,0xD4D7,0xD4D8,0xD4D9,0xD4DA,0xD4DB,0xD4DD,0xD4DE,
0xD4E0,0xD4E1,0xD4E2,0xD4E3,0xD4E4,0xD4E5,0xD4E6,0xD4E7,
0xD4E9,0xD4EA,0xD4EB,0xD4ED,0xD4EE,0xD4EF,0xD4F1,0xD4F2,
0xD4F3,0xD4F4,0xD4F5,0xD4F6,0xD4F7,0xD4F9,0xD4FA,0xD4FC,
0xC5D0,0xC5D1,0xC5D4,0xC5D8,0xC5E0,0xC5E1,0xC5E3,0xC5E5,
0xC5EC,0xC5ED,0xC5EE,0xC5F0,0xC5F4,0xC5F6,0xC5F7,0xC5FC,
0xC5FD,0xC5FE,0xC5FF,0xC600,0xC601,0xC605,0xC606,0xC607,
0xC608,0xC60C,0xC610,0xC618,0xC619,0xC61B,0xC61C,0xC624,
0xC625,0xC628,0xC62C,0xC62D,0xC62E,0xC630,0xC633,0xC634,
0xC635,0xC637,0xC639,0xC63B,0xC640,0xC641,0xC644,0xC648,
0xC650,0xC651,0xC653,0xC654,0xC655,0xC65C,0xC65D,0xC660,
0xC66C,0xC66F,0xC671,0xC678,0xC679,0xC67C,0xC680,0xC688,
0xC689,0xC68B,0xC68D,0xC694,0xC695,0xC698,0xC69C,0xC6A4,
0xC6A5,0xC6A7,0xC6A9,0xC6B0,0xC6B1,0xC6B4,0xC6B8,0xC6B9,
0xC6BA,0xC6C0,0xC6C1,0xC6C3,0xC6C5,0xC6CC,0xC6CD,0xC6D0,
0xC6D4,0xC6DC,0xC6DD,0xC6E0,0xC6E1,0xC6E8,     0,     0,
     0,     0,     0,     0,     0,     0,     0,     0,
     0,     0,     0,     0,     0,     0,     0,     0,
     0,     0,     0,     0,     0,     0,     0,     0,
     0,     0,     0,     0,     0,     0,     0,     0,
     0,     0,     0,     0,     0,     0,     0,     0,
     0,     0,     0,     0,     0,     0,     0,     0,
     0,     0,     0,     0,     0,     0,     0,     0,
     0,     0,     0,     0,     0,     0,     0,     0,
0xD4FE,0xD4FF,0xD500,0xD501,0xD502,0xD503,0xD505,0xD506,
0xD507,0xD509,0xD50A,0xD50B,0xD50D,0xD50E,0xD50F,0xD510,
0xD511,0xD512,0xD513,0xD516,0xD518,0xD519,0xD51A,0xD51B,
0xD51C,0xD51D,     0,     0,     0,     0,     0,     0,
0xD51E,0xD51F,0xD520,0xD521,0xD522,0xD523,0xD524,0xD525,
0xD526,0xD527,0xD528,0xD529,0xD52A,0xD52B,0xD52C,0xD52D,
0xD52E,0xD52F,0xD530,0xD531,0xD532,0xD533,0xD534,0xD535,
0xD536,0xD537,     0,     0,     0,     0,     0,     0,
0xD538,0xD539,0xD53A,0xD53B,0xD53E,0xD53F,0xD541,0xD542,
0xD543,0xD545,0xD546,0xD547,0xD548,0xD549,0xD54A,0xD54B,
0xD54E,0xD550,0xD552,0xD553,0xD554,0xD555,0xD556,0xD557,
0xD55A,0xD55B,0xD55D,0xD55E,0xD55F,0xD561,0xD562,0xD563,
0xC6E9,0xC6EC,0xC6F0,0xC6F8,0xC6F9,0xC6FD,0xC704,0xC705,
0xC708,0xC70C,0xC714,0xC715,0xC717,0xC719,0xC720,0xC721,
0xC724,0xC728,0xC730,0xC731,0xC733,0xC735,0xC737,0xC73C,
0xC73D,0xC740,0xC744,0xC74A,0xC74C,0xC74D,0xC74F,0xC751,
0xC752,0xC753,0xC754,0xC755,0xC756,0xC757,0xC758,0xC75C,
0xC760,0xC768,0xC76B,0xC774,0xC775,0xC778,0xC77C,0xC77D,
0xC77E,0xC783,0xC784,0xC785,0xC787,0xC788,0xC789,0xC78A,
0xC78E,0xC790,0xC791,0xC794,0xC796,0xC797,0xC798,0xC79A,
0xC7A0,0xC7A1,0xC7A3,0xC7A4,0xC7A5,0xC7A6,0xC7AC,0xC7AD,
0xC7B0,0xC7B4,0xC7BC,0xC7BD,0xC7BF,0xC7C0,0xC7C1,0xC7C8,
0xC7C9,0xC7CC,0xC7CE,0xC7D0,0xC7D8,0xC7DD,0xC7E4,0xC7E8,
0xC7EC,0xC800,0xC801,0xC804,0xC808,0xC80A,     0,     0,
     0,     0,     0,     0,     0,     0,     0,     0,
     0,     0,     0,     0,     0,     0,     0,     0,
     0,     0,     0,     0,     0,     0,     0,     0,
     0,     0,     0,     0,     0,     0,     0,     0,
     0,     0,     0,     0,     0,     0,     0,     0,
     0,     0,     0,     0,     0,     0,     0,     0,
     0,     0,     0,     0,     0,     0,     0,     0,
     0,     0,     0,     0,     0,     0,     0,     0,
0xD564,0xD566,0xD567,0xD56A,0xD56C,0xD56E,0xD56F,0xD570,
0xD571,0xD572,0xD573,0xD576,0xD577,0xD579,0xD57A,0xD57B,
0xD57D,0xD57E,0xD57F,0xD580,0xD581,0xD582,0xD583,0xD586,
0xD58A,0xD58B,     0,     0,     0,     0,     0,     0,
0xD58C,0xD58D,0xD58E,0xD58F,0xD591,0xD592,0xD593,0xD594,
0xD595,0xD596,0xD597,0xD598,0xD599,0xD59A,0xD59B,0xD59C,
0xD59D,0xD59E,0xD59F,0xD5A0,0xD5A1,0xD5A2,0xD5A3,0xD5A4,
0xD5A6,0xD5A7,     0,     0,     0,     0,     0,     0,
0xD5A8,0xD5A9,0xD5AA,0xD5AB,0xD5AC,0xD5AD,0xD5AE,0xD5AF,
0xD5B0,0xD5B1,0xD5B2,0xD5B3,0xD5B4,0xD5B5,0xD5B6,0xD5B7,
0xD5B8,0xD5B9,0xD5BA,0xD5BB,0xD5BC,0xD5BD,0xD5BE,0xD5BF,
0xD5C0,0xD5C1,0xD5C2,0xD5C3,0xD5C4,0xD5C5,0xD5C6,0xD5C7,
0xC810,0xC811,0xC813,0xC815,0xC816,0xC81C,0xC81D,0xC820,
0xC824,0xC82C,0xC82D,0xC82F,0xC831,0xC838,0xC83C,0xC840,
0xC848,0xC849,0xC84C,0xC84D,0xC854,0xC870,0xC871,0xC874,
0xC878,0xC87A,0xC880,0xC881,0xC883,0xC885,0xC886,0xC887,
0xC88B,0xC88C,0xC88D,0xC894,0xC89D,0xC89F,0xC8A1,0xC8A8,
0xC8BC,0xC8BD,0xC8C4,0xC8C8,0xC8CC,0xC8D4,0xC8D5,0xC8D7,
0xC8D9,0xC8E0,0xC8E1,0xC8E4,0xC8F5,0xC8FC,0xC8FD,0xC900,
0xC904,0xC905,0xC906,0xC90C,0xC90D,0xC90F,0xC911,0xC918,
0xC92C,0xC934,0xC950,0xC951,0xC954,0xC958,0xC960,0xC961,
0xC963,0xC96C,0xC970,0xC974,0xC97C,0xC988,0xC989,0xC98C,
0xC990,0xC998,0xC999,0xC99B,0xC99D,0xC9C0,0xC9C1,0xC9C4,
0xC9C7,0xC9C8,0xC9CA,0xC9D0,0xC9D1,0xC9D3,     0,     0,
     0,     0,     0,     0,     0,     0,     0,     0,
     0,     0,     0,     0,     0,     0,     0,     0,
     0,     0,     0,     0,     0,     0,     0,     0,
     0,     0,     0,     0,     0,     0,     0,     0,
     0,     0,     0,     0,     0,     0,     0,     0,
     0,     0,     0,     0,     0,     0,     0,     0,
     0,     0,     0,     0,     0,     0,     0,     0,
     0,     0,     0,     0,     0,     0,     0,     0,
0xD5CA,0xD5CB,0xD5CD,0xD5CE,0xD5CF,0xD5D1,0xD5D3,0xD5D4,
0xD5D5,0xD5D6,0xD5D7,0xD5DA,0xD5DC,0xD5DE,0xD5DF,0xD5E0,
0xD5E1,0xD5E2,0xD5E3,0xD5E6,0xD5E7,0xD5E9,0xD5EA,0xD5EB,
0xD5ED,0xD5EE,     0,     0,     0,     0,     0,     0,
0xD5EF,0xD5F0,0xD5F1,0xD5F2,0xD5F3,0xD5F6,0xD5F8,0xD5FA,
0xD5FB,0xD5FC,0xD5FD,0xD5FE,0xD5FF,0xD602,0xD603,0xD605,
0xD606,0xD607,0xD609,0xD60A,0xD60B,0xD60C,0xD60D,0xD60E,
0xD60F,0xD612,     0,     0,     0,     0,     0,     0,
0xD616,0xD617,0xD618,0xD619,0xD61A,0xD61B,0xD61D,0xD61E,
0xD61F,0xD621,0xD622,0xD623,0xD625,0xD626,0xD627,0xD628,
0xD629,0xD62A,0xD62B,0xD62C,0xD62E,0xD62F,0xD630,0xD631,
0xD632,0xD633,0xD634,0xD635,0xD636,0xD637,0xD63A,0xD63B,
0xC9D5,0xC9D6,0xC9D9,0xC9DA,0xC9DC,0xC9DD,0xC9E0,0xC9E2,
0xC9E4,0xC9E7,0xC9EC,0xC9ED,0xC9EF,0xC9F0,0xC9F1,0xC9F8,
0xC9F9,0xC9FC,0xCA00,0xCA08,0xCA09,0xCA0B,0xCA0C,0xCA0D,
0xCA14,0xCA18,0xCA29,0xCA4C,0xCA4D,0xCA50,0xCA54,0xCA5C,
0xCA5D,0xCA5F,0xCA60,0xCA61,0xCA68,0xCA7D,0xCA84,0xCA98,
0xCABC,0xCABD,0xCAC0,0xCAC4,0xCACC,0xCACD,0xCACF,0xCAD1,
0xCAD3,0xCAD8,0xCAD9,0xCAE0,0xCAEC,0xCAF4,0xCB08,0xCB10,
0xCB14,0xCB18,0xCB20,0xCB21,0xCB41,0xCB48,0xCB49,0xCB4C,
0xCB50,0xCB58,0xCB59,0xCB5D,0xCB64,0xCB78,0xCB79,0xCB9C,
0xCBB8,0xCBD4,0xCBE4,0xCBE7,0xCBE9,0xCC0C,0xCC0D,0xCC10,
0xCC14,0xCC1C,0xCC1D,0xCC21,0xCC22,0xCC27,0xCC28,0xCC29,
0xCC2C,0xCC2E,0xCC30,0xCC38,0xCC39,0xCC3B,     0,     0,
     0,     0,     0,     0,     0,     0,     0,     0,
     0,     0,     0,     0,     0,     0,     0,     0,
     0,     0,     0,     0,     0,     0,     0,     0,
     0,     0,     0,     0,     0,     0,     0,     0,
     0,     0,     0,     0,     0,     0,     0,     0,
     0,     0,     0,     0,     0,     0,     0,     0,
     0,     0,     0,     0,     0,     0,     0,     0,
     0,     0,     0,     0,     0,     0,     0,     0,
0xD63D,0xD63E,0xD63F,0xD641,0xD642,0xD643,0xD644,0xD646,
0xD647,0xD64A,0xD64C,0xD64E,0xD64F,0xD650,0xD652,0xD653,
0xD656,0xD657,0xD659,0xD65A,0xD65B,0xD65D,0xD65E,0xD65F,
0xD660,0xD661,     0,     0,     0,     0,     0,     0,
0xD662,0xD663,0xD664,0xD665,0xD666,0xD668,0xD66A,0xD66B,
0xD66C,0xD66D,0xD66E,0xD66F,0xD672,0xD673,0xD675,0xD676,
0xD677,0xD678,0xD679,0xD67A,0xD67B,0xD67C,0xD67D,0xD67E,
0xD67F,0xD680,     0,     0,     0,     0,     0,     0,
0xD681,0xD682,0xD684,0xD686,0xD687,0xD688,0xD689,0xD68A,
0xD68B,0xD68E,0xD68F,0xD691,0xD692,0xD693,0xD695,0xD696,
0xD697,0xD698,0xD699,0xD69A,0xD69B,0xD69C,0xD69E,0xD6A0,
0xD6A2,0xD6A3,0xD6A4,0xD6A5,0xD6A6,0xD6A7,0xD6A9,0xD6AA,
0xCC3C,0xCC3D,0xCC3E,0xCC44,0xCC45,0xCC48,0xCC4C,0xCC54,
0xCC55,0xCC57,0xCC58,0xCC59,0xCC60,0xCC64,0xCC66,0xCC68,
0xCC70,0xCC75,0xCC98,0xCC99,0xCC9C,0xCCA0,0xCCA8,0xCCA9,
0xCCAB,0xCCAC,0xCCAD,0xCCB4,0xCCB5,0xCCB8,0xCCBC,0xCCC4,
0xCCC5,0xCCC7,0xCCC9,0xCCD0,0xCCD4,0xCCE4,0xCCEC,0xCCF0,
0xCD01,0xCD08,0xCD09,0xCD0C,0xCD10,0xCD18,0xCD19,0xCD1B,
0xCD1D,0xCD24,0xCD28,0xCD2C,0xCD39,0xCD5C,0xCD60,0xCD64,
0xCD6C,0xCD6D,0xCD6F,0xCD71,0xCD78,0xCD88,0xCD94,0xCD95,
0xCD98,0xCD9C,0xCDA4,0xCDA5,0xCDA7,0xCDA9,0xCDB0,0xCDC4,
0xCDCC,0xCDD0,0xCDE8,0xCDEC,0xCDF0,0xCDF8,0xCDF9,0xCDFB,
0xCDFD,0xCE04,0xCE08,0xCE0C,0xCE14,0xCE19,0xCE20,0xCE21,
0xCE24,0xCE28,0xCE30,0xCE31,0xCE33,0xCE35,     0,     0,
     0,     0,     0,     0,     0,     0,     0,     0,
     0,     0,     0,     0,     0,     0,     0,     0,
     0,     0,     0,     0,     0,     0,     0,     0,
     0,     0,     0,     0,     0,     0,     0,     0,
     0,     0,     0,     0,     0,     0,     0,     0,
     0,     0,     0,     0,     0,     0,     0,     0,
     0,     0,     0,     0,     0,     0,     0,     0,
     0,     0,     0,     0,     0,     0,     0,     0,
0xD6AB,0xD6AD,0xD6AE,0xD6AF,0xD6B1,0xD6B2,0xD6B3,0xD6B4,
0xD6B5,0xD6B6,0xD6B7,0xD6B8,0xD6BA,0xD6BC,0xD6BD,0xD6BE,
0xD6BF,0xD6C0,0xD6C1,0xD6C2,0xD6C3,0xD6C6,0xD6C7,0xD6C9,
0xD6CA,0xD6CB,     0,     0,     0,     0,     0,     0,
0xD6CD,0xD6CE,0xD6CF,0xD6D0,0xD6D2,0xD6D3,0xD6D5,0xD6D6,
0xD6D8,0xD6DA,0xD6DB,0xD6DC,0xD6DD,0xD6DE,0xD6DF,0xD6E1,
0xD6E2,0xD6E3,0xD6E5,0xD6E6,0xD6E7,0xD6E9,0xD6EA,0xD6EB,
0xD6EC,0xD6ED,     0,     0,     0,     0,     0,     0,
0xD6EE,0xD6EF,0xD6F1,0xD6F2,0xD6F3,0xD6F4,0xD6F6,0xD6F7,
0xD6F8,0xD6F9,0xD6FA,0xD6FB,0xD6FE,0xD6FF,0xD701,0xD702,
0xD703,0xD705,0xD706,0xD707,0xD708,0xD709,0xD70A,0xD70B,
0xD70C,0xD70D,0xD70E,0xD70F,0xD710,0xD712,0xD713,0xD714,
0xCE58,0xCE59,0xCE5C,0xCE5F,0xCE60,0xCE61,0xCE68,0xCE69,
0xCE6B,0xCE6D,0xCE74,0xCE75,0xCE78,0xCE7C,0xCE84,0xCE85,
0xCE87,0xCE89,0xCE90,0xCE91,0xCE94,0xCE98,0xCEA0,0xCEA1,
0xCEA3,0xCEA4,0xCEA5,0xCEAC,0xCEAD,0xCEC1,0xCEE4,0xCEE5,
0xCEE8,0xCEEB,0xCEEC,0xCEF4,0xCEF5,0xCEF7,0xCEF8,0xCEF9,
0xCF00,0xCF01,0xCF04,0xCF08,0xCF10,0xCF11,0xCF13,0xCF15,
0xCF1C,0xCF20,0xCF24,0xCF2C,0xCF2D,0xCF2F,0xCF30,0xCF31,
0xCF38,0xCF54,0xCF55,0xCF58,0xCF5C,0xCF64,0xCF65,0xCF67,
0xCF69,0xCF70,0xCF71,0xCF74,0xCF78,0xCF80,0xCF85,0xCF8C,
0xCFA1,0xCFA8,0xCFB0,0xCFC4,0xCFE0,0xCFE1,0xCFE4,0xCFE8,
0xCFF0,0xCFF1,0xCFF3,0xCFF5,0xCFFC,0xD000,0xD004,0xD011,
0xD018,0xD02D,0xD034,0xD035,0xD038,0xD03C,     0,     0,
     0,     0,     0,     0,     0,     0,     0,     0,
     0,     0,     0,     0,     0,     0,     0,     0,
     0,     0,     0,     0,     0,     0,     0,     0,
     0,     0,     0,     0,     0,     0,     0,     0,
     0,     0,     0,     0,     0,     0,     0,     0,
     0,     0,     0,     0,     0,     0,     0,     0,
     0,     0,     0,     0,     0,     0,     0,     0,
     0,     0,     0,     0,     0,     0,     0,     0,
0xD715,0xD716,0xD717,0xD71A,0xD71B,0xD71D,0xD71E,0xD71F,
0xD721,0xD722,0xD723,0xD724,0xD725,0xD726,0xD727,0xD72A,
0xD72C,0xD72E,0xD72F,0xD730,0xD731,0xD732,0xD733,0xD736,
0xD737,0xD739,     0,     0,     0,     0,     0,     0,
0xD73A,0xD73B,0xD73D,0xD73E,0xD73F,0xD740,0xD741,0xD742,
0xD743,0xD745,0xD746,0xD748,0xD74A,0xD74B,0xD74C,0xD74D,
0xD74E,0xD74F,0xD752,0xD753,0xD755,0xD75A,0xD75B,0xD75C,
0xD75D,0xD75E,     0,     0,     0,     0,     0,     0,
0xD75F,0xD762,0xD764,0xD766,0xD767,0xD768,0xD76A,0xD76B,
0xD76D,0xD76E,0xD76F,0xD771,0xD772,0xD773,0xD775,0xD776,
0xD777,0xD778,0xD779,0xD77A,0xD77B,0xD77E,0xD77F,0xD780,
0xD782,0xD783,0xD784,0xD785,0xD786,0xD787,0xD78A,0xD78B,
0xD044,0xD045,0xD047,0xD049,0xD050,0xD054,0xD058,0xD060,
0xD06C,0xD06D,0xD070,0xD074,0xD07C,0xD07D,0xD081,0xD0A4,
0xD0A5,0xD0A8,0xD0AC,0xD0B4,0xD0B5,0xD0B7,0xD0B9,0xD0C0,
0xD0C1,0xD0C4,0xD0C8,0xD0C9,0xD0D0,0xD0D1,0xD0D3,0xD0D4,
0xD0D5,0xD0DC,0xD0DD,0xD0E0,0xD0E4,0xD0EC,0xD0ED,0xD0EF,
0xD0F0,0xD0F1,0xD0F8,0xD10D,0xD130,0xD131,0xD134,0xD138,
0xD13A,0xD140,0xD141,0xD143,0xD144,0xD145,0xD14C,0xD14D,
0xD150,0xD154,0xD15C,0xD15D,0xD15F,0xD161,0xD168,0xD16C,
0xD17C,0xD184,0xD188,0xD1A0,0xD1A1,0xD1A4,0xD1A8,0xD1B0,
0xD1B1,0xD1B3,0xD1B5,0xD1BA,0xD1BC,0xD1C0,0xD1D8,0xD1F4,
0xD1F8,0xD207,0xD209,0xD210,0xD22C,0xD22D,0xD230,0xD234,
0xD23C,0xD23D,0xD23F,0xD241,0xD248,0xD25C,     0,     0,
     0,     0,     0,     0,     0,     0,     0,     0,
     0,     0,     0,     0,     0,     0,     0,     0,
     0,     0,     0,     0,     0,     0,     0,     0,
     0,     0,     0,     0,     0,     0,     0,     0,
     0,     0,     0,     0,     0,     0,     0,     0,
     0,     0,     0,     0,     0,     0,     0,     0,
     0,     0,     0,     0,     0,     0,     0,     0,
     0,     0,     0,     0,     0,     0,     0,     0,
0xD78D,0xD78E,0xD78F,0xD791,0xD792,0xD793,0xD794,0xD795,
0xD796,0xD797,0xD79A,0xD79C,0xD79E,0xD79F,0xD7A0,0xD7A1,
0xD7A2,0xD7A3,     0,     0,     0,     0,     0,     0,
     0,     0,     0,     0,     0,     0,     0,     0,
     0,     0,     0,     0,     0,     0,     0,     0,
     0,     0,     0,     0,     0,     0,     0,     0,
     0,     0,     0,     0,     0,     0,     0,     0,
     0,     0,     0,     0,     0,     0,     0,     0,
     0,     0,     0,     0,     0,     0,     0,     0,
     0,     0,     0,     0,     0,     0,     0,     0,
     0,     0,     0,     0,     0,     0,     0,     0,
     0,     0,     0,     0,     0,     0,     0,     0,
0xD264,0xD280,0xD281,0xD284,0xD288,0xD290,0xD291,0xD295,
0xD29C,0xD2A0,0xD2A4,0xD2AC,0xD2B1,0xD2B8,0xD2B9,0xD2BC,
0xD2BF,0xD2C0,0xD2C2,0xD2C8,0xD2C9,0xD2CB,0xD2D4,0xD2D8,
0xD2DC,0xD2E4,0xD2E5,0xD2F0,0xD2F1,0xD2F4,0xD2F8,0xD300,
0xD301,0xD303,0xD305,0xD30C,0xD30D,0xD30E,0xD310,0xD314,
0xD316,0xD31C,0xD31D,0xD31F,0xD320,0xD321,0xD325,0xD328,
0xD329,0xD32C,0xD330,0xD338,0xD339,0xD33B,0xD33C,0xD33D,
0xD344,0xD345,0xD37C,0xD37D,0xD380,0xD384,0xD38C,0xD38D,
0xD38F,0xD390,0xD391,0xD398,0xD399,0xD39C,0xD3A0,0xD3A8,
0xD3A9,0xD3AB,0xD3AD,0xD3B4,0xD3B8,0xD3BC,0xD3C4,0xD3C5,
0xD3C8,0xD3C9,0xD3D0,0xD3D8,0xD3E1,0xD3E3,0xD3EC,0xD3ED,
0xD3F0,0xD3F4,0xD3FC,0xD3FD,0xD3FF,0xD401,     0,     0,
     0,     0,     0,     0,     0,     0,     0,     0,
     0,     0,     0,     0,     0,     0,     0,     0,
     0,     0,     0,     0,     0,     0,     0,     0,
     0,     0,     0,     0,     0,     0,     0,     0,
     0,     0,     0,     0,     0,     0,     0,     0,
     0,     0,     0,     0,     0,     0,     0,     0,
     0,     0,     0,     0,     0,     0,     0,     0,
     0,     0,     0,     0,     0,     0,     0,     0,
     0,     0,     0,     0,     0,     0,     0,     0,
     0,     0,     0,     0,     0,     0,     0,     0,
     0,     0,     0,     0,     0,     0,     0,     0,
     0,     0,     0,     0,     0,     0,     0,     0,
     0,     0,     0,     0,     0,     0,     0,     0,
     0,     0,     0,     0,     0,     0,     0,     0,
     0,     0,     0,     0,     0,     0,     0,     0,
     0,     0,     0,     0,     0,     0,     0,     0,
     0,     0,     0,     0,     0,     0,     0,     0,
     0,     0,     0,     0,     0,     0,     0,     0,
     0,     0,     0,     0,     0,     0,     0,     0,
     0,     0,     0,     0,     0,     0,     0,     0,
0xD408,0xD41D,0xD440,0xD444,0xD45C,0xD460,0xD464,0xD46D,
0xD46F,0xD478,0xD479,0xD47C,0xD47F,0xD480,0xD482,0xD488,
0xD489,0xD48B,0xD48D,0xD494,0xD4A9,0xD4CC,0xD4D0,0xD4D4,
0xD4DC,0xD4DF,0xD4E8,0xD4EC,0xD4F0,0xD4F8,0xD4FB,0xD4FD,
0xD504,0xD508,0xD50C,0xD514,0xD515,0xD517,0xD53C,0xD53D,
0xD540,0xD544,0xD54C,0xD54D,0xD54F,0xD551,0xD558,0xD559,
0xD55C,0xD560,0xD565,0xD568,0xD569,0xD56B,0xD56D,0xD574,
0xD575,0xD578,0xD57C,0xD584,0xD585,0xD587,0xD588,0xD589,
0xD590,0xD5A5,0xD5C8,0xD5C9,0xD5CC,0xD5D0,0xD5D2,0xD5D8,
0xD5D9,0xD5DB,0xD5DD,0xD5E4,0xD5E5,0xD5E8,0xD5EC,0xD5F4,
0xD5F5,0xD5F7,0xD5F9,0xD600,0xD601,0xD604,0xD608,0xD610,
0xD611,0xD613,0xD614,0xD615,0xD61C,0xD620,     0,     0,
     0,     0,     0,     0,     0,     0,     0,     0,
     0,     0,     0,     0,     0,     0,     0,     0,
     0,     0,     0,     0,     0,     0,     0,     0,
     0,     0,     0,     0,     0,     0,     0,     0,
     0,     0,     0,     0,     0,     0,     0,     0,
     0,     0,     0,     0,     0,     0,     0,     0,
     0,     0,     0,     0,     0,     0,     0,     0,
     0,     0,     0,     0,     0,     0,     0,     0,
     0,     0,     0,     0,     0,     0,     0,     0,
     0,     0,     0,     0,     0,     0,     0,     0,
     0,     0,     0,     0,     0,     0,     0,     0,
     0,     0,     0,     0,     0,     0,     0,     0,
     0,     0,     0,     0,     0,     0,     0,     0,
     0,     0,     0,     0,     0,     0,     0,     0,
     0,     0,     0,     0,     0,     0,     0,     0,
     0,     0,     0,     0,     0,     0,     0,     0,
     0,     0,     0,     0,     0,     0,     0,     0,
     0,     0,     0,     0,     0,     0,     0,     0,
     0,     0,     0,     0,     0,     0,     0,     0,
     0,     0,     0,     0,     0,     0,     0,     0,
0xD624,0xD62D,0xD638,0xD639,0xD63C,0xD640,0xD645,0xD648,
0xD649,0xD64B,0xD64D,0xD651,0xD654,0xD655,0xD658,0xD65C,
0xD667,0xD669,0xD670,0xD671,0xD674,0xD683,0xD685,0xD68C,
0xD68D,0xD690,0xD694,0xD69D,0xD69F,0xD6A1,0xD6A8,0xD6AC,
0xD6B0,0xD6B9,0xD6BB,0xD6C4,0xD6C5,0xD6C8,0xD6CC,0xD6D1,
0xD6D4,0xD6D7,0xD6D9,0xD6E0,0xD6E4,0xD6E8,0xD6F0,0xD6F5,
0xD6FC,0xD6FD,0xD700,0xD704,0xD711,0xD718,0xD719,0xD71C,
0xD720,0xD728,0xD729,0xD72B,0xD72D,0xD734,0xD735,0xD738,
0xD73C,0xD744,0xD747,0xD749,0xD750,0xD751,0xD754,0xD756,
0xD757,0xD758,0xD759,0xD760,0xD761,0xD763,0xD765,0xD769,
0xD76C,0xD770,0xD774,0xD77C,0xD77D,0xD781,0xD788,0xD789,
0xD78C,0xD790,0xD798,0xD799,0xD79B,0xD79D};

 const uint16 C9[]={
0x4F3D,0x4F73,0x5047,0x50F9,0x52A0,0x53EF,0x5475,0x54E5,
0x5609,0x5AC1,0x5BB6,0x6687,0x67B6,0x67B7,0x67EF,0x6B4C,
0x73C2,0x75C2,0x7A3C,0x82DB,0x8304,0x8857,0x8888,0x8A36,
0x8CC8,0x8DCF,0x8EFB,0x8FE6,0x99D5,0x523B,0x5374,0x5404,
0x606A,0x6164,0x6BBC,0x73CF,0x811A,0x89BA,0x89D2,0x95A3,
0x4F83,0x520A,0x58BE,0x5978,0x59E6,0x5E72,0x5E79,0x61C7,
0x63C0,0x6746,0x67EC,0x687F,0x6F97,0x764E,0x770B,0x78F5,
0x7A08,0x7AFF,0x7C21,0x809D,0x826E,0x8271,0x8AEB,0x9593,
0x4E6B,0x559D,0x66F7,0x6E34,0x78A3,0x7AED,0x845B,0x8910,
0x874E,0x97A8,0x52D8,0x574E,0x582A,0x5D4C,0x611F,0x61BE,
0x6221,0x6562,0x67D1,0x6A44,0x6E1B,0x7518,0x75B3,0x76E3,
0x77B0,0x7D3A,0x90AF,0x9451,0x9452,0x9F95,     0,     0,
     0,     0,     0,     0,     0,     0,     0,     0,
     0,     0,     0,     0,     0,     0,     0,     0,
     0,     0,     0,     0,     0,     0,     0,     0,
     0,     0,     0,     0,     0,     0,     0,     0,
     0,     0,     0,     0,     0,     0,     0,     0,
     0,     0,     0,     0,     0,     0,     0,     0,
     0,     0,     0,     0,     0,     0,     0,     0,
     0,     0,     0,     0,     0,     0,     0,     0,
     0,     0,     0,     0,     0,     0,     0,     0,
     0,     0,     0,     0,     0,     0,     0,     0,
     0,     0,     0,     0,     0,     0,     0,     0,
     0,     0,     0,     0,     0,     0,     0,     0,
     0,     0,     0,     0,     0,     0,     0,     0,
     0,     0,     0,     0,     0,     0,     0,     0,
     0,     0,     0,     0,     0,     0,     0,     0,
     0,     0,     0,     0,     0,     0,     0,     0,
     0,     0,     0,     0,     0,     0,     0,     0,
     0,     0,     0,     0,     0,     0,     0,     0,
     0,     0,     0,     0,     0,     0,     0,     0,
     0,     0,     0,     0,     0,     0,     0,     0,
0x5323,0x5CAC,0x7532,0x80DB,0x9240,0x9598,0x525B,0x5808,
0x59DC,0x5CA1,0x5D17,0x5EB7,0x5F3A,0x5F4A,0x6177,0x6C5F,
0x757A,0x7586,0x7CE0,0x7D73,0x7DB1,0x7F8C,0x8154,0x8221,
0x8591,0x8941,0x8B1B,0x92FC,0x964D,0x9C47,0x4ECB,0x4EF7,
0x500B,0x51F1,0x584F,0x6137,0x613E,0x6168,0x6539,0x69EA,
0x6F11,0x75A5,0x7686,0x76D6,0x7B87,0x82A5,0x84CB,0xF900,
0x93A7,0x958B,0x5580,0x5BA2,0x5751,0xF901,0x7CB3,0x7FB9,
0x91B5,0x5028,0x53BB,0x5C45,0x5DE8,0x62D2,0x636E,0x64DA,
0x64E7,0x6E20,0x70AC,0x795B,0x8DDD,0x8E1E,0xF902,0x907D,
0x9245,0x92F8,0x4E7E,0x4EF6,0x5065,0x5DFE,0x5EFA,0x6106,
0x6957,0x8171,0x8654,0x8E47,0x9375,0x9A2B,0x4E5E,0x5091,
0x6770,0x6840,0x5109,0x528D,0x5292,0x6AA2,     0,     0,
     0,     0,     0,     0,     0,     0,     0,     0,
     0,     0,     0,     0,     0,     0,     0,     0,
     0,     0,     0,     0,     0,     0,     0,     0,
     0,     0,     0,     0,     0,     0,     0,     0,
     0,     0,     0,     0,     0,     0,     0,     0,
     0,     0,     0,     0,     0,     0,     0,     0,
     0,     0,     0,     0,     0,     0,     0,     0,
     0,     0,     0,     0,     0,     0,     0,     0,
     0,     0,     0,     0,     0,     0,     0,     0,
     0,     0,     0,     0,     0,     0,     0,     0,
     0,     0,     0,     0,     0,     0,     0,     0,
     0,     0,     0,     0,     0,     0,     0,     0,
     0,     0,     0,     0,     0,     0,     0,     0,
     0,     0,     0,     0,     0,     0,     0,     0,
     0,     0,     0,     0,     0,     0,     0,     0,
     0,     0,     0,     0,     0,     0,     0,     0,
     0,     0,     0,     0,     0,     0,     0,     0,
     0,     0,     0,     0,     0,     0,     0,     0,
     0,     0,     0,     0,     0,     0,     0,     0,
     0,     0,     0,     0,     0,     0,     0,     0,
0x77BC,0x9210,0x9ED4,0x52AB,0x602F,0x8FF2,0x5048,0x61A9,
0x63ED,0x64CA,0x683C,0x6A84,0x6FC0,0x8188,0x89A1,0x9694,
0x5805,0x727D,0x72AC,0x7504,0x7D79,0x7E6D,0x80A9,0x898B,
0x8B74,0x9063,0x9D51,0x6289,0x6C7A,0x6F54,0x7D50,0x7F3A,
0x8A23,0x517C,0x614A,0x7B9D,0x8B19,0x9257,0x938C,0x4EAC,
0x4FD3,0x501E,0x50BE,0x5106,0x52C1,0x52CD,0x537F,0x5770,
0x5883,0x5E9A,0x5F91,0x6176,0x61AC,0x64CE,0x656C,0x666F,
0x66BB,0x66F4,0x6897,0x6D87,0x7085,0x70F1,0x749F,0x74A5,
0x74CA,0x75D9,0x786C,0x78EC,0x7ADF,0x7AF6,0x7D45,0x7D93,
0x8015,0x803F,0x811B,0x8396,0x8B66,0x8F15,0x9015,0x93E1,
0x9803,0x9838,0x9A5A,0x9BE8,0x4FC2,0x5553,0x583A,0x5951,
0x5B63,0x5C46,0x60B8,0x6212,0x6842,0x68B0,     0,     0,
     0,     0,     0,     0,     0,     0,     0,     0,
     0,     0,     0,     0,     0,     0,     0,     0,
     0,     0,     0,     0,     0,     0,     0,     0,
     0,     0,     0,     0,     0,     0,     0,     0,
     0,     0,     0,     0,     0,     0,     0,     0,
     0,     0,     0,     0,     0,     0,     0,     0,
     0,     0,     0,     0,     0,     0,     0,     0,
     0,     0,     0,     0,     0,     0,     0,     0,
     0,     0,     0,     0,     0,     0,     0,     0,
     0,     0,     0,     0,     0,     0,     0,     0,
     0,     0,     0,     0,     0,     0,     0,     0,
     0,     0,     0,     0,     0,     0,     0,     0,
     0,     0,     0,     0,     0,     0,     0,     0,
     0,     0,     0,     0,     0,     0,     0,     0,
     0,     0,     0,     0,     0,     0,     0,     0,
     0,     0,     0,     0,     0,     0,     0,     0,
     0,     0,     0,     0,     0,     0,     0,     0,
     0,     0,     0,     0,     0,     0,     0,     0,
     0,     0,     0,     0,     0,     0,     0,     0,
     0,     0,     0,     0,     0,     0,     0,     0,
0x68E8,0x6EAA,0x754C,0x7678,0x78CE,0x7A3D,0x7CFB,0x7E6B,
0x7E7C,0x8A08,0x8AA1,0x8C3F,0x968E,0x9DC4,0x53E4,0x53E9,
0x544A,0x5471,0x56FA,0x59D1,0x5B64,0x5C3B,0x5EAB,0x62F7,
0x6537,0x6545,0x6572,0x66A0,0x67AF,0x69C1,0x6CBD,0x75FC,
0x7690,0x777E,0x7A3F,0x7F94,0x8003,0x80A1,0x818F,0x82E6,
0x82FD,0x83F0,0x85C1,0x8831,0x88B4,0x8AA5,0xF903,0x8F9C,
0x932E,0x96C7,0x9867,0x9AD8,0x9F13,0x54ED,0x659B,0x66F2,
0x688F,0x7A40,0x8C37,0x9D60,0x56F0,0x5764,0x5D11,0x6606,
0x68B1,0x68CD,0x6EFE,0x7428,0x889E,0x9BE4,0x6C68,0xF904,
0x9AA8,0x4F9B,0x516C,0x5171,0x529F,0x5B54,0x5DE5,0x6050,
0x606D,0x62F1,0x63A7,0x653B,0x73D9,0x7A7A,0x86A3,0x8CA2,
0x978F,0x4E32,0x5BE1,0x6208,0x679C,0x74DC,     0,     0,
     0,     0,     0,     0,     0,     0,     0,     0,
     0,     0,     0,     0,     0,     0,     0,     0,
     0,     0,     0,     0,     0,     0,     0,     0,
     0,     0,     0,     0,     0,     0,     0,     0,
     0,     0,     0,     0,     0,     0,     0,     0,
     0,     0,     0,     0,     0,     0,     0,     0,
     0,     0,     0,     0,     0,     0,     0,     0,
     0,     0,     0,     0,     0,     0,     0,     0,
     0,     0,     0,     0,     0,     0,     0,     0,
     0,     0,     0,     0,     0,     0,     0,     0,
     0,     0,     0,     0,     0,     0,     0,     0,
     0,     0,     0,     0,     0,     0,     0,     0,
     0,     0,     0,     0,     0,     0,     0,     0,
     0,     0,     0,     0,     0,     0,     0,     0,
     0,     0,     0,     0,     0,     0,     0,     0,
     0,     0,     0,     0,     0,     0,     0,     0,
     0,     0,     0,     0,     0,     0,     0,     0,
     0,     0,     0,     0,     0,     0,     0,     0,
     0,     0,     0,     0,     0,     0,     0,     0,
     0,     0,     0,     0,     0,     0,     0,     0,
0x79D1,0x83D3,0x8A87,0x8AB2,0x8DE8,0x904E,0x934B,0x9846,
0x5ED3,0x69E8,0x85FF,0x90ED,0xF905,0x51A0,0x5B98,0x5BEC,
0x6163,0x68FA,0x6B3E,0x704C,0x742F,0x74D8,0x7BA1,0x7F50,
0x83C5,0x89C0,0x8CAB,0x95DC,0x9928,0x522E,0x605D,0x62EC,
0x9002,0x4F8A,0x5149,0x5321,0x58D9,0x5EE3,0x66E0,0x6D38,
0x709A,0x72C2,0x73D6,0x7B50,0x80F1,0x945B,0x5366,0x639B,
0x7F6B,0x4E56,0x5080,0x584A,0x58DE,0x602A,0x6127,0x62D0,
0x69D0,0x9B41,0x5B8F,0x7D18,0x80B1,0x8F5F,0x4EA4,0x50D1,
0x54AC,0x55AC,0x5B0C,0x5DA0,0x5DE7,0x652A,0x654E,0x6821,
0x6A4B,0x72E1,0x768E,0x77EF,0x7D5E,0x7FF9,0x81A0,0x854E,
0x86DF,0x8F03,0x8F4E,0x90CA,0x9903,0x9A55,0x9BAB,0x4E18,
0x4E45,0x4E5D,0x4EC7,0x4FF1,0x5177,0x52FE,     0,     0,
     0,     0,     0,     0,     0,     0,     0,     0,
     0,     0,     0,     0,     0,     0,     0,     0,
     0,     0,     0,     0,     0,     0,     0,     0,
     0,     0,     0,     0,     0,     0,     0,     0,
     0,     0,     0,     0,     0,     0,     0,     0,
     0,     0,     0,     0,     0,     0,     0,     0,
     0,     0,     0,     0,     0,     0,     0,     0,
     0,     0,     0,     0,     0,     0,     0,     0,
     0,     0,     0,     0,     0,     0,     0,     0,
     0,     0,     0,     0,     0,     0,     0,     0,
     0,     0,     0,     0,     0,     0,     0,     0,
     0,     0,     0,     0,     0,     0,     0,     0,
     0,     0,     0,     0,     0,     0,     0,     0,
     0,     0,     0,     0,     0,     0,     0,     0,
     0,     0,     0,     0,     0,     0,     0,     0,
     0,     0,     0,     0,     0,     0,     0,     0,
     0,     0,     0,     0,     0,     0,     0,     0,
     0,     0,     0,     0,     0,     0,     0,     0,
     0,     0,     0,     0,     0,     0,     0,     0,
     0,     0,     0,     0,     0,     0,     0,     0,
0x5340,0x53E3,0x53E5,0x548E,0x5614,0x5775,0x57A2,0x5BC7,
0x5D87,0x5ED0,0x61FC,0x62D8,0x6551,0x67B8,0x67E9,0x69CB,
0x6B50,0x6BC6,0x6BEC,0x6C42,0x6E9D,0x7078,0x72D7,0x7396,
0x7403,0x77BF,0x77E9,0x7A76,0x7D7F,0x8009,0x81FC,0x8205,
0x820A,0x82DF,0x8862,0x8B33,0x8CFC,0x8EC0,0x9011,0x90B1,
0x9264,0x92B6,0x99D2,0x9A45,0x9CE9,0x9DD7,0x9F9C,0x570B,
0x5C40,0x83CA,0x97A0,0x97AB,0x9EB4,0x541B,0x7A98,0x7FA4,
0x88D9,0x8ECD,0x90E1,0x5800,0x5C48,0x6398,0x7A9F,0x5BAE,
0x5F13,0x7A79,0x7AAE,0x828E,0x8EAC,0x5026,0x5238,0x52F8,
0x5377,0x5708,0x62F3,0x6372,0x6B0A,0x6DC3,0x7737,0x53A5,
0x7357,0x8568,0x8E76,0x95D5,0x673A,0x6AC3,0x6F70,0x8A6D,
0x8ECC,0x994B,0xF906,0x6677,0x6B78,0x8CB4,     0,     0,
     0,     0,     0,     0,     0,     0,     0,     0,
     0,     0,     0,     0,     0,     0,     0,     0,
     0,     0,     0,     0,     0,     0,     0,     0,
     0,     0,     0,     0,     0,     0,     0,     0,
     0,     0,     0,     0,     0,     0,     0,     0,
     0,     0,     0,     0,     0,     0,     0,     0,
     0,     0,     0,     0,     0,     0,     0,     0,
     0,     0,     0,     0,     0,     0,     0,     0,
     0,     0,     0,     0,     0,     0,     0,     0,
     0,     0,     0,     0,     0,     0,     0,     0,
     0,     0,     0,     0,     0,     0,     0,     0,
     0,     0,     0,     0,     0,     0,     0,     0,
     0,     0,     0,     0,     0,     0,     0,     0,
     0,     0,     0,     0,     0,     0,     0,     0,
     0,     0,     0,     0,     0,     0,     0,     0,
     0,     0,     0,     0,     0,     0,     0,     0,
     0,     0,     0,     0,     0,     0,     0,     0,
     0,     0,     0,     0,     0,     0,     0,     0,
     0,     0,     0,     0,     0,     0,     0,     0,
     0,     0,     0,     0,     0,     0,     0,     0,
0x9B3C,0xF907,0x53EB,0x572D,0x594E,0x63C6,0x69FB,0x73EA,
0x7845,0x7ABA,0x7AC5,0x7CFE,0x8475,0x898F,0x8D73,0x9035,
0x95A8,0x52FB,0x5747,0x7547,0x7B60,0x83CC,0x921E,0xF908,
0x6A58,0x514B,0x524B,0x5287,0x621F,0x68D8,0x6975,0x9699,
0x50C5,0x52A4,0x52E4,0x61C3,0x65A4,0x6839,0x69FF,0x747E,
0x7B4B,0x82B9,0x83EB,0x89B2,0x8B39,0x8FD1,0x9949,0xF909,
0x4ECA,0x5997,0x64D2,0x6611,0x6A8E,0x7434,0x7981,0x79BD,
0x82A9,0x887E,0x887F,0x895F,0xF90A,0x9326,0x4F0B,0x53CA,
0x6025,0x6271,0x6C72,0x7D1A,0x7D66,0x4E98,0x5162,0x77DC,
0x80AF,0x4F01,0x4F0E,0x5176,0x5180,0x55DC,0x5668,0x573B,
0x57FA,0x57FC,0x5914,0x5947,0x5993,0x5BC4,0x5C90,0x5D0E,
0x5DF1,0x5E7E,0x5FCC,0x6280,0x65D7,0x65E3,     0,     0,
     0,     0,     0,     0,     0,     0,     0,     0,
     0,     0,     0,     0,     0,     0,     0,     0,
     0,     0,     0,     0,     0,     0,     0,     0,
     0,     0,     0,     0,     0,     0,     0,     0,
     0,     0,     0,     0,     0,     0,     0,     0,
     0,     0,     0,     0,     0,     0,     0,     0,
     0,     0,     0,     0,     0,     0,     0,     0,
     0,     0,     0,     0,     0,     0,     0,     0,
     0,     0,     0,     0,     0,     0,     0,     0,
     0,     0,     0,     0,     0,     0,     0,     0,
     0,     0,     0,     0,     0,     0,     0,     0,
     0,     0,     0,     0,     0,     0,     0,     0,
     0,     0,     0,     0,     0,     0,     0,     0,
     0,     0,     0,     0,     0,     0,     0,     0,
     0,     0,     0,     0,     0,     0,     0,     0,
     0,     0,     0,     0,     0,     0,     0,     0,
     0,     0,     0,     0,     0,     0,     0,     0,
     0,     0,     0,     0,     0,     0,     0,     0,
     0,     0,     0,     0,     0,     0,     0,     0,
     0,     0,     0,     0,     0,     0,     0,     0,
0x671E,0x671F,0x675E,0x68CB,0x68C4,0x6A5F,0x6B3A,0x6C23,
0x6C7D,0x6C82,0x6DC7,0x7398,0x7426,0x742A,0x7482,0x74A3,
0x7578,0x757F,0x7881,0x78EF,0x7941,0x7947,0x7948,0x797A,
0x7B95,0x7D00,0x7DBA,0x7F88,0x8006,0x802D,0x808C,0x8A18,
0x8B4F,0x8C48,0x8D77,0x9321,0x9324,0x98E2,0x9951,0x9A0E,
0x9A0F,0x9A65,0x9E92,0x7DCA,0x4F76,0x5409,0x62EE,0x6854,
0x91D1,0x55AB,0x513A,0xF90B,0xF90C,0x5A1C,0x61E6,0xF90D,
0x62CF,0x62FF,0xF90E,0xF90F,0xF910,0xF911,0xF912,0xF913,
0x90A3,0xF914,0xF915,0xF916,0xF917,0xF918,0x8AFE,0xF919,
0xF91A,0xF91B,0xF91C,0x6696,0xF91D,0x7156,0xF91E,0xF91F,
0x96E3,0xF920,0x634F,0x637A,0x5357,0xF921,0x678F,0x6960,
0x6E73,0xF922,0x7537,0xF923,0xF924,0xF925,     0,     0,
     0,     0,     0,     0,     0,     0,     0,     0,
     0,     0,     0,     0,     0,     0,     0,     0,
     0,     0,     0,     0,     0,     0,     0,     0,
     0,     0,     0,     0,     0,     0,     0,     0,
     0,     0,     0,     0,     0,     0,     0,     0,
     0,     0,     0,     0,     0,     0,     0,     0,
     0,     0,     0,     0,     0,     0,     0,     0,
     0,     0,     0,     0,     0,     0,     0,     0,
     0,     0,     0,     0,     0,     0,     0,     0,
     0,     0,     0,     0,     0,     0,     0,     0,
     0,     0,     0,     0,     0,     0,     0,     0,
     0,     0,     0,     0,     0,     0,     0,     0,
     0,     0,     0,     0,     0,     0,     0,     0,
     0,     0,     0,     0,     0,     0,     0,     0,
     0,     0,     0,     0,     0,     0,     0,     0,
     0,     0,     0,     0,     0,     0,     0,     0,
     0,     0,     0,     0,     0,     0,     0,     0,
     0,     0,     0,     0,     0,     0,     0,     0,
     0,     0,     0,     0,     0,     0,     0,     0,
     0,     0,     0,     0,     0,     0,     0,     0,
0x7D0D,0xF926,0xF927,0x8872,0x56CA,0x5A18,0xF928,0xF929,
0xF92A,0xF92B,0xF92C,0x4E43,0xF92D,0x5167,0x5948,0x67F0,
0x8010,0xF92E,0x5973,0x5E74,0x649A,0x79CA,0x5FF5,0x606C,
0x62C8,0x637B,0x5BE7,0x5BD7,0x52AA,0xF92F,0x5974,0x5F29,
0x6012,0xF930,0xF931,0xF932,0x7459,0xF933,0xF934,0xF935,
0xF936,0xF937,0xF938,0x99D1,0xF939,0xF93A,0xF93B,0xF93C,
0xF93D,0xF93E,0xF93F,0xF940,0xF941,0xF942,0xF943,0x6FC3,
0xF944,0xF945,0x81BF,0x8FB2,0x60F1,0xF946,0xF947,0x8166,
0xF948,0xF949,0x5C3F,0xF94A,0xF94B,0xF94C,0xF94D,0xF94E,
0xF94F,0xF950,0xF951,0x5AE9,0x8A25,0x677B,0x7D10,0xF952,
0xF953,0xF954,0xF955,0xF956,0xF957,0x80FD,0xF958,0xF959,
0x5C3C,0x6CE5,0x533F,0x6EBA,0x591A,0x8336,     0,     0,
     0,     0,     0,     0,     0,     0,     0,     0,
     0,     0,     0,     0,     0,     0,     0,     0,
     0,     0,     0,     0,     0,     0,     0,     0,
     0,     0,     0,     0,     0,     0,     0,     0,
     0,     0,     0,     0,     0,     0,     0,     0,
     0,     0,     0,     0,     0,     0,     0,     0,
     0,     0,     0,     0,     0,     0,     0,     0,
     0,     0,     0,     0,     0,     0,     0,     0,
     0,     0,     0,     0,     0,     0,     0,     0,
     0,     0,     0,     0,     0,     0,     0,     0,
     0,     0,     0,     0,     0,     0,     0,     0,
     0,     0,     0,     0,     0,     0,     0,     0,
     0,     0,     0,     0,     0,     0,     0,     0,
     0,     0,     0,     0,     0,     0,     0,     0,
     0,     0,     0,     0,     0,     0,     0,     0,
     0,     0,     0,     0,     0,     0,     0,     0,
     0,     0,     0,     0,     0,     0,     0,     0,
     0,     0,     0,     0,     0,     0,     0,     0,
     0,     0,     0,     0,     0,     0,     0,     0,
     0,     0,     0,     0,     0,     0,     0,     0,
0x4E39,0x4EB6,0x4F46,0x55AE,0x5718,0x58C7,0x5F56,0x65B7,
0x65E6,0x6A80,0x6BB5,0x6E4D,0x77ED,0x7AEF,0x7C1E,0x7DDE,
0x86CB,0x8892,0x9132,0x935B,0x64BB,0x6FBE,0x737A,0x75B8,
0x9054,0x5556,0x574D,0x61BA,0x64D4,0x66C7,0x6DE1,0x6E5B,
0x6F6D,0x6FB9,0x75F0,0x8043,0x81BD,0x8541,0x8983,0x8AC7,
0x8B5A,0x931F,0x6C93,0x7553,0x7B54,0x8E0F,0x905D,0x5510,
0x5802,0x5858,0x5E62,0x6207,0x649E,0x68E0,0x7576,0x7CD6,
0x87B3,0x9EE8,0x4EE3,0x5788,0x576E,0x5927,0x5C0D,0x5CB1,
0x5E36,0x5F85,0x6234,0x64E1,0x73B3,0x81FA,0x888B,0x8CB8,
0x968A,0x9EDB,0x5B85,0x5FB7,0x60B3,0x5012,0x5200,0x5230,
0x5716,0x5835,0x5857,0x5C0E,0x5C60,0x5CF6,0x5D8B,0x5EA6,
0x5F92,0x60BC,0x6311,0x6389,0x6417,0x6843,     0,     0,
     0,     0,     0,     0,     0,     0,     0,     0,
     0,     0,     0,     0,     0,     0,     0,     0,
     0,     0,     0,     0,     0,     0,     0,     0,
     0,     0,     0,     0,     0,     0,     0,     0,
     0,     0,     0,     0,     0,     0,     0,     0,
     0,     0,     0,     0,     0,     0,     0,     0,
     0,     0,     0,     0,     0,     0,     0,     0,
     0,     0,     0,     0,     0,     0,     0,     0,
     0,     0,     0,     0,     0,     0,     0,     0,
     0,     0,     0,     0,     0,     0,     0,     0,
     0,     0,     0,     0,     0,     0,     0,     0,
     0,     0,     0,     0,     0,     0,     0,     0,
     0,     0,     0,     0,     0,     0,     0,     0,
     0,     0,     0,     0,     0,     0,     0,     0,
     0,     0,     0,     0,     0,     0,     0,     0,
     0,     0,     0,     0,     0,     0,     0,     0,
     0,     0,     0,     0,     0,     0,     0,     0,
     0,     0,     0,     0,     0,     0,     0,     0,
     0,     0,     0,     0,     0,     0,     0,     0,
     0,     0,     0,     0,     0,     0,     0,     0,
0x68F9,0x6AC2,0x6DD8,0x6E21,0x6ED4,0x6FE4,0x71FE,0x76DC,
0x7779,0x79B1,0x7A3B,0x8404,0x89A9,0x8CED,0x8DF3,0x8E48,
0x9003,0x9014,0x9053,0x90FD,0x934D,0x9676,0x97DC,0x6BD2,
0x7006,0x7258,0x72A2,0x7368,0x7763,0x79BF,0x7BE4,0x7E9B,
0x8B80,0x58A9,0x60C7,0x6566,0x65FD,0x66BE,0x6C8C,0x711E,
0x71C9,0x8C5A,0x9813,0x4E6D,0x7A81,0x4EDD,0x51AC,0x51CD,
0x52D5,0x540C,0x61A7,0x6771,0x6850,0x68DF,0x6D1E,0x6F7C,
0x75BC,0x77B3,0x7AE5,0x80F4,0x8463,0x9285,0x515C,0x6597,
0x675C,0x6793,0x75D8,0x7AC7,0x8373,0xF95A,0x8C46,0x9017,
0x982D,0x5C6F,0x81C0,0x829A,0x9041,0x906F,0x920D,0x5F97,
0x5D9D,0x6A59,0x71C8,0x767B,0x7B49,0x85E4,0x8B04,0x9127,
0x9A30,0x5587,0x61F6,0xF95B,0x7669,0x7F85,     0,     0,
     0,     0,     0,     0,     0,     0,     0,     0,
     0,     0,     0,     0,     0,     0,     0,     0,
     0,     0,     0,     0,     0,     0,     0,     0,
     0,     0,     0,     0,     0,     0,     0,     0,
     0,     0,     0,     0,     0,     0,     0,     0,
     0,     0,     0,     0,     0,     0,     0,     0,
     0,     0,     0,     0,     0,     0,     0,     0,
     0,     0,     0,     0,     0,     0,     0,     0,
     0,     0,     0,     0,     0,     0,     0,     0,
     0,     0,     0,     0,     0,     0,     0,     0,
     0,     0,     0,     0,     0,     0,     0,     0,
     0,     0,     0,     0,     0,     0,     0,     0,
     0,     0,     0,     0,     0,     0,     0,     0,
     0,     0,     0,     0,     0,     0,     0,     0,
     0,     0,     0,     0,     0,     0,     0,     0,
     0,     0,     0,     0,     0,     0,     0,     0,
     0,     0,     0,     0,     0,     0,     0,     0,
     0,     0,     0,     0,     0,     0,     0,     0,
     0,     0,     0,     0,     0,     0,     0,     0,
     0,     0,     0,     0,     0,     0,     0,     0,
0x863F,0x87BA,0x88F8,0x908F,0xF95C,0x6D1B,0x70D9,0x73DE,
0x7D61,0x843D,0xF95D,0x916A,0x99F1,0xF95E,0x4E82,0x5375,
0x6B04,0x6B12,0x703E,0x721B,0x862D,0x9E1E,0x524C,0x8FA3,
0x5D50,0x64E5,0x652C,0x6B16,0x6FEB,0x7C43,0x7E9C,0x85CD,
0x8964,0x89BD,0x62C9,0x81D8,0x881F,0x5ECA,0x6717,0x6D6A,
0x72FC,0x7405,0x746F,0x8782,0x90DE,0x4F86,0x5D0D,0x5FA0,
0x840A,0x51B7,0x63A0,0x7565,0x4EAE,0x5006,0x5169,0x51C9,
0x6881,0x6A11,0x7CAE,0x7CB1,0x7CE7,0x826F,0x8AD2,0x8F1B,
0x91CF,0x4FB6,0x5137,0x52F5,0x5442,0x5EEC,0x616E,0x623E,
0x65C5,0x6ADA,0x6FFE,0x792A,0x85DC,0x8823,0x95AD,0x9A62,
0x9A6A,0x9E97,0x9ECE,0x529B,0x66C6,0x6B77,0x701D,0x792B,
0x8F62,0x9742,0x6190,0x6200,0x6523,0x6F23,     0,     0,
     0,     0,     0,     0,     0,     0,     0,     0,
     0,     0,     0,     0,     0,     0,     0,     0,
     0,     0,     0,     0,     0,     0,     0,     0,
     0,     0,     0,     0,     0,     0,     0,     0,
     0,     0,     0,     0,     0,     0,     0,     0,
     0,     0,     0,     0,     0,     0,     0,     0,
     0,     0,     0,     0,     0,     0,     0,     0,
     0,     0,     0,     0,     0,     0,     0,     0,
     0,     0,     0,     0,     0,     0,     0,     0,
     0,     0,     0,     0,     0,     0,     0,     0,
     0,     0,     0,     0,     0,     0,     0,     0,
     0,     0,     0,     0,     0,     0,     0,     0,
     0,     0,     0,     0,     0,     0,     0,     0,
     0,     0,     0,     0,     0,     0,     0,     0,
     0,     0,     0,     0,     0,     0,     0,     0,
     0,     0,     0,     0,     0,     0,     0,     0,
     0,     0,     0,     0,     0,     0,     0,     0,
     0,     0,     0,     0,     0,     0,     0,     0,
     0,     0,     0,     0,     0,     0,     0,     0,
     0,     0,     0,     0,     0,     0,     0,     0,
0x7149,0x7489,0x7DF4,0x806F,0x84EE,0x8F26,0x9023,0x934A,
0x51BD,0x5217,0x52A3,0x6D0C,0x70C8,0x88C2,0x5EC9,0x6582,
0x6BAE,0x6FC2,0x7C3E,0x7375,0x4EE4,0x4F36,0x56F9,0xF95F,
0x5CBA,0x5DBA,0x601C,0x73B2,0x7B2D,0x7F9A,0x7FCE,0x8046,
0x901E,0x9234,0x96F6,0x9748,0x9818,0x9F61,0x4F8B,0x6FA7,
0x79AE,0x91B4,0x96B7,0x52DE,0xF960,0x6488,0x64C4,0x6AD3,
0x6F5E,0x7018,0x7210,0x76E7,0x8001,0x8606,0x865C,0x8DEF,
0x8F05,0x9732,0x9B6F,0x9DFA,0x9E75,0x788C,0x797F,0x7DA0,
0x83C9,0x9304,0x9E7F,0x9E93,0x8AD6,0x58DF,0x5F04,0x6727,
0x7027,0x74CF,0x7C60,0x807E,0x5121,0x7028,0x7262,0x78CA,
0x8CC2,0x8CDA,0x8CF4,0x96F7,0x4E86,0x50DA,0x5BEE,0x5ED6,
0x6599,0x71CE,0x7642,0x77AD,0x804A,0x84FC,     0,     0,
     0,     0,     0,     0,     0,     0,     0,     0,
     0,     0,     0,     0,     0,     0,     0,     0,
     0,     0,     0,     0,     0,     0,     0,     0,
     0,     0,     0,     0,     0,     0,     0,     0,
     0,     0,     0,     0,     0,     0,     0,     0,
     0,     0,     0,     0,     0,     0,     0,     0,
     0,     0,     0,     0,     0,     0,     0,     0,
     0,     0,     0,     0,     0,     0,     0,     0,
     0,     0,     0,     0,     0,     0,     0,     0,
     0,     0,     0,     0,     0,     0,     0,     0,
     0,     0,     0,     0,     0,     0,     0,     0,
     0,     0,     0,     0,     0,     0,     0,     0,
     0,     0,     0,     0,     0,     0,     0,     0,
     0,     0,     0,     0,     0,     0,     0,     0,
     0,     0,     0,     0,     0,     0,     0,     0,
     0,     0,     0,     0,     0,     0,     0,     0,
     0,     0,     0,     0,     0,     0,     0,     0,
     0,     0,     0,     0,     0,     0,     0,     0,
     0,     0,     0,     0,     0,     0,     0,     0,
     0,     0,     0,     0,     0,     0,     0,     0,
0x907C,0x9B27,0x9F8D,0x58D8,0x5A41,0x5C62,0x6A13,0x6DDA,
0x6F0F,0x763B,0x7D2F,0x7E37,0x851E,0x8938,0x93E4,0x964B,
0x5289,0x65D2,0x67F3,0x69B4,0x6D41,0x6E9C,0x700F,0x7409,
0x7460,0x7559,0x7624,0x786B,0x8B2C,0x985E,0x516D,0x622E,
0x9678,0x4F96,0x502B,0x5D19,0x6DEA,0x7DB8,0x8F2A,0x5F8B,
0x6144,0x6817,0xF961,0x9686,0x52D2,0x808B,0x51DC,0x51CC,
0x695E,0x7A1C,0x7DBE,0x83F1,0x9675,0x4FDA,0x5229,0x5398,
0x540F,0x550E,0x5C65,0x60A7,0x674E,0x68A8,0x6D6C,0x7281,
0x72F8,0x7406,0x7483,0xF962,0x75E2,0x7C6C,0x7F79,0x7FB8,
0x8389,0x88CF,0x88E1,0x91CC,0x91D0,0x96E2,0x9BC9,0x541D,
0x6F7E,0x71D0,0x7498,0x85FA,0x8EAA,0x96A3,0x9C57,0x9E9F,
0x6797,0x6DCB,0x7433,0x81E8,0x9716,0x782C,     0,     0,
     0,     0,     0,     0,     0,     0,     0,     0,
     0,     0,     0,     0,     0,     0,     0,     0,
     0,     0,     0,     0,     0,     0,     0,     0,
     0,     0,     0,     0,     0,     0,     0,     0,
     0,     0,     0,     0,     0,     0,     0,     0,
     0,     0,     0,     0,     0,     0,     0,     0,
     0,     0,     0,     0,     0,     0,     0,     0,
     0,     0,     0,     0,     0,     0,     0,     0,
     0,     0,     0,     0,     0,     0,     0,     0,
     0,     0,     0,     0,     0,     0,     0,     0,
     0,     0,     0,     0,     0,     0,     0,     0,
     0,     0,     0,     0,     0,     0,     0,     0,
     0,     0,     0,     0,     0,     0,     0,     0,
     0,     0,     0,     0,     0,     0,     0,     0,
     0,     0,     0,     0,     0,     0,     0,     0,
     0,     0,     0,     0,     0,     0,     0,     0,
     0,     0,     0,     0,     0,     0,     0,     0,
     0,     0,     0,     0,     0,     0,     0,     0,
     0,     0,     0,     0,     0,     0,     0,     0,
     0,     0,     0,     0,     0,     0,     0,     0,
0x7ACB,0x7B20,0x7C92,0x6469,0x746A,0x75F2,0x78BC,0x78E8,
0x99AC,0x9B54,0x9EBB,0x5BDE,0x5E55,0x6F20,0x819C,0x83AB,
0x9088,0x4E07,0x534D,0x5A29,0x5DD2,0x5F4E,0x6162,0x633D,
0x6669,0x66FC,0x6EFF,0x6F2B,0x7063,0x779E,0x842C,0x8513,
0x883B,0x8F13,0x9945,0x9C3B,0x551C,0x62B9,0x672B,0x6CAB,
0x8309,0x896A,0x977A,0x4EA1,0x5984,0x5FD8,0x5FD9,0x671B,
0x7DB2,0x7F54,0x8292,0x832B,0x83BD,0x8F1E,0x9099,0x57CB,
0x59B9,0x5A92,0x5BD0,0x6627,0x679A,0x6885,0x6BCF,0x7164,
0x7F75,0x8CB7,0x8CE3,0x9081,0x9B45,0x8108,0x8C8A,0x964C,
0x9A40,0x9EA5,0x5B5F,0x6C13,0x731B,0x76F2,0x76DF,0x840C,
0x51AA,0x8993,0x514D,0x5195,0x52C9,0x68C9,0x6C94,0x7704,
0x7720,0x7DBF,0x7DEC,0x9762,0x9EB5,0x6EC5,     0,     0,
     0,     0,     0,     0,     0,     0,     0,     0,
     0,     0,     0,     0,     0,     0,     0,     0,
     0,     0,     0,     0,     0,     0,     0,     0,
     0,     0,     0,     0,     0,     0,     0,     0,
     0,     0,     0,     0,     0,     0,     0,     0,
     0,     0,     0,     0,     0,     0,     0,     0,
     0,     0,     0,     0,     0,     0,     0,     0,
     0,     0,     0,     0,     0,     0,     0,     0,
     0,     0,     0,     0,     0,     0,     0,     0,
     0,     0,     0,     0,     0,     0,     0,     0,
     0,     0,     0,     0,     0,     0,     0,     0,
     0,     0,     0,     0,     0,     0,     0,     0,
     0,     0,     0,     0,     0,     0,     0,     0,
     0,     0,     0,     0,     0,     0,     0,     0,
     0,     0,     0,     0,     0,     0,     0,     0,
     0,     0,     0,     0,     0,     0,     0,     0,
     0,     0,     0,     0,     0,     0,     0,     0,
     0,     0,     0,     0,     0,     0,     0,     0,
     0,     0,     0,     0,     0,     0,     0,     0,
     0,     0,     0,     0,     0,     0,     0,     0,
0x8511,0x51A5,0x540D,0x547D,0x660E,0x669D,0x6927,0x6E9F,
0x76BF,0x7791,0x8317,0x84C2,0x879F,0x9169,0x9298,0x9CF4,
0x8882,0x4FAE,0x5192,0x52DF,0x59C6,0x5E3D,0x6155,0x6478,
0x6479,0x66AE,0x67D0,0x6A21,0x6BCD,0x6BDB,0x725F,0x7261,
0x7441,0x7738,0x77DB,0x8017,0x82BC,0x8305,0x8B00,0x8B28,
0x8C8C,0x6728,0x6C90,0x7267,0x76EE,0x7766,0x7A46,0x9DA9,
0x6B7F,0x6C92,0x5922,0x6726,0x8499,0x536F,0x5893,0x5999,
0x5EDF,0x63CF,0x6634,0x6773,0x6E3A,0x732B,0x7AD7,0x82D7,
0x9328,0x52D9,0x5DEB,0x61AE,0x61CB,0x620A,0x62C7,0x64AB,
0x65E0,0x6959,0x6B66,0x6BCB,0x7121,0x73F7,0x755D,0x7E46,
0x821E,0x8302,0x856A,0x8AA3,0x8CBF,0x9727,0x9D61,0x58A8,
0x9ED8,0x5011,0x520E,0x543B,0x554F,0x6587,     0,     0,
     0,     0,     0,     0,     0,     0,     0,     0,
     0,     0,     0,     0,     0,     0,     0,     0,
     0,     0,     0,     0,     0,     0,     0,     0,
     0,     0,     0,     0,     0,     0,     0,     0,
     0,     0,     0,     0,     0,     0,     0,     0,
     0,     0,     0,     0,     0,     0,     0,     0,
     0,     0,     0,     0,     0,     0,     0,     0,
     0,     0,     0,     0,     0,     0,     0,     0,
     0,     0,     0,     0,     0,     0,     0,     0,
     0,     0,     0,     0,     0,     0,     0,     0,
     0,     0,     0,     0,     0,     0,     0,     0,
     0,     0,     0,     0,     0,     0,     0,     0,
     0,     0,     0,     0,     0,     0,     0,     0,
     0,     0,     0,     0,     0,     0,     0,     0,
     0,     0,     0,     0,     0,     0,     0,     0,
     0,     0,     0,     0,     0,     0,     0,     0,
     0,     0,     0,     0,     0,     0,     0,     0,
     0,     0,     0,     0,     0,     0,     0,     0,
     0,     0,     0,     0,     0,     0,     0,     0,
     0,     0,     0,     0,     0,     0,     0,     0,
0x6C76,0x7D0A,0x7D0B,0x805E,0x868A,0x9580,0x96EF,0x52FF,
0x6C95,0x7269,0x5473,0x5A9A,0x5C3E,0x5D4B,0x5F4C,0x5FAE,
0x672A,0x68B6,0x6963,0x6E3C,0x6E44,0x7709,0x7C73,0x7F8E,
0x8587,0x8B0E,0x8FF7,0x9761,0x9EF4,0x5CB7,0x60B6,0x610D,
0x61AB,0x654F,0x65FB,0x65FC,0x6C11,0x6CEF,0x739F,0x73C9,
0x7DE1,0x9594,0x5BC6,0x871C,0x8B10,0x525D,0x535A,0x62CD,
0x640F,0x64B2,0x6734,0x6A38,0x6CCA,0x73C0,0x749E,0x7B94,
0x7C95,0x7E1B,0x818A,0x8236,0x8584,0x8FEB,0x96F9,0x99C1,
0x4F34,0x534A,0x53CD,0x53DB,0x62CC,0x642C,0x6500,0x6591,
0x69C3,0x6CEE,0x6F58,0x73ED,0x7554,0x7622,0x76E4,0x76FC,
0x78D0,0x78FB,0x792C,0x7D46,0x822C,0x87E0,0x8FD4,0x9812,
0x98EF,0x52C3,0x62D4,0x64A5,0x6E24,0x6F51,     0,     0,
     0,     0,     0,     0,     0,     0,     0,     0,
     0,     0,     0,     0,     0,     0,     0,     0,
     0,     0,     0,     0,     0,     0,     0,     0,
     0,     0,     0,     0,     0,     0,     0,     0,
     0,     0,     0,     0,     0,     0,     0,     0,
     0,     0,     0,     0,     0,     0,     0,     0,
     0,     0,     0,     0,     0,     0,     0,     0,
     0,     0,     0,     0,     0,     0,     0,     0,
     0,     0,     0,     0,     0,     0,     0,     0,
     0,     0,     0,     0,     0,     0,     0,     0,
     0,     0,     0,     0,     0,     0,     0,     0,
     0,     0,     0,     0,     0,     0,     0,     0,
     0,     0,     0,     0,     0,     0,     0,     0,
     0,     0,     0,     0,     0,     0,     0,     0,
     0,     0,     0,     0,     0,     0,     0,     0,
     0,     0,     0,     0,     0,     0,     0,     0,
     0,     0,     0,     0,     0,     0,     0,     0,
     0,     0,     0,     0,     0,     0,     0,     0,
     0,     0,     0,     0,     0,     0,     0,     0,
     0,     0,     0,     0,     0,     0,     0,     0,
0x767C,0x8DCB,0x91B1,0x9262,0x9AEE,0x9B43,0x5023,0x508D,
0x574A,0x59A8,0x5C28,0x5E47,0x5F77,0x623F,0x653E,0x65B9,
0x65C1,0x6609,0x678B,0x699C,0x6EC2,0x78C5,0x7D21,0x80AA,
0x8180,0x822B,0x82B3,0x84A1,0x868C,0x8A2A,0x8B17,0x90A6,
0x9632,0x9F90,0x500D,0x4FF3,0xF963,0x57F9,0x5F98,0x62DC,
0x6392,0x676F,0x6E43,0x7119,0x76C3,0x80CC,0x80DA,0x88F4,
0x88F5,0x8919,0x8CE0,0x8F29,0x914D,0x966A,0x4F2F,0x4F70,
0x5E1B,0x67CF,0x6822,0x767D,0x767E,0x9B44,0x5E61,0x6A0A,
0x7169,0x71D4,0x756A,0xF964,0x7E41,0x8543,0x85E9,0x98DC,
0x4F10,0x7B4F,0x7F70,0x95A5,0x51E1,0x5E06,0x68B5,0x6C3E,
0x6C4E,0x6CDB,0x72AF,0x7BC4,0x8303,0x6CD5,0x743A,0x50FB,
0x5288,0x58C1,0x64D8,0x6A97,0x74A7,0x7656,     0,     0,
     0,     0,     0,     0,     0,     0,     0,     0,
     0,     0,     0,     0,     0,     0,     0,     0,
     0,     0,     0,     0,     0,     0,     0,     0,
     0,     0,     0,     0,     0,     0,     0,     0,
     0,     0,     0,     0,     0,     0,     0,     0,
     0,     0,     0,     0,     0,     0,     0,     0,
     0,     0,     0,     0,     0,     0,     0,     0,
     0,     0,     0,     0,     0,     0,     0,     0,
     0,     0,     0,     0,     0,     0,     0,     0,
     0,     0,     0,     0,     0,     0,     0,     0,
     0,     0,     0,     0,     0,     0,     0,     0,
     0,     0,     0,     0,     0,     0,     0,     0,
     0,     0,     0,     0,     0,     0,     0,     0,
     0,     0,     0,     0,     0,     0,     0,     0,
     0,     0,     0,     0,     0,     0,     0,     0,
     0,     0,     0,     0,     0,     0,     0,     0,
     0,     0,     0,     0,     0,     0,     0,     0,
     0,     0,     0,     0,     0,     0,     0,     0,
     0,     0,     0,     0,     0,     0,     0,     0,
     0,     0,     0,     0,     0,     0,     0,     0,
0x78A7,0x8617,0x95E2,0x9739,0xF965,0x535E,0x5F01,0x8B8A,
0x8FA8,0x8FAF,0x908A,0x5225,0x77A5,0x9C49,0x9F08,0x4E19,
0x5002,0x5175,0x5C5B,0x5E77,0x661E,0x663A,0x67C4,0x68C5,
0x70B3,0x7501,0x75C5,0x79C9,0x7ADD,0x8F27,0x9920,0x9A08,
0x4FDD,0x5821,0x5831,0x5BF6,0x666E,0x6B65,0x6D11,0x6E7A,
0x6F7D,0x73E4,0x752B,0x83E9,0x88DC,0x8913,0x8B5C,0x8F14,
0x4F0F,0x50D5,0x5310,0x535C,0x5B93,0x5FA9,0x670D,0x798F,
0x8179,0x832F,0x8514,0x8907,0x8986,0x8F39,0x8F3B,0x99A5,
0x9C12,0x672C,0x4E76,0x4FF8,0x5949,0x5C01,0x5CEF,0x5CF0,
0x6367,0x68D2,0x70FD,0x71A2,0x742B,0x7E2B,0x84EC,0x8702,
0x9022,0x92D2,0x9CF3,0x4E0D,0x4ED8,0x4FEF,0x5085,0x5256,
0x526F,0x5426,0x5490,0x57E0,0x592B,0x5A66,     0,     0,
     0,     0,     0,     0,     0,     0,     0,     0,
     0,     0,     0,     0,     0,     0,     0,     0,
     0,     0,     0,     0,     0,     0,     0,     0,
     0,     0,     0,     0,     0,     0,     0,     0,
     0,     0,     0,     0,     0,     0,     0,     0,
     0,     0,     0,     0,     0,     0,     0,     0,
     0,     0,     0,     0,     0,     0,     0,     0,
     0,     0,     0,     0,     0,     0,     0,     0,
     0,     0,     0,     0,     0,     0,     0,     0,
     0,     0,     0,     0,     0,     0,     0,     0,
     0,     0,     0,     0,     0,     0,     0,     0,
     0,     0,     0,     0,     0,     0,     0,     0,
     0,     0,     0,     0,     0,     0,     0,     0,
     0,     0,     0,     0,     0,     0,     0,     0,
     0,     0,     0,     0,     0,     0,     0,     0,
     0,     0,     0,     0,     0,     0,     0,     0,
     0,     0,     0,     0,     0,     0,     0,     0,
     0,     0,     0,     0,     0,     0,     0,     0,
     0,     0,     0,     0,     0,     0,     0,     0,
     0,     0,     0,     0,     0,     0,     0,     0,
0x5B5A,0x5B75,0x5BCC,0x5E9C,0xF966,0x6276,0x6577,0x65A7,
0x6D6E,0x6EA5,0x7236,0x7B26,0x7C3F,0x7F36,0x8150,0x8151,
0x819A,0x8240,0x8299,0x83A9,0x8A03,0x8CA0,0x8CE6,0x8CFB,
0x8D74,0x8DBA,0x90E8,0x91DC,0x961C,0x9644,0x99D9,0x9CE7,
0x5317,0x5206,0x5429,0x5674,0x58B3,0x5954,0x596E,0x5FFF,
0x61A4,0x626E,0x6610,0x6C7E,0x711A,0x76C6,0x7C89,0x7CDE,
0x7D1B,0x82AC,0x8CC1,0x96F0,0xF967,0x4F5B,0x5F17,0x5F7F,
0x62C2,0x5D29,0x670B,0x68DA,0x787C,0x7E43,0x9D6C,0x4E15,
0x5099,0x5315,0x532A,0x5351,0x5983,0x5A62,0x5E87,0x60B2,
0x618A,0x6249,0x6279,0x6590,0x6787,0x69A7,0x6BD4,0x6BD6,
0x6BD7,0x6BD8,0x6CB8,0xF968,0x7435,0x75FA,0x7812,0x7891,
0x79D5,0x79D8,0x7C83,0x7DCB,0x7FE1,0x80A5,     0,     0,
     0,     0,     0,     0,     0,     0,     0,     0,
     0,     0,     0,     0,     0,     0,     0,     0,
     0,     0,     0,     0,     0,     0,     0,     0,
     0,     0,     0,     0,     0,     0,     0,     0,
     0,     0,     0,     0,     0,     0,     0,     0,
     0,     0,     0,     0,     0,     0,     0,     0,
     0,     0,     0,     0,     0,     0,     0,     0,
     0,     0,     0,     0,     0,     0,     0,     0,
     0,     0,     0,     0,     0,     0,     0,     0,
     0,     0,     0,     0,     0,     0,     0,     0,
     0,     0,     0,     0,     0,     0,     0,     0,
     0,     0,     0,     0,     0,     0,     0,     0,
     0,     0,     0,     0,     0,     0,     0,     0,
     0,     0,     0,     0,     0,     0,     0,     0,
     0,     0,     0,     0,     0,     0,     0,     0,
     0,     0,     0,     0,     0,     0,     0,     0,
     0,     0,     0,     0,     0,     0,     0,     0,
     0,     0,     0,     0,     0,     0,     0,     0,
     0,     0,     0,     0,     0,     0,     0,     0,
     0,     0,     0,     0,     0,     0,     0,     0,
0x813E,0x81C2,0x83F2,0x871A,0x88E8,0x8AB9,0x8B6C,0x8CBB,
0x9119,0x975E,0x98DB,0x9F3B,0x56AC,0x5B2A,0x5F6C,0x658C,
0x6AB3,0x6BAF,0x6D5C,0x6FF1,0x7015,0x725D,0x73AD,0x8CA7,
0x8CD3,0x983B,0x6191,0x6C37,0x8058,0x9A01,0x4E4D,0x4E8B,
0x4E9B,0x4ED5,0x4F3A,0x4F3C,0x4F7F,0x4FDF,0x50FF,0x53F2,
0x53F8,0x5506,0x55E3,0x56DB,0x58EB,0x5962,0x5A11,0x5BEB,
0x5BFA,0x5C04,0x5DF3,0x5E2B,0x5F99,0x601D,0x6368,0x659C,
0x65AF,0x67F6,0x67FB,0x68AD,0x6B7B,0x6C99,0x6CD7,0x6E23,
0x7009,0x7345,0x7802,0x793E,0x7940,0x7960,0x79C1,0x7BE9,
0x7D17,0x7D72,0x8086,0x820D,0x838E,0x84D1,0x86C7,0x88DF,
0x8A50,0x8A5E,0x8B1D,0x8CDC,0x8D66,0x8FAD,0x90AA,0x98FC,
0x99DF,0x9E9D,0x524A,0xF969,0x6714,0xF96A,     0,     0,
     0,     0,     0,     0,     0,     0,     0,     0,
     0,     0,     0,     0,     0,     0,     0,     0,
     0,     0,     0,     0,     0,     0,     0,     0,
     0,     0,     0,     0,     0,     0,     0,     0,
     0,     0,     0,     0,     0,     0,     0,     0,
     0,     0,     0,     0,     0,     0,     0,     0,
     0,     0,     0,     0,     0,     0,     0,     0,
     0,     0,     0,     0,     0,     0,     0,     0,
     0,     0,     0,     0,     0,     0,     0,     0,
     0,     0,     0,     0,     0,     0,     0,     0,
     0,     0,     0,     0,     0,     0,     0,     0,
     0,     0,     0,     0,     0,     0,     0,     0,
     0,     0,     0,     0,     0,     0,     0,     0,
     0,     0,     0,     0,     0,     0,     0,     0,
     0,     0,     0,     0,     0,     0,     0,     0,
     0,     0,     0,     0,     0,     0,     0,     0,
     0,     0,     0,     0,     0,     0,     0,     0,
     0,     0,     0,     0,     0,     0,     0,     0,
     0,     0,     0,     0,     0,     0,     0,     0,
     0,     0,     0,     0,     0,     0,     0,     0,
0x5098,0x522A,0x5C71,0x6563,0x6C55,0x73CA,0x7523,0x759D,
0x7B97,0x849C,0x9178,0x9730,0x4E77,0x6492,0x6BBA,0x715E,
0x85A9,0x4E09,0xF96B,0x6749,0x68EE,0x6E17,0x829F,0x8518,
0x886B,0x63F7,0x6F81,0x9212,0x98AF,0x4E0A,0x50B7,0x50CF,
0x511F,0x5546,0x55AA,0x5617,0x5B40,0x5C19,0x5CE0,0x5E38,
0x5E8A,0x5EA0,0x5EC2,0x60F3,0x6851,0x6A61,0x6E58,0x723D,
0x7240,0x72C0,0x76F8,0x7965,0x7BB1,0x7FD4,0x88F3,0x89F4,
0x8A73,0x8C61,0x8CDE,0x971C,0x585E,0x74BD,0x8CFD,0x55C7,
0xF96C,0x7A61,0x7D22,0x8272,0x7272,0x751F,0x7525,0xF96D,
0x7B19,0x5885,0x58FB,0x5DBC,0x5E8F,0x5EB6,0x5F90,0x6055,
0x6292,0x637F,0x654D,0x6691,0x66D9,0x66F8,0x6816,0x68F2,
0x7280,0x745E,0x7B6E,0x7D6E,0x7DD6,0x7F72,     0,     0,
     0,     0,     0,     0,     0,     0,     0,     0,
     0,     0,     0,     0,     0,     0,     0,     0,
     0,     0,     0,     0,     0,     0,     0,     0,
     0,     0,     0,     0,     0,     0,     0,     0,
     0,     0,     0,     0,     0,     0,     0,     0,
     0,     0,     0,     0,     0,     0,     0,     0,
     0,     0,     0,     0,     0,     0,     0,     0,
     0,     0,     0,     0,     0,     0,     0,     0,
     0,     0,     0,     0,     0,     0,     0,     0,
     0,     0,     0,     0,     0,     0,     0,     0,
     0,     0,     0,     0,     0,     0,     0,     0,
     0,     0,     0,     0,     0,     0,     0,     0,
     0,     0,     0,     0,     0,     0,     0,     0,
     0,     0,     0,     0,     0,     0,     0,     0,
     0,     0,     0,     0,     0,     0,     0,     0,
     0,     0,     0,     0,     0,     0,     0,     0,
     0,     0,     0,     0,     0,     0,     0,     0,
     0,     0,     0,     0,     0,     0,     0,     0,
     0,     0,     0,     0,     0,     0,     0,     0,
     0,     0,     0,     0,     0,     0,     0,     0,
0x80E5,0x8212,0x85AF,0x897F,0x8A93,0x901D,0x92E4,0x9ECD,
0x9F20,0x5915,0x596D,0x5E2D,0x60DC,0x6614,0x6673,0x6790,
0x6C50,0x6DC5,0x6F5F,0x77F3,0x78A9,0x84C6,0x91CB,0x932B,
0x4ED9,0x50CA,0x5148,0x5584,0x5B0B,0x5BA3,0x6247,0x657E,
0x65CB,0x6E32,0x717D,0x7401,0x7444,0x7487,0x74BF,0x766C,
0x79AA,0x7DDA,0x7E55,0x7FA8,0x817A,0x81B3,0x8239,0x861A,
0x87EC,0x8A75,0x8DE3,0x9078,0x9291,0x9425,0x994D,0x9BAE,
0x5368,0x5C51,0x6954,0x6CC4,0x6D29,0x6E2B,0x820C,0x859B,
0x893B,0x8A2D,0x8AAA,0x96EA,0x9F67,0x5261,0x66B9,0x6BB2,
0x7E96,0x87FE,0x8D0D,0x9583,0x965D,0x651D,0x6D89,0x71EE,
0xF96E,0x57CE,0x59D3,0x5BAC,0x6027,0x60FA,0x6210,0x661F,
0x665F,0x7329,0x73F9,0x76DB,0x7701,0x7B6C,     0,     0,
     0,     0,     0,     0,     0,     0,     0,     0,
     0,     0,     0,     0,     0,     0,     0,     0,
     0,     0,     0,     0,     0,     0,     0,     0,
     0,     0,     0,     0,     0,     0,     0,     0,
     0,     0,     0,     0,     0,     0,     0,     0,
     0,     0,     0,     0,     0,     0,     0,     0,
     0,     0,     0,     0,     0,     0,     0,     0,
     0,     0,     0,     0,     0,     0,     0,     0,
     0,     0,     0,     0,     0,     0,     0,     0,
     0,     0,     0,     0,     0,     0,     0,     0,
     0,     0,     0,     0,     0,     0,     0,     0,
     0,     0,     0,     0,     0,     0,     0,     0,
     0,     0,     0,     0,     0,     0,     0,     0,
     0,     0,     0,     0,     0,     0,     0,     0,
     0,     0,     0,     0,     0,     0,     0,     0,
     0,     0,     0,     0,     0,     0,     0,     0,
     0,     0,     0,     0,     0,     0,     0,     0,
     0,     0,     0,     0,     0,     0,     0,     0,
     0,     0,     0,     0,     0,     0,     0,     0,
     0,     0,     0,     0,     0,     0,     0,     0,
0x8056,0x8072,0x8165,0x8AA0,0x9192,0x4E16,0x52E2,0x6B72,
0x6D17,0x7A05,0x7B39,0x7D30,0xF96F,0x8CB0,0x53EC,0x562F,
0x5851,0x5BB5,0x5C0F,0x5C11,0x5DE2,0x6240,0x6383,0x6414,
0x662D,0x68B3,0x6CBC,0x6D88,0x6EAF,0x701F,0x70A4,0x71D2,
0x7526,0x758F,0x758E,0x7619,0x7B11,0x7BE0,0x7C2B,0x7D20,
0x7D39,0x852C,0x856D,0x8607,0x8A34,0x900D,0x9061,0x90B5,
0x92B7,0x97F6,0x9A37,0x4FD7,0x5C6C,0x675F,0x6D91,0x7C9F,
0x7E8C,0x8B16,0x8D16,0x901F,0x5B6B,0x5DFD,0x640D,0x84C0,
0x905C,0x98E1,0x7387,0x5B8B,0x609A,0x677E,0x6DDE,0x8A1F,
0x8AA6,0x9001,0x980C,0x5237,0xF970,0x7051,0x788E,0x9396,
0x8870,0x91D7,0x4FEE,0x53D7,0x55FD,0x56DA,0x5782,0x58FD,
0x5AC2,0x5B88,0x5CAB,0x5CC0,0x5E25,0x6101,     0,     0,
     0,     0,     0,     0,     0,     0,     0,     0,
     0,     0,     0,     0,     0,     0,     0,     0,
     0,     0,     0,     0,     0,     0,     0,     0,
     0,     0,     0,     0,     0,     0,     0,     0,
     0,     0,     0,     0,     0,     0,     0,     0,
     0,     0,     0,     0,     0,     0,     0,     0,
     0,     0,     0,     0,     0,     0,     0,     0,
     0,     0,     0,     0,     0,     0,     0,     0,
     0,     0,     0,     0,     0,     0,     0,     0,
     0,     0,     0,     0,     0,     0,     0,     0,
     0,     0,     0,     0,     0,     0,     0,     0,
     0,     0,     0,     0,     0,     0,     0,     0,
     0,     0,     0,     0,     0,     0,     0,     0,
     0,     0,     0,     0,     0,     0,     0,     0,
     0,     0,     0,     0,     0,     0,     0,     0,
     0,     0,     0,     0,     0,     0,     0,     0,
     0,     0,     0,     0,     0,     0,     0,     0,
     0,     0,     0,     0,     0,     0,     0,     0,
     0,     0,     0,     0,     0,     0,     0,     0,
     0,     0,     0,     0,     0,     0,     0,     0,
0x620D,0x624B,0x6388,0x641C,0x6536,0x6578,0x6A39,0x6B8A,
0x6C34,0x6D19,0x6F31,0x71E7,0x72E9,0x7378,0x7407,0x74B2,
0x7626,0x7761,0x79C0,0x7A57,0x7AEA,0x7CB9,0x7D8F,0x7DAC,
0x7E61,0x7F9E,0x8129,0x8331,0x8490,0x84DA,0x85EA,0x8896,
0x8AB0,0x8B90,0x8F38,0x9042,0x9083,0x916C,0x9296,0x92B9,
0x968B,0x96A7,0x96A8,0x96D6,0x9700,0x9808,0x9996,0x9AD3,
0x9B1A,0x53D4,0x587E,0x5919,0x5B70,0x5BBF,0x6DD1,0x6F5A,
0x719F,0x7421,0x74B9,0x8085,0x83FD,0x5DE1,0x5F87,0x5FAA,
0x6042,0x65EC,0x6812,0x696F,0x6A53,0x6B89,0x6D35,0x6DF3,
0x73E3,0x76FE,0x77AC,0x7B4D,0x7D14,0x8123,0x821C,0x8340,
0x84F4,0x8563,0x8A62,0x8AC4,0x9187,0x931E,0x9806,0x99B4,
0x620C,0x8853,0x8FF0,0x9265,0x5D07,0x5D27,     0,     0,
     0,     0,     0,     0,     0,     0,     0,     0,
     0,     0,     0,     0,     0,     0,     0,     0,
     0,     0,     0,     0,     0,     0,     0,     0,
     0,     0,     0,     0,     0,     0,     0,     0,
     0,     0,     0,     0,     0,     0,     0,     0,
     0,     0,     0,     0,     0,     0,     0,     0,
     0,     0,     0,     0,     0,     0,     0,     0,
     0,     0,     0,     0,     0,     0,     0,     0,
     0,     0,     0,     0,     0,     0,     0,     0,
     0,     0,     0,     0,     0,     0,     0,     0,
     0,     0,     0,     0,     0,     0,     0,     0,
     0,     0,     0,     0,     0,     0,     0,     0,
     0,     0,     0,     0,     0,     0,     0,     0,
     0,     0,     0,     0,     0,     0,     0,     0,
     0,     0,     0,     0,     0,     0,     0,     0,
     0,     0,     0,     0,     0,     0,     0,     0,
     0,     0,     0,     0,     0,     0,     0,     0,
     0,     0,     0,     0,     0,     0,     0,     0,
     0,     0,     0,     0,     0,     0,     0,     0,
     0,     0,     0,     0,     0,     0,     0,     0,
0x5D69,0x745F,0x819D,0x8768,0x6FD5,0x62FE,0x7FD2,0x8936,
0x8972,0x4E1E,0x4E58,0x50E7,0x52DD,0x5347,0x627F,0x6607,
0x7E69,0x8805,0x965E,0x4F8D,0x5319,0x5636,0x59CB,0x5AA4,
0x5C38,0x5C4E,0x5C4D,0x5E02,0x5F11,0x6043,0x65BD,0x662F,
0x6642,0x67BE,0x67F4,0x731C,0x77E2,0x793A,0x7FC5,0x8494,
0x84CD,0x8996,0x8A66,0x8A69,0x8AE1,0x8C55,0x8C7A,0x57F4,
0x5BD4,0x5F0F,0x606F,0x62ED,0x690D,0x6B96,0x6E5C,0x7184,
0x7BD2,0x8755,0x8B58,0x8EFE,0x98DF,0x98FE,0x4F38,0x4F81,
0x4FE1,0x547B,0x5A20,0x5BB8,0x613C,0x65B0,0x6668,0x71FC,
0x7533,0x795E,0x7D33,0x814E,0x81E3,0x8398,0x85AA,0x85CE,
0x8703,0x8A0A,0x8EAB,0x8F9B,0xF971,0x8FC5,0x5931,0x5BA4,
0x5BE6,0x6089,0x5BE9,0x5C0B,0x5FC3,0x6C81,     0,     0,
     0,     0,     0,     0,     0,     0,     0,     0,
     0,     0,     0,     0,     0,     0,     0,     0,
     0,     0,     0,     0,     0,     0,     0,     0,
     0,     0,     0,     0,     0,     0,     0,     0,
     0,     0,     0,     0,     0,     0,     0,     0,
     0,     0,     0,     0,     0,     0,     0,     0,
     0,     0,     0,     0,     0,     0,     0,     0,
     0,     0,     0,     0,     0,     0,     0,     0,
     0,     0,     0,     0,     0,     0,     0,     0,
     0,     0,     0,     0,     0,     0,     0,     0,
     0,     0,     0,     0,     0,     0,     0,     0,
     0,     0,     0,     0,     0,     0,     0,     0,
     0,     0,     0,     0,     0,     0,     0,     0,
     0,     0,     0,     0,     0,     0,     0,     0,
     0,     0,     0,     0,     0,     0,     0,     0,
     0,     0,     0,     0,     0,     0,     0,     0,
     0,     0,     0,     0,     0,     0,     0,     0,
     0,     0,     0,     0,     0,     0,     0,     0,
     0,     0,     0,     0,     0,     0,     0,     0,
     0,     0,     0,     0,     0,     0,     0,     0,
0xF972,0x6DF1,0x700B,0x751A,0x82AF,0x8AF6,0x4EC0,0x5341,
0xF973,0x96D9,0x6C0F,0x4E9E,0x4FC4,0x5152,0x555E,0x5A25,
0x5CE8,0x6211,0x7259,0x82BD,0x83AA,0x86FE,0x8859,0x8A1D,
0x963F,0x96C5,0x9913,0x9D09,0x9D5D,0x580A,0x5CB3,0x5DBD,
0x5E44,0x60E1,0x6115,0x63E1,0x6A02,0x6E25,0x9102,0x9354,
0x984E,0x9C10,0x9F77,0x5B89,0x5CB8,0x6309,0x664F,0x6848,
0x773C,0x96C1,0x978D,0x9854,0x9B9F,0x65A1,0x8B01,0x8ECB,
0x95BC,0x5535,0x5CA9,0x5DD6,0x5EB5,0x6697,0x764C,0x83F4,
0x95C7,0x58D3,0x62BC,0x72CE,0x9D28,0x4EF0,0x592E,0x600F,
0x663B,0x6B83,0x79E7,0x9D26,0x5393,0x54C0,0x57C3,0x5D16,
0x611B,0x66D6,0x6DAF,0x788D,0x827E,0x9698,0x9744,0x5384,
0x627C,0x6396,0x6DB2,0x7E0A,0x814B,0x984D,     0,     0,
     0,     0,     0,     0,     0,     0,     0,     0,
     0,     0,     0,     0,     0,     0,     0,     0,
     0,     0,     0,     0,     0,     0,     0,     0,
     0,     0,     0,     0,     0,     0,     0,     0,
     0,     0,     0,     0,     0,     0,     0,     0,
     0,     0,     0,     0,     0,     0,     0,     0,
     0,     0,     0,     0,     0,     0,     0,     0,
     0,     0,     0,     0,     0,     0,     0,     0,
     0,     0,     0,     0,     0,     0,     0,     0,
     0,     0,     0,     0,     0,     0,     0,     0,
     0,     0,     0,     0,     0,     0,     0,     0,
     0,     0,     0,     0,     0,     0,     0,     0,
     0,     0,     0,     0,     0,     0,     0,     0,
     0,     0,     0,     0,     0,     0,     0,     0,
     0,     0,     0,     0,     0,     0,     0,     0,
     0,     0,     0,     0,     0,     0,     0,     0,
     0,     0,     0,     0,     0,     0,     0,     0,
     0,     0,     0,     0,     0,     0,     0,     0,
     0,     0,     0,     0,     0,     0,     0,     0,
     0,     0,     0,     0,     0,     0,     0,     0,
0x6AFB,0x7F4C,0x9DAF,0x9E1A,0x4E5F,0x503B,0x51B6,0x591C,
0x60F9,0x63F6,0x6930,0x723A,0x8036,0xF974,0x91CE,0x5F31,
0xF975,0xF976,0x7D04,0x82E5,0x846F,0x84BB,0x85E5,0x8E8D,
0xF977,0x4F6F,0xF978,0xF979,0x58E4,0x5B43,0x6059,0x63DA,
0x6518,0x656D,0x6698,0xF97A,0x694A,0x6A23,0x6D0B,0x7001,
0x716C,0x75D2,0x760D,0x79B3,0x7A70,0xF97B,0x7F8A,0xF97C,
0x8944,0xF97D,0x8B93,0x91C0,0x967D,0xF97E,0x990A,0x5704,
0x5FA1,0x65BC,0x6F01,0x7600,0x79A6,0x8A9E,0x99AD,0x9B5A,
0x9F6C,0x5104,0x61B6,0x6291,0x6A8D,0x81C6,0x5043,0x5830,
0x5F66,0x7109,0x8A00,0x8AFA,0x5B7C,0x8616,0x4FFA,0x513C,
0x56B4,0x5944,0x63A9,0x6DF9,0x5DAA,0x696D,0x5186,0x4E88,
0x4F59,0xF97F,0xF980,0xF981,0x5982,0xF982,     0,     0,
     0,     0,     0,     0,     0,     0,     0,     0,
     0,     0,     0,     0,     0,     0,     0,     0,
     0,     0,     0,     0,     0,     0,     0,     0,
     0,     0,     0,     0,     0,     0,     0,     0,
     0,     0,     0,     0,     0,     0,     0,     0,
     0,     0,     0,     0,     0,     0,     0,     0,
     0,     0,     0,     0,     0,     0,     0,     0,
     0,     0,     0,     0,     0,     0,     0,     0,
     0,     0,     0,     0,     0,     0,     0,     0,
     0,     0,     0,     0,     0,     0,     0,     0,
     0,     0,     0,     0,     0,     0,     0,     0,
     0,     0,     0,     0,     0,     0,     0,     0,
     0,     0,     0,     0,     0,     0,     0,     0,
     0,     0,     0,     0,     0,     0,     0,     0,
     0,     0,     0,     0,     0,     0,     0,     0,
     0,     0,     0,     0,     0,     0,     0,     0,
     0,     0,     0,     0,     0,     0,     0,     0,
     0,     0,     0,     0,     0,     0,     0,     0,
     0,     0,     0,     0,     0,     0,     0,     0,
     0,     0,     0,     0,     0,     0,     0,     0,
0xF983,0x6B5F,0x6C5D,0xF984,0x74B5,0x7916,0xF985,0x8207,
0x8245,0x8339,0x8F3F,0x8F5D,0xF986,0x9918,0xF987,0xF988,
0xF989,0x4EA6,0xF98A,0x57DF,0x5F79,0x6613,0xF98B,0xF98C,
0x75AB,0x7E79,0x8B6F,0xF98D,0x9006,0x9A5B,0x56A5,0x5827,
0x59F8,0x5A1F,0x5BB4,0xF98E,0x5EF6,0xF98F,0xF990,0x6350,
0x633B,0xF991,0x693D,0x6C87,0x6CBF,0x6D8E,0x6D93,0x6DF5,
0x6F14,0xF992,0x70DF,0x7136,0x7159,0xF993,0x71C3,0x71D5,
0xF994,0x784F,0x786F,0xF995,0x7B75,0x7DE3,0xF996,0x7E2F,
0xF997,0x884D,0x8EDF,0xF998,0xF999,0xF99A,0x925B,0xF99B,
0x9CF6,0xF99C,0xF99D,0xF99E,0x6085,0x6D85,0xF99F,0x71B1,
0xF9A0,0xF9A1,0x95B1,0x53AD,0xF9A2,0xF9A3,0xF9A4,0x67D3,
0xF9A5,0x708E,0x7130,0x7430,0x8276,0x82D2,     0,     0,
     0,     0,     0,     0,     0,     0,     0,     0,
     0,     0,     0,     0,     0,     0,     0,     0,
     0,     0,     0,     0,     0,     0,     0,     0,
     0,     0,     0,     0,     0,     0,     0,     0,
     0,     0,     0,     0,     0,     0,     0,     0,
     0,     0,     0,     0,     0,     0,     0,     0,
     0,     0,     0,     0,     0,     0,     0,     0,
     0,     0,     0,     0,     0,     0,     0,     0,
     0,     0,     0,     0,     0,     0,     0,     0,
     0,     0,     0,     0,     0,     0,     0,     0,
     0,     0,     0,     0,     0,     0,     0,     0,
     0,     0,     0,     0,     0,     0,     0,     0,
     0,     0,     0,     0,     0,     0,     0,     0,
     0,     0,     0,     0,     0,     0,     0,     0,
     0,     0,     0,     0,     0,     0,     0,     0,
     0,     0,     0,     0,     0,     0,     0,     0,
     0,     0,     0,     0,     0,     0,     0,     0,
     0,     0,     0,     0,     0,     0,     0,     0,
     0,     0,     0,     0,     0,     0,     0,     0,
     0,     0,     0,     0,     0,     0,     0,     0,
0xF9A6,0x95BB,0x9AE5,0x9E7D,0x66C4,0xF9A7,0x71C1,0x8449,
0xF9A8,0xF9A9,0x584B,0xF9AA,0xF9AB,0x5DB8,0x5F71,0xF9AC,
0x6620,0x668E,0x6979,0x69AE,0x6C38,0x6CF3,0x6E36,0x6F41,
0x6FDA,0x701B,0x702F,0x7150,0x71DF,0x7370,0xF9AD,0x745B,
0xF9AE,0x74D4,0x76C8,0x7A4E,0x7E93,0xF9AF,0xF9B0,0x82F1,
0x8A60,0x8FCE,0xF9B1,0x9348,0xF9B2,0x9719,0xF9B3,0xF9B4,
0x4E42,0x502A,0xF9B5,0x5208,0x53E1,0x66F3,0x6C6D,0x6FCA,
0x730A,0x777F,0x7A62,0x82AE,0x85DD,0x8602,0xF9B6,0x88D4,
0x8A63,0x8B7D,0x8C6B,0xF9B7,0x92B3,0xF9B8,0x9713,0x9810,
0x4E94,0x4F0D,0x4FC9,0x50B2,0x5348,0x543E,0x5433,0x55DA,
0x5862,0x58BA,0x5967,0x5A1B,0x5BE4,0x609F,0xF9B9,0x61CA,
0x6556,0x65FF,0x6664,0x68A7,0x6C5A,0x6FB3,     0,     0,
     0,     0,     0,     0,     0,     0,     0,     0,
     0,     0,     0,     0,     0,     0,     0,     0,
     0,     0,     0,     0,     0,     0,     0,     0,
     0,     0,     0,     0,     0,     0,     0,     0,
     0,     0,     0,     0,     0,     0,     0,     0,
     0,     0,     0,     0,     0,     0,     0,     0,
     0,     0,     0,     0,     0,     0,     0,     0,
     0,     0,     0,     0,     0,     0,     0,     0,
     0,     0,     0,     0,     0,     0,     0,     0,
     0,     0,     0,     0,     0,     0,     0,     0,
     0,     0,     0,     0,     0,     0,     0,     0,
     0,     0,     0,     0,     0,     0,     0,     0,
     0,     0,     0,     0,     0,     0,     0,     0,
     0,     0,     0,     0,     0,     0,     0,     0,
     0,     0,     0,     0,     0,     0,     0,     0,
     0,     0,     0,     0,     0,     0,     0,     0,
     0,     0,     0,     0,     0,     0,     0,     0,
     0,     0,     0,     0,     0,     0,     0,     0,
     0,     0,     0,     0,     0,     0,     0,     0,
     0,     0,     0,     0,     0,     0,     0,     0,
0x70CF,0x71AC,0x7352,0x7B7D,0x8708,0x8AA4,0x9C32,0x9F07,
0x5C4B,0x6C83,0x7344,0x7389,0x923A,0x6EAB,0x7465,0x761F,
0x7A69,0x7E15,0x860A,0x5140,0x58C5,0x64C1,0x74EE,0x7515,
0x7670,0x7FC1,0x9095,0x96CD,0x9954,0x6E26,0x74E6,0x7AA9,
0x7AAA,0x81E5,0x86D9,0x8778,0x8A1B,0x5A49,0x5B8C,0x5B9B,
0x68A1,0x6900,0x6D63,0x73A9,0x7413,0x742C,0x7897,0x7DE9,
0x7FEB,0x8118,0x8155,0x839E,0x8C4C,0x962E,0x9811,0x66F0,
0x5F80,0x65FA,0x6789,0x6C6A,0x738B,0x502D,0x5A03,0x6B6A,
0x77EE,0x5916,0x5D6C,0x5DCD,0x7325,0x754F,0xF9BA,0xF9BB,
0x50E5,0x51F9,0x582F,0x592D,0x5996,0x59DA,0x5BE5,0xF9BC,
0xF9BD,0x5DA2,0x62D7,0x6416,0x6493,0x64FE,0xF9BE,0x66DC,
0xF9BF,0x6A48,0xF9C0,0x71FF,0x7464,0xF9C1,     0,     0,
     0,     0,     0,     0,     0,     0,     0,     0,
     0,     0,     0,     0,     0,     0,     0,     0,
     0,     0,     0,     0,     0,     0,     0,     0,
     0,     0,     0,     0,     0,     0,     0,     0,
     0,     0,     0,     0,     0,     0,     0,     0,
     0,     0,     0,     0,     0,     0,     0,     0,
     0,     0,     0,     0,     0,     0,     0,     0,
     0,     0,     0,     0,     0,     0,     0,     0,
     0,     0,     0,     0,     0,     0,     0,     0,
     0,     0,     0,     0,     0,     0,     0,     0,
     0,     0,     0,     0,     0,     0,     0,     0,
     0,     0,     0,     0,     0,     0,     0,     0,
     0,     0,     0,     0,     0,     0,     0,     0,
     0,     0,     0,     0,     0,     0,     0,     0,
     0,     0,     0,     0,     0,     0,     0,     0,
     0,     0,     0,     0,     0,     0,     0,     0,
     0,     0,     0,     0,     0,     0,     0,     0,
     0,     0,     0,     0,     0,     0,     0,     0,
     0,     0,     0,     0,     0,     0,     0,     0,
     0,     0,     0,     0,     0,     0,     0,     0,
0x7A88,0x7AAF,0x7E47,0x7E5E,0x8000,0x8170,0xF9C2,0x87EF,
0x8981,0x8B20,0x9059,0xF9C3,0x9080,0x9952,0x617E,0x6B32,
0x6D74,0x7E1F,0x8925,0x8FB1,0x4FD1,0x50AD,0x5197,0x52C7,
0x57C7,0x5889,0x5BB9,0x5EB8,0x6142,0x6995,0x6D8C,0x6E67,
0x6EB6,0x7194,0x7462,0x7528,0x752C,0x8073,0x8338,0x84C9,
0x8E0A,0x9394,0x93DE,0xF9C4,0x4E8E,0x4F51,0x5076,0x512A,
0x53C8,0x53CB,0x53F3,0x5B87,0x5BD3,0x5C24,0x611A,0x6182,
0x65F4,0x725B,0x7397,0x7440,0x76C2,0x7950,0x7991,0x79B9,
0x7D06,0x7FBD,0x828B,0x85D5,0x865E,0x8FC2,0x9047,0x90F5,
0x91EA,0x9685,0x96E8,0x96E9,0x52D6,0x5F67,0x65ED,0x6631,
0x682F,0x715C,0x7A36,0x90C1,0x980A,0x4E91,0xF9C5,0x6A52,
0x6B9E,0x6F90,0x7189,0x8018,0x82B8,0x8553,     0,     0,
     0,     0,     0,     0,     0,     0,     0,     0,
     0,     0,     0,     0,     0,     0,     0,     0,
     0,     0,     0,     0,     0,     0,     0,     0,
     0,     0,     0,     0,     0,     0,     0,     0,
     0,     0,     0,     0,     0,     0,     0,     0,
     0,     0,     0,     0,     0,     0,     0,     0,
     0,     0,     0,     0,     0,     0,     0,     0,
     0,     0,     0,     0,     0,     0,     0,     0,
     0,     0,     0,     0,     0,     0,     0,     0,
     0,     0,     0,     0,     0,     0,     0,     0,
     0,     0,     0,     0,     0,     0,     0,     0,
     0,     0,     0,     0,     0,     0,     0,     0,
     0,     0,     0,     0,     0,     0,     0,     0,
     0,     0,     0,     0,     0,     0,     0,     0,
     0,     0,     0,     0,     0,     0,     0,     0,
     0,     0,     0,     0,     0,     0,     0,     0,
     0,     0,     0,     0,     0,     0,     0,     0,
     0,     0,     0,     0,     0,     0,     0,     0,
     0,     0,     0,     0,     0,     0,     0,     0,
     0,     0,     0,     0,     0,     0,     0,     0,
0x904B,0x9695,0x96F2,0x97FB,0x851A,0x9B31,0x4E90,0x718A,
0x96C4,0x5143,0x539F,0x54E1,0x5713,0x5712,0x57A3,0x5A9B,
0x5AC4,0x5BC3,0x6028,0x613F,0x63F4,0x6C85,0x6D39,0x6E72,
0x6E90,0x7230,0x733F,0x7457,0x82D1,0x8881,0x8F45,0x9060,
0xF9C6,0x9662,0x9858,0x9D1B,0x6708,0x8D8A,0x925E,0x4F4D,
0x5049,0x50DE,0x5371,0x570D,0x59D4,0x5A01,0x5C09,0x6170,
0x6690,0x6E2D,0x7232,0x744B,0x7DEF,0x80C3,0x840E,0x8466,
0x853F,0x875F,0x885B,0x8918,0x8B02,0x9055,0x97CB,0x9B4F,
0x4E73,0x4F91,0x5112,0x516A,0xF9C7,0x552F,0x55A9,0x5B7A,
0x5BA5,0x5E7C,0x5E7D,0x5EBE,0x60A0,0x60DF,0x6108,0x6109,
0x63C4,0x6538,0x6709,0xF9C8,0x67D4,0x67DA,0xF9C9,0x6961,
0x6962,0x6CB9,0x6D27,0xF9CA,0x6E38,0xF9CB,     0,     0,
     0,     0,     0,     0,     0,     0,     0,     0,
     0,     0,     0,     0,     0,     0,     0,     0,
     0,     0,     0,     0,     0,     0,     0,     0,
     0,     0,     0,     0,     0,     0,     0,     0,
     0,     0,     0,     0,     0,     0,     0,     0,
     0,     0,     0,     0,     0,     0,     0,     0,
     0,     0,     0,     0,     0,     0,     0,     0,
     0,     0,     0,     0,     0,     0,     0,     0,
     0,     0,     0,     0,     0,     0,     0,     0,
     0,     0,     0,     0,     0,     0,     0,     0,
     0,     0,     0,     0,     0,     0,     0,     0,
     0,     0,     0,     0,     0,     0,     0,     0,
     0,     0,     0,     0,     0,     0,     0,     0,
     0,     0,     0,     0,     0,     0,     0,     0,
     0,     0,     0,     0,     0,     0,     0,     0,
     0,     0,     0,     0,     0,     0,     0,     0,
     0,     0,     0,     0,     0,     0,     0,     0,
     0,     0,     0,     0,     0,     0,     0,     0,
     0,     0,     0,     0,     0,     0,     0,     0,
     0,     0,     0,     0,     0,     0,     0,     0,
0x6FE1,0x7336,0x7337,0xF9CC,0x745C,0x7531,0xF9CD,0x7652,
0xF9CE,0xF9CF,0x7DAD,0x81FE,0x8438,0x88D5,0x8A98,0x8ADB,
0x8AED,0x8E30,0x8E42,0x904A,0x903E,0x907A,0x9149,0x91C9,
0x936E,0xF9D0,0xF9D1,0x5809,0xF9D2,0x6BD3,0x8089,0x80B2,
0xF9D3,0xF9D4,0x5141,0x596B,0x5C39,0xF9D5,0xF9D6,0x6F64,
0x73A7,0x80E4,0x8D07,0xF9D7,0x9217,0x958F,0xF9D8,0xF9D9,
0xF9DA,0xF9DB,0x807F,0x620E,0x701C,0x7D68,0x878D,0xF9DC,
0x57A0,0x6069,0x6147,0x6BB7,0x8ABE,0x9280,0x96B1,0x4E59,
0x541F,0x6DEB,0x852D,0x9670,0x97F3,0x98EE,0x63D6,0x6CE3,
0x9091,0x51DD,0x61C9,0x81BA,0x9DF9,0x4F9D,0x501A,0x5100,
0x5B9C,0x610F,0x61FF,0x64EC,0x6905,0x6BC5,0x7591,0x77E3,
0x7FA9,0x8264,0x858F,0x87FB,0x8863,0x8ABC,     0,     0,
     0,     0,     0,     0,     0,     0,     0,     0,
     0,     0,     0,     0,     0,     0,     0,     0,
     0,     0,     0,     0,     0,     0,     0,     0,
     0,     0,     0,     0,     0,     0,     0,     0,
     0,     0,     0,     0,     0,     0,     0,     0,
     0,     0,     0,     0,     0,     0,     0,     0,
     0,     0,     0,     0,     0,     0,     0,     0,
     0,     0,     0,     0,     0,     0,     0,     0,
     0,     0,     0,     0,     0,     0,     0,     0,
     0,     0,     0,     0,     0,     0,     0,     0,
     0,     0,     0,     0,     0,     0,     0,     0,
     0,     0,     0,     0,     0,     0,     0,     0,
     0,     0,     0,     0,     0,     0,     0,     0,
     0,     0,     0,     0,     0,     0,     0,     0,
     0,     0,     0,     0,     0,     0,     0,     0,
     0,     0,     0,     0,     0,     0,     0,     0,
     0,     0,     0,     0,     0,     0,     0,     0,
     0,     0,     0,     0,     0,     0,     0,     0,
     0,     0,     0,     0,     0,     0,     0,     0,
     0,     0,     0,     0,     0,     0,     0,     0,
0x8B70,0x91AB,0x4E8C,0x4EE5,0x4F0A,0xF9DD,0xF9DE,0x5937,
0x59E8,0xF9DF,0x5DF2,0x5F1B,0x5F5B,0x6021,0xF9E0,0xF9E1,
0xF9E2,0xF9E3,0x723E,0x73E5,0xF9E4,0x7570,0x75CD,0xF9E5,
0x79FB,0xF9E6,0x800C,0x8033,0x8084,0x82E1,0x8351,0xF9E7,
0xF9E8,0x8CBD,0x8CB3,0x9087,0xF9E9,0xF9EA,0x98F4,0x990C,
0xF9EB,0xF9EC,0x7037,0x76CA,0x7FCA,0x7FCC,0x7FFC,0x8B1A,
0x4EBA,0x4EC1,0x5203,0x5370,0xF9ED,0x54BD,0x56E0,0x59FB,
0x5BC5,0x5F15,0x5FCD,0x6E6E,0xF9EE,0xF9EF,0x7D6A,0x8335,
0xF9F0,0x8693,0x8A8D,0xF9F1,0x976D,0x9777,0xF9F2,0xF9F3,
0x4E00,0x4F5A,0x4F7E,0x58F9,0x65E5,0x6EA2,0x9038,0x93B0,
0x99B9,0x4EFB,0x58EC,0x598A,0x59D9,0x6041,0xF9F4,0xF9F5,
0x7A14,0xF9F6,0x834F,0x8CC3,0x5165,0x5344,     0,     0,
     0,     0,     0,     0,     0,     0,     0,     0,
     0,     0,     0,     0,     0,     0,     0,     0,
     0,     0,     0,     0,     0,     0,     0,     0,
     0,     0,     0,     0,     0,     0,     0,     0,
     0,     0,     0,     0,     0,     0,     0,     0,
     0,     0,     0,     0,     0,     0,     0,     0,
     0,     0,     0,     0,     0,     0,     0,     0,
     0,     0,     0,     0,     0,     0,     0,     0,
     0,     0,     0,     0,     0,     0,     0,     0,
     0,     0,     0,     0,     0,     0,     0,     0,
     0,     0,     0,     0,     0,     0,     0,     0,
     0,     0,     0,     0,     0,     0,     0,     0,
     0,     0,     0,     0,     0,     0,     0,     0,
     0,     0,     0,     0,     0,     0,     0,     0,
     0,     0,     0,     0,     0,     0,     0,     0,
     0,     0,     0,     0,     0,     0,     0,     0,
     0,     0,     0,     0,     0,     0,     0,     0,
     0,     0,     0,     0,     0,     0,     0,     0,
     0,     0,     0,     0,     0,     0,     0,     0,
     0,     0,     0,     0,     0,     0,     0,     0,
0xF9F7,0xF9F8,0xF9F9,0x4ECD,0x5269,0x5B55,0x82BF,0x4ED4,
0x523A,0x54A8,0x59C9,0x59FF,0x5B50,0x5B57,0x5B5C,0x6063,
0x6148,0x6ECB,0x7099,0x716E,0x7386,0x74F7,0x75B5,0x78C1,
0x7D2B,0x8005,0x81EA,0x8328,0x8517,0x85C9,0x8AEE,0x8CC7,
0x96CC,0x4F5C,0x52FA,0x56BC,0x65AB,0x6628,0x707C,0x70B8,
0x7235,0x7DBD,0x828D,0x914C,0x96C0,0x9D72,0x5B71,0x68E7,
0x6B98,0x6F7A,0x76DE,0x5C91,0x66AB,0x6F5B,0x7BB4,0x7C2A,
0x8836,0x96DC,0x4E08,0x4ED7,0x5320,0x5834,0x58BB,0x58EF,
0x596C,0x5C07,0x5E33,0x5E84,0x5F35,0x638C,0x66B2,0x6756,
0x6A1F,0x6AA3,0x6B0C,0x6F3F,0x7246,0xF9FA,0x7350,0x748B,
0x7AE0,0x7CA7,0x8178,0x81DF,0x81E7,0x838A,0x846C,0x8523,
0x8594,0x85CF,0x88DD,0x8D13,0x91AC,0x9577,     0,     0,
     0,     0,     0,     0,     0,     0,     0,     0,
     0,     0,     0,     0,     0,     0,     0,     0,
     0,     0,     0,     0,     0,     0,     0,     0,
     0,     0,     0,     0,     0,     0,     0,     0,
     0,     0,     0,     0,     0,     0,     0,     0,
     0,     0,     0,     0,     0,     0,     0,     0,
     0,     0,     0,     0,     0,     0,     0,     0,
     0,     0,     0,     0,     0,     0,     0,     0,
     0,     0,     0,     0,     0,     0,     0,     0,
     0,     0,     0,     0,     0,     0,     0,     0,
     0,     0,     0,     0,     0,     0,     0,     0,
     0,     0,     0,     0,     0,     0,     0,     0,
     0,     0,     0,     0,     0,     0,     0,     0,
     0,     0,     0,     0,     0,     0,     0,     0,
     0,     0,     0,     0,     0,     0,     0,     0,
     0,     0,     0,     0,     0,     0,     0,     0,
     0,     0,     0,     0,     0,     0,     0,     0,
     0,     0,     0,     0,     0,     0,     0,     0,
     0,     0,     0,     0,     0,     0,     0,     0,
     0,     0,     0,     0,     0,     0,     0,     0,
0x969C,0x518D,0x54C9,0x5728,0x5BB0,0x624D,0x6750,0x683D,
0x6893,0x6E3D,0x6ED3,0x707D,0x7E21,0x88C1,0x8CA1,0x8F09,
0x9F4B,0x9F4E,0x722D,0x7B8F,0x8ACD,0x931A,0x4F47,0x4F4E,
0x5132,0x5480,0x59D0,0x5E95,0x62B5,0x6775,0x696E,0x6A17,
0x6CAE,0x6E1A,0x72D9,0x732A,0x75BD,0x7BB8,0x7D35,0x82E7,
0x83F9,0x8457,0x85F7,0x8A5B,0x8CAF,0x8E87,0x9019,0x90B8,
0x96CE,0x9F5F,0x52E3,0x540A,0x5AE1,0x5BC2,0x6458,0x6575,
0x6EF4,0x72C4,0xF9FB,0x7684,0x7A4D,0x7B1B,0x7C4D,0x7E3E,
0x7FDF,0x837B,0x8B2B,0x8CCA,0x8D64,0x8DE1,0x8E5F,0x8FEA,
0x8FF9,0x9069,0x93D1,0x4F43,0x4F7A,0x50B3,0x5168,0x5178,
0x524D,0x526A,0x5861,0x587C,0x5960,0x5C08,0x5C55,0x5EDB,
0x609B,0x6230,0x6813,0x6BBF,0x6C08,0x6FB1,     0,     0,
     0,     0,     0,     0,     0,     0,     0,     0,
     0,     0,     0,     0,     0,     0,     0,     0,
     0,     0,     0,     0,     0,     0,     0,     0,
     0,     0,     0,     0,     0,     0,     0,     0,
     0,     0,     0,     0,     0,     0,     0,     0,
     0,     0,     0,     0,     0,     0,     0,     0,
     0,     0,     0,     0,     0,     0,     0,     0,
     0,     0,     0,     0,     0,     0,     0,     0,
     0,     0,     0,     0,     0,     0,     0,     0,
     0,     0,     0,     0,     0,     0,     0,     0,
     0,     0,     0,     0,     0,     0,     0,     0,
     0,     0,     0,     0,     0,     0,     0,     0,
     0,     0,     0,     0,     0,     0,     0,     0,
     0,     0,     0,     0,     0,     0,     0,     0,
     0,     0,     0,     0,     0,     0,     0,     0,
     0,     0,     0,     0,     0,     0,     0,     0,
     0,     0,     0,     0,     0,     0,     0,     0,
     0,     0,     0,     0,     0,     0,     0,     0,
     0,     0,     0,     0,     0,     0,     0,     0,
     0,     0,     0,     0,     0,     0,     0,     0,
0x714E,0x7420,0x7530,0x7538,0x7551,0x7672,0x7B4C,0x7B8B,
0x7BAD,0x7BC6,0x7E8F,0x8A6E,0x8F3E,0x8F49,0x923F,0x9293,
0x9322,0x942B,0x96FB,0x985A,0x986B,0x991E,0x5207,0x622A,
0x6298,0x6D59,0x7664,0x7ACA,0x7BC0,0x7D76,0x5360,0x5CBE,
0x5E97,0x6F38,0x70B9,0x7C98,0x9711,0x9B8E,0x9EDE,0x63A5,
0x647A,0x8776,0x4E01,0x4E95,0x4EAD,0x505C,0x5075,0x5448,
0x59C3,0x5B9A,0x5E40,0x5EAD,0x5EF7,0x5F81,0x60C5,0x633A,
0x653F,0x6574,0x65CC,0x6676,0x6678,0x67FE,0x6968,0x6A89,
0x6B63,0x6C40,0x6DC0,0x6DE8,0x6E1F,0x6E5E,0x701E,0x70A1,
0x738E,0x73FD,0x753A,0x775B,0x7887,0x798E,0x7A0B,0x7A7D,
0x7CBE,0x7D8E,0x8247,0x8A02,0x8AEA,0x8C9E,0x912D,0x914A,
0x91D8,0x9266,0x92CC,0x9320,0x9706,0x9756,     0,     0,
     0,     0,     0,     0,     0,     0,     0,     0,
     0,     0,     0,     0,     0,     0,     0,     0,
     0,     0,     0,     0,     0,     0,     0,     0,
     0,     0,     0,     0,     0,     0,     0,     0,
     0,     0,     0,     0,     0,     0,     0,     0,
     0,     0,     0,     0,     0,     0,     0,     0,
     0,     0,     0,     0,     0,     0,     0,     0,
     0,     0,     0,     0,     0,     0,     0,     0,
     0,     0,     0,     0,     0,     0,     0,     0,
     0,     0,     0,     0,     0,     0,     0,     0,
     0,     0,     0,     0,     0,     0,     0,     0,
     0,     0,     0,     0,     0,     0,     0,     0,
     0,     0,     0,     0,     0,     0,     0,     0,
     0,     0,     0,     0,     0,     0,     0,     0,
     0,     0,     0,     0,     0,     0,     0,     0,
     0,     0,     0,     0,     0,     0,     0,     0,
     0,     0,     0,     0,     0,     0,     0,     0,
     0,     0,     0,     0,     0,     0,     0,     0,
     0,     0,     0,     0,     0,     0,     0,     0,
     0,     0,     0,     0,     0,     0,     0,     0,
0x975C,0x9802,0x9F0E,0x5236,0x5291,0x557C,0x5824,0x5E1D,
0x5F1F,0x608C,0x63D0,0x68AF,0x6FDF,0x796D,0x7B2C,0x81CD,
0x85BA,0x88FD,0x8AF8,0x8E44,0x918D,0x9664,0x969B,0x973D,
0x984C,0x9F4A,0x4FCE,0x5146,0x51CB,0x52A9,0x5632,0x5F14,
0x5F6B,0x63AA,0x64CD,0x65E9,0x6641,0x66FA,0x66F9,0x671D,
0x689D,0x68D7,0x69FD,0x6F15,0x6F6E,0x7167,0x71E5,0x722A,
0x74AA,0x773A,0x7956,0x795A,0x79DF,0x7A20,0x7A95,0x7C97,
0x7CDF,0x7D44,0x7E70,0x8087,0x85FB,0x86A4,0x8A54,0x8ABF,
0x8D99,0x8E81,0x9020,0x906D,0x91E3,0x963B,0x96D5,0x9CE5,
0x65CF,0x7C07,0x8DB3,0x93C3,0x5B58,0x5C0A,0x5352,0x62D9,
0x731D,0x5027,0x5B97,0x5F9E,0x60B0,0x616B,0x68D5,0x6DD9,
0x742E,0x7A2E,0x7D42,0x7D9C,0x7E31,0x816B,     0,     0,
     0,     0,     0,     0,     0,     0,     0,     0,
     0,     0,     0,     0,     0,     0,     0,     0,
     0,     0,     0,     0,     0,     0,     0,     0,
     0,     0,     0,     0,     0,     0,     0,     0,
     0,     0,     0,     0,     0,     0,     0,     0,
     0,     0,     0,     0,     0,     0,     0,     0,
     0,     0,     0,     0,     0,     0,     0,     0,
     0,     0,     0,     0,     0,     0,     0,     0,
     0,     0,     0,     0,     0,     0,     0,     0,
     0,     0,     0,     0,     0,     0,     0,     0,
     0,     0,     0,     0,     0,     0,     0,     0,
     0,     0,     0,     0,     0,     0,     0,     0,
     0,     0,     0,     0,     0,     0,     0,     0,
     0,     0,     0,     0,     0,     0,     0,     0,
     0,     0,     0,     0,     0,     0,     0,     0,
     0,     0,     0,     0,     0,     0,     0,     0,
     0,     0,     0,     0,     0,     0,     0,     0,
     0,     0,     0,     0,     0,     0,     0,     0,
     0,     0,     0,     0,     0,     0,     0,     0,
     0,     0,     0,     0,     0,     0,     0,     0,
0x8E2A,0x8E35,0x937E,0x9418,0x4F50,0x5750,0x5DE6,0x5EA7,
0x632B,0x7F6A,0x4E3B,0x4F4F,0x4F8F,0x505A,0x59DD,0x80C4,
0x546A,0x5468,0x55FE,0x594F,0x5B99,0x5DDE,0x5EDA,0x665D,
0x6731,0x67F1,0x682A,0x6CE8,0x6D32,0x6E4A,0x6F8D,0x70B7,
0x73E0,0x7587,0x7C4C,0x7D02,0x7D2C,0x7DA2,0x821F,0x86DB,
0x8A3B,0x8A85,0x8D70,0x8E8A,0x8F33,0x9031,0x914E,0x9152,
0x9444,0x99D0,0x7AF9,0x7CA5,0x4FCA,0x5101,0x51C6,0x57C8,
0x5BEF,0x5CFB,0x6659,0x6A3D,0x6D5A,0x6E96,0x6FEC,0x710C,
0x756F,0x7AE3,0x8822,0x9021,0x9075,0x96CB,0x99FF,0x8301,
0x4E2D,0x4EF2,0x8846,0x91CD,0x537D,0x6ADB,0x696B,0x6C41,
0x847A,0x589E,0x618E,0x66FE,0x62EF,0x70DD,0x7511,0x75C7,
0x7E52,0x84B8,0x8B49,0x8D08,0x4E4B,0x53EA,     0,     0,
     0,     0,     0,     0,     0,     0,     0,     0,
     0,     0,     0,     0,     0,     0,     0,     0,
     0,     0,     0,     0,     0,     0,     0,     0,
     0,     0,     0,     0,     0,     0,     0,     0,
     0,     0,     0,     0,     0,     0,     0,     0,
     0,     0,     0,     0,     0,     0,     0,     0,
     0,     0,     0,     0,     0,     0,     0,     0,
     0,     0,     0,     0,     0,     0,     0,     0,
     0,     0,     0,     0,     0,     0,     0,     0,
     0,     0,     0,     0,     0,     0,     0,     0,
     0,     0,     0,     0,     0,     0,     0,     0,
     0,     0,     0,     0,     0,     0,     0,     0,
     0,     0,     0,     0,     0,     0,     0,     0,
     0,     0,     0,     0,     0,     0,     0,     0,
     0,     0,     0,     0,     0,     0,     0,     0,
     0,     0,     0,     0,     0,     0,     0,     0,
     0,     0,     0,     0,     0,     0,     0,     0,
     0,     0,     0,     0,     0,     0,     0,     0,
     0,     0,     0,     0,     0,     0,     0,     0,
     0,     0,     0,     0,     0,     0,     0,     0,
0x54AB,0x5730,0x5740,0x5FD7,0x6301,0x6307,0x646F,0x652F,
0x65E8,0x667A,0x679D,0x67B3,0x6B62,0x6C60,0x6C9A,0x6F2C,
0x77E5,0x7825,0x7949,0x7957,0x7D19,0x80A2,0x8102,0x81F3,
0x829D,0x82B7,0x8718,0x8A8C,0xF9FC,0x8D04,0x8DBE,0x9072,
0x76F4,0x7A19,0x7A37,0x7E54,0x8077,0x5507,0x55D4,0x5875,
0x632F,0x6422,0x6649,0x664B,0x686D,0x699B,0x6B84,0x6D25,
0x6EB1,0x73CD,0x7468,0x74A1,0x755B,0x75B9,0x76E1,0x771E,
0x778B,0x79E6,0x7E09,0x7E1D,0x81FB,0x852F,0x8897,0x8A3A,
0x8CD1,0x8EEB,0x8FB0,0x9032,0x93AD,0x9663,0x9673,0x9707,
0x4F84,0x53F1,0x59EA,0x5AC9,0x5E19,0x684E,0x74C6,0x75BE,
0x79E9,0x7A92,0x81A3,0x86ED,0x8CEA,0x8DCC,0x8FED,0x659F,
0x6715,0xF9FD,0x57F7,0x6F57,0x7DDD,0x8F2F,     0,     0,
     0,     0,     0,     0,     0,     0,     0,     0,
     0,     0,     0,     0,     0,     0,     0,     0,
     0,     0,     0,     0,     0,     0,     0,     0,
     0,     0,     0,     0,     0,     0,     0,     0,
     0,     0,     0,     0,     0,     0,     0,     0,
     0,     0,     0,     0,     0,     0,     0,     0,
     0,     0,     0,     0,     0,     0,     0,     0,
     0,     0,     0,     0,     0,     0,     0,     0,
     0,     0,     0,     0,     0,     0,     0,     0,
     0,     0,     0,     0,     0,     0,     0,     0,
     0,     0,     0,     0,     0,     0,     0,     0,
     0,     0,     0,     0,     0,     0,     0,     0,
     0,     0,     0,     0,     0,     0,     0,     0,
     0,     0,     0,     0,     0,     0,     0,     0,
     0,     0,     0,     0,     0,     0,     0,     0,
     0,     0,     0,     0,     0,     0,     0,     0,
     0,     0,     0,     0,     0,     0,     0,     0,
     0,     0,     0,     0,     0,     0,     0,     0,
     0,     0,     0,     0,     0,     0,     0,     0,
     0,     0,     0,     0,     0,     0,     0,     0,
0x93F6,0x96C6,0x5FB5,0x61F2,0x6F84,0x4E14,0x4F98,0x501F,
0x53C9,0x55DF,0x5D6F,0x5DEE,0x6B21,0x6B64,0x78CB,0x7B9A,
0xF9FE,0x8E49,0x8ECA,0x906E,0x6349,0x643E,0x7740,0x7A84,
0x932F,0x947F,0x9F6A,0x64B0,0x6FAF,0x71E6,0x74A8,0x74DA,
0x7AC4,0x7C12,0x7E82,0x7CB2,0x7E98,0x8B9A,0x8D0A,0x947D,
0x9910,0x994C,0x5239,0x5BDF,0x64E6,0x672D,0x7D2E,0x50ED,
0x53C3,0x5879,0x6158,0x6159,0x61FA,0x65AC,0x7AD9,0x8B92,
0x8B96,0x5009,0x5021,0x5275,0x5531,0x5A3C,0x5EE0,0x5F70,
0x6134,0x655E,0x660C,0x6636,0x66A2,0x69CD,0x6EC4,0x6F32,
0x7316,0x7621,0x7A93,0x8139,0x8259,0x83D6,0x84BC,0x50B5,
0x57F0,0x5BC0,0x5BE8,0x5F69,0x63A1,0x7826,0x7DB5,0x83DC,
0x8521,0x91C7,0x91F5,0x518A,0x67F5,0x7B56,     0,     0,
     0,     0,     0,     0,     0,     0,     0,     0,
     0,     0,     0,     0,     0,     0,     0,     0,
     0,     0,     0,     0,     0,     0,     0,     0,
     0,     0,     0,     0,     0,     0,     0,     0,
     0,     0,     0,     0,     0,     0,     0,     0,
     0,     0,     0,     0,     0,     0,     0,     0,
     0,     0,     0,     0,     0,     0,     0,     0,
     0,     0,     0,     0,     0,     0,     0,     0,
     0,     0,     0,     0,     0,     0,     0,     0,
     0,     0,     0,     0,     0,     0,     0,     0,
     0,     0,     0,     0,     0,     0,     0,     0,
     0,     0,     0,     0,     0,     0,     0,     0,
     0,     0,     0,     0,     0,     0,     0,     0,
     0,     0,     0,     0,     0,     0,     0,     0,
     0,     0,     0,     0,     0,     0,     0,     0,
     0,     0,     0,     0,     0,     0,     0,     0,
     0,     0,     0,     0,     0,     0,     0,     0,
     0,     0,     0,     0,     0,     0,     0,     0,
     0,     0,     0,     0,     0,     0,     0,     0,
     0,     0,     0,     0,     0,     0,     0,     0,
0x8CAC,0x51C4,0x59BB,0x60BD,0x8655,0x501C,0xF9FF,0x5254,
0x5C3A,0x617D,0x621A,0x62D3,0x64F2,0x65A5,0x6ECC,0x7620,
0x810A,0x8E60,0x965F,0x96BB,0x4EDF,0x5343,0x5598,0x5929,
0x5DDD,0x64C5,0x6CC9,0x6DFA,0x7394,0x7A7F,0x821B,0x85A6,
0x8CE4,0x8E10,0x9077,0x91E7,0x95E1,0x9621,0x97C6,0x51F8,
0x54F2,0x5586,0x5FB9,0x64A4,0x6F88,0x7DB4,0x8F1F,0x8F4D,
0x9435,0x50C9,0x5C16,0x6CBE,0x6DFB,0x751B,0x77BB,0x7C3D,
0x7C64,0x8A79,0x8AC2,0x581E,0x59BE,0x5E16,0x6377,0x7252,
0x758A,0x776B,0x8ADC,0x8CBC,0x8F12,0x5EF3,0x6674,0x6DF8,
0x807D,0x83C1,0x8ACB,0x9751,0x9BD6,0xFA00,0x5243,0x66FF,
0x6D95,0x6EEF,0x7DE0,0x8AE6,0x902E,0x905E,0x9AD4,0x521D,
0x527F,0x54E8,0x6194,0x6284,0x62DB,0x68A2,     0,     0,
     0,     0,     0,     0,     0,     0,     0,     0,
     0,     0,     0,     0,     0,     0,     0,     0,
     0,     0,     0,     0,     0,     0,     0,     0,
     0,     0,     0,     0,     0,     0,     0,     0,
     0,     0,     0,     0,     0,     0,     0,     0,
     0,     0,     0,     0,     0,     0,     0,     0,
     0,     0,     0,     0,     0,     0,     0,     0,
     0,     0,     0,     0,     0,     0,     0,     0,
     0,     0,     0,     0,     0,     0,     0,     0,
     0,     0,     0,     0,     0,     0,     0,     0,
     0,     0,     0,     0,     0,     0,     0,     0,
     0,     0,     0,     0,     0,     0,     0,     0,
     0,     0,     0,     0,     0,     0,     0,     0,
     0,     0,     0,     0,     0,     0,     0,     0,
     0,     0,     0,     0,     0,     0,     0,     0,
     0,     0,     0,     0,     0,     0,     0,     0,
     0,     0,     0,     0,     0,     0,     0,     0,
     0,     0,     0,     0,     0,     0,     0,     0,
     0,     0,     0,     0,     0,     0,     0,     0,
     0,     0,     0,     0,     0,     0,     0,     0,
0x6912,0x695A,0x6A35,0x7092,0x7126,0x785D,0x7901,0x790E,
0x79D2,0x7A0D,0x8096,0x8278,0x82D5,0x8349,0x8549,0x8C82,
0x8D85,0x9162,0x918B,0x91AE,0x4FC3,0x56D1,0x71ED,0x77D7,
0x8700,0x89F8,0x5BF8,0x5FD6,0x6751,0x90A8,0x53E2,0x585A,
0x5BF5,0x60A4,0x6181,0x6460,0x7E3D,0x8070,0x8525,0x9283,
0x64AE,0x50AC,0x5D14,0x6700,0x589C,0x62BD,0x63A8,0x690E,
0x6978,0x6A1E,0x6E6B,0x76BA,0x79CB,0x82BB,0x8429,0x8ACF,
0x8DA8,0x8FFD,0x9112,0x914B,0x919C,0x9310,0x9318,0x939A,
0x96DB,0x9A36,0x9C0D,0x4E11,0x755C,0x795D,0x7AFA,0x7B51,
0x7BC9,0x7E2E,0x84C4,0x8E59,0x8E74,0x8EF8,0x9010,0x6625,
0x693F,0x7443,0x51FA,0x672E,0x9EDC,0x5145,0x5FE0,0x6C96,
0x87F2,0x885D,0x8877,0x60B4,0x81B5,0x8403,     0,     0,
     0,     0,     0,     0,     0,     0,     0,     0,
     0,     0,     0,     0,     0,     0,     0,     0,
     0,     0,     0,     0,     0,     0,     0,     0,
     0,     0,     0,     0,     0,     0,     0,     0,
     0,     0,     0,     0,     0,     0,     0,     0,
     0,     0,     0,     0,     0,     0,     0,     0,
     0,     0,     0,     0,     0,     0,     0,     0,
     0,     0,     0,     0,     0,     0,     0,     0,
     0,     0,     0,     0,     0,     0,     0,     0,
     0,     0,     0,     0,     0,     0,     0,     0,
     0,     0,     0,     0,     0,     0,     0,     0,
     0,     0,     0,     0,     0,     0,     0,     0,
     0,     0,     0,     0,     0,     0,     0,     0,
     0,     0,     0,     0,     0,     0,     0,     0,
     0,     0,     0,     0,     0,     0,     0,     0,
     0,     0,     0,     0,     0,     0,     0,     0,
     0,     0,     0,     0,     0,     0,     0,     0,
     0,     0,     0,     0,     0,     0,     0,     0,
     0,     0,     0,     0,     0,     0,     0,     0,
     0,     0,     0,     0,     0,     0,     0,     0,
0x8D05,0x53D6,0x5439,0x5634,0x5A36,0x5C31,0x708A,0x7FE0,
0x805A,0x8106,0x81ED,0x8DA3,0x9189,0x9A5F,0x9DF2,0x5074,
0x4EC4,0x53A0,0x60FB,0x6E2C,0x5C64,0x4F88,0x5024,0x55E4,
0x5CD9,0x5E5F,0x6065,0x6894,0x6CBB,0x6DC4,0x71BE,0x75D4,
0x75F4,0x7661,0x7A1A,0x7A49,0x7DC7,0x7DFB,0x7F6E,0x81F4,
0x86A9,0x8F1C,0x96C9,0x99B3,0x9F52,0x5247,0x52C5,0x98ED,
0x89AA,0x4E03,0x67D2,0x6F06,0x4FB5,0x5BE2,0x6795,0x6C88,
0x6D78,0x741B,0x7827,0x91DD,0x937C,0x87C4,0x79E4,0x7A31,
0x5FEB,0x4ED6,0x54A4,0x553E,0x58AE,0x59A5,0x60F0,0x6253,
0x62D6,0x6736,0x6955,0x8235,0x9640,0x99B1,0x99DD,0x502C,
0x5353,0x5544,0x577C,0xFA01,0x6258,0xFA02,0x64E2,0x666B,
0x67DD,0x6FC1,0x6FEF,0x7422,0x7438,0x8A17,     0,     0,
     0,     0,     0,     0,     0,     0,     0,     0,
     0,     0,     0,     0,     0,     0,     0,     0,
     0,     0,     0,     0,     0,     0,     0,     0,
     0,     0,     0,     0,     0,     0,     0,     0,
     0,     0,     0,     0,     0,     0,     0,     0,
     0,     0,     0,     0,     0,     0,     0,     0,
     0,     0,     0,     0,     0,     0,     0,     0,
     0,     0,     0,     0,     0,     0,     0,     0,
     0,     0,     0,     0,     0,     0,     0,     0,
     0,     0,     0,     0,     0,     0,     0,     0,
     0,     0,     0,     0,     0,     0,     0,     0,
     0,     0,     0,     0,     0,     0,     0,     0,
     0,     0,     0,     0,     0,     0,     0,     0,
     0,     0,     0,     0,     0,     0,     0,     0,
     0,     0,     0,     0,     0,     0,     0,     0,
     0,     0,     0,     0,     0,     0,     0,     0,
     0,     0,     0,     0,     0,     0,     0,     0,
     0,     0,     0,     0,     0,     0,     0,     0,
     0,     0,     0,     0,     0,     0,     0,     0,
     0,     0,     0,     0,     0,     0,     0,     0,
0x9438,0x5451,0x5606,0x5766,0x5F48,0x619A,0x6B4E,0x7058,
0x70AD,0x7DBB,0x8A95,0x596A,0x812B,0x63A2,0x7708,0x803D,
0x8CAA,0x5854,0x642D,0x69BB,0x5B95,0x5E11,0x6E6F,0xFA03,
0x8569,0x514C,0x53F0,0x592A,0x6020,0x614B,0x6B86,0x6C70,
0x6CF0,0x7B1E,0x80CE,0x82D4,0x8DC6,0x90B0,0x98B1,0xFA04,
0x64C7,0x6FA4,0x6491,0x6504,0x514E,0x5410,0x571F,0x8A0E,
0x615F,0x6876,0xFA05,0x75DB,0x7B52,0x7D71,0x901A,0x5806,
0x69CC,0x817F,0x892A,0x9000,0x9839,0x5078,0x5957,0x59AC,
0x6295,0x900F,0x9B2A,0x615D,0x7279,0x95D6,0x5761,0x5A46,
0x5DF4,0x628A,0x64AD,0x64FA,0x6777,0x6CE2,0x6D3E,0x722C,
0x7436,0x7834,0x7F77,0x82AD,0x8DDB,0x9817,0x5224,0x5742,
0x677F,0x7248,0x74E3,0x8CA9,0x8FA6,0x9211,     0,     0,
     0,     0,     0,     0,     0,     0,     0,     0,
     0,     0,     0,     0,     0,     0,     0,     0,
     0,     0,     0,     0,     0,     0,     0,     0,
     0,     0,     0,     0,     0,     0,     0,     0,
     0,     0,     0,     0,     0,     0,     0,     0,
     0,     0,     0,     0,     0,     0,     0,     0,
     0,     0,     0,     0,     0,     0,     0,     0,
     0,     0,     0,     0,     0,     0,     0,     0,
     0,     0,     0,     0,     0,     0,     0,     0,
     0,     0,     0,     0,     0,     0,     0,     0,
     0,     0,     0,     0,     0,     0,     0,     0,
     0,     0,     0,     0,     0,     0,     0,     0,
     0,     0,     0,     0,     0,     0,     0,     0,
     0,     0,     0,     0,     0,     0,     0,     0,
     0,     0,     0,     0,     0,     0,     0,     0,
     0,     0,     0,     0,     0,     0,     0,     0,
     0,     0,     0,     0,     0,     0,     0,     0,
     0,     0,     0,     0,     0,     0,     0,     0,
     0,     0,     0,     0,     0,     0,     0,     0,
     0,     0,     0,     0,     0,     0,     0,     0,
0x962A,0x516B,0x53ED,0x634C,0x4F69,0x5504,0x6096,0x6557,
0x6C9B,0x6D7F,0x724C,0x72FD,0x7A17,0x8987,0x8C9D,0x5F6D,
0x6F8E,0x70F9,0x81A8,0x610E,0x4FBF,0x504F,0x6241,0x7247,
0x7BC7,0x7DE8,0x7FE9,0x904D,0x97AD,0x9A19,0x8CB6,0x576A,
0x5E73,0x67B0,0x840D,0x8A55,0x5420,0x5B16,0x5E63,0x5EE2,
0x5F0A,0x6583,0x80BA,0x853D,0x9589,0x965B,0x4F48,0x5305,
0x530D,0x530F,0x5486,0x54FA,0x5703,0x5E03,0x6016,0x629B,
0x62B1,0x6355,0xFA06,0x6CE1,0x6D66,0x75B1,0x7832,0x80DE,
0x812F,0x82DE,0x8461,0x84B2,0x888D,0x8912,0x900B,0x92EA,
0x98FD,0x9B91,0x5E45,0x66B4,0x66DD,0x7011,0x7206,0xFA07,
0x4FF5,0x527D,0x5F6A,0x6153,0x6753,0x6A19,0x6F02,0x74E2,
0x7968,0x8868,0x8C79,0x98C7,0x98C4,0x9A43,     0,     0,
     0,     0,     0,     0,     0,     0,     0,     0,
     0,     0,     0,     0,     0,     0,     0,     0,
     0,     0,     0,     0,     0,     0,     0,     0,
     0,     0,     0,     0,     0,     0,     0,     0,
     0,     0,     0,     0,     0,     0,     0,     0,
     0,     0,     0,     0,     0,     0,     0,     0,
     0,     0,     0,     0,     0,     0,     0,     0,
     0,     0,     0,     0,     0,     0,     0,     0,
     0,     0,     0,     0,     0,     0,     0,     0,
     0,     0,     0,     0,     0,     0,     0,     0,
     0,     0,     0,     0,     0,     0,     0,     0,
     0,     0,     0,     0,     0,     0,     0,     0,
     0,     0,     0,     0,     0,     0,     0,     0,
     0,     0,     0,     0,     0,     0,     0,     0,
     0,     0,     0,     0,     0,     0,     0,     0,
     0,     0,     0,     0,     0,     0,     0,     0,
     0,     0,     0,     0,     0,     0,     0,     0,
     0,     0,     0,     0,     0,     0,     0,     0,
     0,     0,     0,     0,     0,     0,     0,     0,
     0,     0,     0,     0,     0,     0,     0,     0,
0x54C1,0x7A1F,0x6953,0x8AF7,0x8C4A,0x98A8,0x99AE,0x5F7C,
0x62AB,0x75B2,0x76AE,0x88AB,0x907F,0x9642,0x5339,0x5F3C,
0x5FC5,0x6CCC,0x73CC,0x7562,0x758B,0x7B46,0x82FE,0x999D,
0x4E4F,0x903C,0x4E0B,0x4F55,0x53A6,0x590F,0x5EC8,0x6630,
0x6CB3,0x7455,0x8377,0x8766,0x8CC0,0x9050,0x971E,0x9C15,
0x58D1,0x5B78,0x8650,0x8B14,0x9DB4,0x5BD2,0x6068,0x608D,
0x65F1,0x6C57,0x6F22,0x6FA3,0x701A,0x7F55,0x7FF0,0x9591,
0x9592,0x9650,0x97D3,0x5272,0x8F44,0x51FD,0x542B,0x54B8,
0x5563,0x558A,0x6ABB,0x6DB5,0x7DD8,0x8266,0x929C,0x9677,
0x9E79,0x5408,0x54C8,0x76D2,0x86E4,0x95A4,0x95D4,0x965C,
0x4EA2,0x4F09,0x59EE,0x5AE6,0x5DF7,0x6052,0x6297,0x676D,
0x6841,0x6C86,0x6E2F,0x7F38,0x809B,0x822A,     0,     0,
     0,     0,     0,     0,     0,     0,     0,     0,
     0,     0,     0,     0,     0,     0,     0,     0,
     0,     0,     0,     0,     0,     0,     0,     0,
     0,     0,     0,     0,     0,     0,     0,     0,
     0,     0,     0,     0,     0,     0,     0,     0,
     0,     0,     0,     0,     0,     0,     0,     0,
     0,     0,     0,     0,     0,     0,     0,     0,
     0,     0,     0,     0,     0,     0,     0,     0,
     0,     0,     0,     0,     0,     0,     0,     0,
     0,     0,     0,     0,     0,     0,     0,     0,
     0,     0,     0,     0,     0,     0,     0,     0,
     0,     0,     0,     0,     0,     0,     0,     0,
     0,     0,     0,     0,     0,     0,     0,     0,
     0,     0,     0,     0,     0,     0,     0,     0,
     0,     0,     0,     0,     0,     0,     0,     0,
     0,     0,     0,     0,     0,     0,     0,     0,
     0,     0,     0,     0,     0,     0,     0,     0,
     0,     0,     0,     0,     0,     0,     0,     0,
     0,     0,     0,     0,     0,     0,     0,     0,
     0,     0,     0,     0,     0,     0,     0,     0,
0xFA08,0xFA09,0x9805,0x4EA5,0x5055,0x54B3,0x5793,0x595A,
0x5B69,0x5BB3,0x61C8,0x6977,0x6D77,0x7023,0x87F9,0x89E3,
0x8A72,0x8AE7,0x9082,0x99ED,0x9AB8,0x52BE,0x6838,0x5016,
0x5E78,0x674F,0x8347,0x884C,0x4EAB,0x5411,0x56AE,0x73E6,
0x9115,0x97FF,0x9909,0x9957,0x9999,0x5653,0x589F,0x865B,
0x8A31,0x61B2,0x6AF6,0x737B,0x8ED2,0x6B47,0x96AA,0x9A57,
0x5955,0x7200,0x8D6B,0x9769,0x4FD4,0x5CF4,0x5F26,0x61F8,
0x665B,0x6CEB,0x70AB,0x7384,0x73B9,0x73FE,0x7729,0x774D,
0x7D43,0x7D62,0x7E23,0x8237,0x8852,0xFA0A,0x8CE2,0x9249,
0x986F,0x5B51,0x7A74,0x8840,0x9801,0x5ACC,0x4FE0,0x5354,
0x593E,0x5CFD,0x633E,0x6D79,0x72F9,0x8105,0x8107,0x83A2,
0x92CF,0x9830,0x4EA8,0x5144,0x5211,0x578B,     0,     0,
     0,     0,     0,     0,     0,     0,     0,     0,
     0,     0,     0,     0,     0,     0,     0,     0,
     0,     0,     0,     0,     0,     0,     0,     0,
     0,     0,     0,     0,     0,     0,     0,     0,
     0,     0,     0,     0,     0,     0,     0,     0,
     0,     0,     0,     0,     0,     0,     0,     0,
     0,     0,     0,     0,     0,     0,     0,     0,
     0,     0,     0,     0,     0,     0,     0,     0,
     0,     0,     0,     0,     0,     0,     0,     0,
     0,     0,     0,     0,     0,     0,     0,     0,
     0,     0,     0,     0,     0,     0,     0,     0,
     0,     0,     0,     0,     0,     0,     0,     0,
     0,     0,     0,     0,     0,     0,     0,     0,
     0,     0,     0,     0,     0,     0,     0,     0,
     0,     0,     0,     0,     0,     0,     0,     0,
     0,     0,     0,     0,     0,     0,     0,     0,
     0,     0,     0,     0,     0,     0,     0,     0,
     0,     0,     0,     0,     0,     0,     0,     0,
     0,     0,     0,     0,     0,     0,     0,     0,
     0,     0,     0,     0,     0,     0,     0,     0,
0x5F62,0x6CC2,0x6ECE,0x7005,0x7050,0x70AF,0x7192,0x73E9,
0x7469,0x834A,0x87A2,0x8861,0x9008,0x90A2,0x93A3,0x99A8,
0x516E,0x5F57,0x60E0,0x6167,0x66B3,0x8559,0x8E4A,0x91AF,
0x978B,0x4E4E,0x4E92,0x547C,0x58D5,0x58FA,0x597D,0x5CB5,
0x5F27,0x6236,0x6248,0x660A,0x6667,0x6BEB,0x6D69,0x6DCF,
0x6E56,0x6EF8,0x6F94,0x6FE0,0x6FE9,0x705D,0x72D0,0x7425,
0x745A,0x74E0,0x7693,0x795C,0x7CCA,0x7E1E,0x80E1,0x82A6,
0x846B,0x84BF,0x864E,0x865F,0x8774,0x8B77,0x8C6A,0x93AC,
0x9800,0x9865,0x60D1,0x6216,0x9177,0x5A5A,0x660F,0x6DF7,
0x6E3E,0x743F,0x9B42,0x5FFD,0x60DA,0x7B0F,0x54C4,0x5F18,
0x6C5E,0x6CD3,0x6D2A,0x70D8,0x7D05,0x8679,0x8A0C,0x9D3B,
0x5316,0x548C,0x5B05,0x6A3A,0x706B,0x7575,     0,     0,
     0,     0,     0,     0,     0,     0,     0,     0,
     0,     0,     0,     0,     0,     0,     0,     0,
     0,     0,     0,     0,     0,     0,     0,     0,
     0,     0,     0,     0,     0,     0,     0,     0,
     0,     0,     0,     0,     0,     0,     0,     0,
     0,     0,     0,     0,     0,     0,     0,     0,
     0,     0,     0,     0,     0,     0,     0,     0,
     0,     0,     0,     0,     0,     0,     0,     0,
     0,     0,     0,     0,     0,     0,     0,     0,
     0,     0,     0,     0,     0,     0,     0,     0,
     0,     0,     0,     0,     0,     0,     0,     0,
     0,     0,     0,     0,     0,     0,     0,     0,
     0,     0,     0,     0,     0,     0,     0,     0,
     0,     0,     0,     0,     0,     0,     0,     0,
     0,     0,     0,     0,     0,     0,     0,     0,
     0,     0,     0,     0,     0,     0,     0,     0,
     0,     0,     0,     0,     0,     0,     0,     0,
     0,     0,     0,     0,     0,     0,     0,     0,
     0,     0,     0,     0,     0,     0,     0,     0,
     0,     0,     0,     0,     0,     0,     0,     0,
0x798D,0x79BE,0x82B1,0x83EF,0x8A71,0x8B41,0x8CA8,0x9774,
0xFA0B,0x64F4,0x652B,0x78BA,0x78BB,0x7A6B,0x4E38,0x559A,
0x5950,0x5BA6,0x5E7B,0x60A3,0x63DB,0x6B61,0x6665,0x6853,
0x6E19,0x7165,0x74B0,0x7D08,0x9084,0x9A69,0x9C25,0x6D3B,
0x6ED1,0x733E,0x8C41,0x95CA,0x51F0,0x5E4C,0x5FA8,0x604D,
0x60F6,0x6130,0x614C,0x6643,0x6644,0x69A5,0x6CC1,0x6E5F,
0x6EC9,0x6F62,0x714C,0x749C,0x7687,0x7BC1,0x7C27,0x8352,
0x8757,0x9051,0x968D,0x9EC3,0x532F,0x56DE,0x5EFB,0x5F8A,
0x6062,0x6094,0x61F7,0x6666,0x6703,0x6A9C,0x6DEE,0x6FAE,
0x7070,0x736A,0x7E6A,0x81BE,0x8334,0x86D4,0x8AA8,0x8CC4,
0x5283,0x7372,0x5B96,0x6A6B,0x9404,0x54EE,0x5686,0x5B5D,
0x6548,0x6585,0x66C9,0x689F,0x6D8D,0x6DC6,     0,     0,
     0,     0,     0,     0,     0,     0,     0,     0,
     0,     0,     0,     0,     0,     0,     0,     0,
     0,     0,     0,     0,     0,     0,     0,     0,
     0,     0,     0,     0,     0,     0,     0,     0,
     0,     0,     0,     0,     0,     0,     0,     0,
     0,     0,     0,     0,     0,     0,     0,     0,
     0,     0,     0,     0,     0,     0,     0,     0,
     0,     0,     0,     0,     0,     0,     0,     0,
     0,     0,     0,     0,     0,     0,     0,     0,
     0,     0,     0,     0,     0,     0,     0,     0,
     0,     0,     0,     0,     0,     0,     0,     0,
     0,     0,     0,     0,     0,     0,     0,     0,
     0,     0,     0,     0,     0,     0,     0,     0,
     0,     0,     0,     0,     0,     0,     0,     0,
     0,     0,     0,     0,     0,     0,     0,     0,
     0,     0,     0,     0,     0,     0,     0,     0,
     0,     0,     0,     0,     0,     0,     0,     0,
     0,     0,     0,     0,     0,     0,     0,     0,
     0,     0,     0,     0,     0,     0,     0,     0,
     0,     0,     0,     0,     0,     0,     0,     0,
0x723B,0x80B4,0x9175,0x9A4D,0x4FAF,0x5019,0x539A,0x540E,
0x543C,0x5589,0x55C5,0x5E3F,0x5F8C,0x673D,0x7166,0x73DD,
0x9005,0x52DB,0x52F3,0x5864,0x58CE,0x7104,0x718F,0x71FB,
0x85B0,0x8A13,0x6688,0x85A8,0x55A7,0x6684,0x714A,0x8431,
0x5349,0x5599,0x6BC1,0x5F59,0x5FBD,0x63EE,0x6689,0x7147,
0x8AF1,0x8F1D,0x9EBE,0x4F11,0x643A,0x70CB,0x7566,0x8667,
0x6064,0x8B4E,0x9DF8,0x5147,0x51F6,0x5308,0x6D36,0x80F8,
0x9ED1,0x6615,0x6B23,0x7098,0x75D5,0x5403,0x5C79,0x7D07,
0x8A16,0x6B20,0x6B3D,0x6B46,0x5438,0x6070,0x6D3D,0x7FD5,
0x8208,0x50D6,0x51DE,0x559C,0x566B,0x56CD,0x59EC,0x5B09,
0x5E0C,0x6199,0x6198,0x6231,0x665E,0x66E6,0x7199,0x71B9,
0x71BA,0x72A7,0x79A7,0x7A00,0x7FB2,0x8A70};


